id,plateforme,genre,annee,mois,duree_min,pays_origine,abonnes_chaine,vues,likes,commentaires,taux_retention,score_critique,tendance
0,YouTube,Action,2016,5,7,UK,383410,75207,3809,240,87.1,7.1,0
1,YouTube,Documentaire,2015,3,31,UK,750490,42795,312,53,39.9,6.9,0
2,YouTube,Animation,2020,7,35,France,42657,15331,489,216,77.9,6.0,0
3,YouTube,SF,2021,8,44,France,1891,43288,4879,666,57.6,6.5,0
4,YouTube,SF,2021,4,35,USA,763024,3423,148,9,68.9,5.4,0
5,YouTube,Horreur,2023,10,13,France,2874,190461,6367,290,76.9,6.2,1
6,YouTube,Action,2019,8,23,USA,43300,73710,2015,202,50.5,5.9,0
7,YouTube,Animation,2022,2,28,Espagne,13181,354,25,1,75.2,6.9,0
8,YouTube,Drame,2021,12,59,France,9309,6660,1017,92,68.9,8.8,0
9,YouTube,Action,2017,1,33,USA,101579,100,10,2,80.5,6.2,0
10,YouTube,Romance,2022,8,39,UK,35915,133849,2903,737,53.6,7.7,1
11,YouTube,Biopic,2015,6,44,USA,61480,5221,401,34,74.2,6.7,0
12,YouTube,Documentaire,2020,8,23,France,4309,86849,2206,235,81.4,8.2,1
13,YouTube,Documentaire,2023,10,57,France,15550,2267,113,1,61.9,9.1,0
14,YouTube,Documentaire,2020,9,41,Espagne,4726,100,11,1,41.2,5.7,0
15,YouTube,Documentaire,2023,8,51,France,14792,2176914,140217,54791,68.2,3.9,1
16,YouTube,Romance,2015,11,45,UK,17369,4136,100,1,77.2,4.6,0
17,YouTube,Comedie,2019,9,38,Canada,880819,244,22,2,46.0,8.0,0
18,YouTube,Horreur,2022,10,4,France,13111,52281,10117,808,58.8,7.0,0
19,YouTube,SF,2020,5,36,UK,313,483904,32828,725,88.4,5.0,1
20,YouTube,Romance,2022,3,10,France,358678,1797,37,6,54.2,8.9,0
21,YouTube,Thriller,2019,3,37,France,54096,2325,221,29,74.8,6.0,0
22,YouTube,Comedie,2021,8,42,USA,16949,5405,179,29,95.0,6.0,0
23,YouTube,Biopic,2018,7,34,Espagne,9187,185,13,4,66.8,6.1,0
24,YouTube,Documentaire,2022,1,20,France,3314,530,27,3,52.4,8.4,0
25,YouTube,Animation,2016,3,6,France,1062458,256482,14080,5018,85.6,5.4,1
26,YouTube,SF,2017,12,41,Allemagne,24432,2141,274,37,66.8,8.4,0
27,YouTube,Horreur,2015,9,42,France,681,367,28,0,36.4,7.3,0
28,YouTube,Romance,2021,10,30,Allemagne,42424,962,105,2,73.9,8.5,0
29,YouTube,SF,2017,3,43,UK,245817,43567,2278,57,37.2,7.6,0
30,YouTube,SF,2017,1,47,USA,30117,100,16,0,74.0,7.0,0
31,YouTube,Drame,2022,4,32,Canada,3629,5634,450,46,67.5,7.5,0
32,YouTube,Action,2018,11,5,UK,3034,1404998,20348,25803,91.2,6.6,1
33,YouTube,Romance,2016,7,52,France,3516,478138,49932,6191,91.2,5.4,1
34,YouTube,Horreur,2015,10,29,Espagne,461998,12494,1302,177,75.6,7.5,0
35,YouTube,Action,2017,6,41,Espagne,19085,80106,10660,660,60.8,6.4,1
36,YouTube,Horreur,2023,6,54,Allemagne,767,78203,778,2043,71.6,8.4,0
37,YouTube,Horreur,2019,8,23,UK,47489,2176,400,10,54.9,8.3,0
38,YouTube,Drame,2023,12,38,USA,29204,30091,2419,1133,75.4,7.4,0
39,YouTube,Animation,2016,6,4,USA,8975,260786,51426,3341,53.6,8.0,1
40,YouTube,Comedie,2018,8,53,France,2861,126,22,3,78.5,7.2,0
41,YouTube,Documentaire,2016,12,6,USA,2623,12602,1082,139,78.6,7.3,0
42,YouTube,Documentaire,2018,5,33,UK,193545,7359,442,44,90.5,5.6,0
43,YouTube,Thriller,2020,11,23,UK,36135,3858,34,55,34.8,6.9,0
44,YouTube,Action,2022,7,5,USA,57370,3092,875,29,44.8,7.2,0
45,YouTube,Biopic,2018,11,29,USA,35936,5319,900,38,48.4,7.1,0
46,YouTube,SF,2021,6,56,UK,42420,6561,1761,30,44.1,6.9,0
47,YouTube,Horreur,2020,8,12,USA,8631,48851,3590,190,73.9,6.8,0
48,YouTube,Animation,2017,4,19,Espagne,14593,9811,777,100,66.1,9.6,0
49,YouTube,Documentaire,2023,8,13,UK,226346,1910,44,10,87.4,6.7,0
50,YouTube,Documentaire,2018,4,10,France,372942,365,43,2,90.2,7.6,0
51,YouTube,Comedie,2016,8,16,France,1911,914,108,1,73.0,6.5,0
52,YouTube,Thriller,2023,10,35,UK,14522,5726,962,164,60.9,7.0,0
53,YouTube,SF,2023,6,47,USA,118015,510,26,1,49.5,5.2,0
54,YouTube,SF,2015,6,42,Canada,949945,31719,4987,164,80.1,5.6,0
55,YouTube,Action,2023,4,46,France,777562,8735,2313,74,77.9,5.8,0
56,YouTube,Romance,2023,9,43,France,4484,51990,7757,343,87.0,4.4,0
57,YouTube,Comedie,2022,8,24,USA,282121,603,144,1,75.3,6.7,0
58,YouTube,Documentaire,2017,7,54,UK,24767,373,29,1,74.8,5.2,0
59,YouTube,Animation,2020,1,12,Espagne,177874,51028,7195,343,66.8,4.9,0
60,YouTube,Biopic,2019,2,42,Allemagne,106570,4125,187,101,69.2,9.8,0
61,YouTube,Documentaire,2020,1,9,USA,1758,1796,260,1,73.3,8.3,0
62,YouTube,Thriller,2020,11,46,Canada,66167,17096,2321,263,59.4,9.6,0
63,YouTube,Biopic,2020,11,7,France,164619,15578,1285,513,77.9,6.4,0
64,YouTube,SF,2019,1,15,USA,21156,129,11,2,69.3,6.1,0
65,YouTube,Thriller,2021,1,25,Allemagne,13458,94998,7023,394,80.5,7.2,1
66,YouTube,Biopic,2019,10,42,USA,950,1068,65,17,85.0,7.1,0
67,YouTube,Thriller,2015,7,5,Espagne,86442,208990,20162,378,62.9,6.1,1
68,YouTube,Action,2015,4,17,France,33439,106,3,1,70.7,5.4,0
69,YouTube,SF,2023,8,22,France,3482,6591,939,61,66.8,7.5,0
70,YouTube,Documentaire,2023,3,44,USA,11479,1874,117,3,87.3,4.2,0
71,YouTube,Comedie,2020,3,57,Allemagne,30001,100,5,0,60.3,7.5,0
72,YouTube,SF,2016,5,38,USA,7206,15452,2037,294,67.0,6.1,0
73,YouTube,Comedie,2022,11,31,Canada,22144,100,19,2,72.8,7.8,0
74,YouTube,Animation,2016,10,22,France,665,1437,134,3,77.9,8.2,0
75,YouTube,SF,2018,3,49,UK,327369,47131,4718,22,74.0,7.5,0
76,YouTube,Thriller,2017,7,9,USA,22738,792,100,24,68.8,4.8,0
77,YouTube,Drame,2015,11,10,France,2443,311,30,1,33.9,4.3,0
78,YouTube,Romance,2022,12,14,UK,160,22046,1033,427,84.6,4.2,0
79,YouTube,Animation,2019,10,18,UK,172520,1597,87,13,85.6,5.8,0
80,YouTube,Biopic,2017,2,29,USA,67250,1082,60,1,19.8,4.4,0
81,YouTube,SF,2019,3,56,France,33569,72220,11407,658,88.6,6.5,0
82,YouTube,Comedie,2015,3,40,France,123908,161,15,1,50.0,5.2,0
83,YouTube,Horreur,2018,2,24,Espagne,123228,944,49,3,48.8,5.7,0
84,YouTube,Animation,2019,3,15,UK,32496,26006,2124,218,66.5,6.5,0
85,YouTube,Documentaire,2018,4,39,Canada,13247,137,3,1,52.3,7.1,0
86,YouTube,Action,2022,7,17,UK,9563,252298,20570,258,82.5,5.3,1
87,YouTube,Thriller,2017,5,58,Canada,51117,1733,45,18,62.8,5.9,0
88,YouTube,Documentaire,2016,6,30,France,360073,26537,2935,105,19.9,7.0,0
89,YouTube,Horreur,2019,3,34,USA,17929,26399,4167,221,68.8,6.3,0
90,YouTube,SF,2022,2,54,UK,422081,2037,345,14,53.7,6.3,0
91,YouTube,Horreur,2018,12,20,France,46458,900,59,23,75.1,7.5,0
92,YouTube,Horreur,2015,8,29,France,47163,2677,230,28,49.3,5.2,0
93,YouTube,Thriller,2023,3,33,UK,2703935,17706,1136,22,92.1,7.8,0
94,YouTube,Horreur,2018,10,18,Allemagne,600403,253,13,1,44.6,9.9,0
95,YouTube,Drame,2016,10,6,UK,632362,147,5,2,76.6,6.9,0
96,YouTube,Drame,2020,12,19,France,4468,121845,21247,176,79.6,5.8,1
97,YouTube,Animation,2017,2,9,Espagne,1766242,474,47,20,76.5,4.3,0
98,YouTube,Animation,2023,8,41,France,18686,7224,210,28,77.7,5.8,0
99,YouTube,Comedie,2017,12,3,France,13974,1798,207,22,53.8,7.0,0
100,YouTube,Horreur,2019,10,21,Espagne,293,2008,343,12,45.8,6.3,0
101,YouTube,Comedie,2019,3,53,Canada,42301,106507,12054,1151,45.5,6.4,1
102,YouTube,Horreur,2017,11,35,Espagne,2523,2409,92,5,75.4,6.3,0
103,YouTube,Action,2019,6,41,Canada,49836,1221,118,3,54.3,5.8,0
104,YouTube,Documentaire,2015,6,41,UK,2157,1518,92,18,30.8,6.4,0
105,YouTube,Documentaire,2020,7,20,France,802429,846,52,7,61.5,5.3,0
106,YouTube,Documentaire,2021,10,39,USA,66379,558,28,3,83.0,6.6,0
107,YouTube,Animation,2023,2,15,Espagne,2104825,855,10,19,82.3,6.7,0
108,YouTube,SF,2017,7,39,Allemagne,2846,190617,15752,420,79.7,8.6,1
109,YouTube,Documentaire,2017,10,41,USA,488140,17654,1087,112,45.2,5.3,0
110,YouTube,Drame,2019,7,52,USA,598,1257,107,2,73.6,7.6,0
111,YouTube,Documentaire,2021,4,55,France,33394,34687,3815,209,91.9,7.8,0
112,YouTube,Romance,2023,1,4,USA,6227,100,14,0,24.8,6.1,0
113,YouTube,SF,2015,7,20,Allemagne,8991,92892,1431,1210,78.1,5.5,1
114,YouTube,Romance,2017,9,34,France,7840,75954,2275,541,90.9,8.5,0
115,YouTube,Romance,2017,7,21,USA,3535,798775,37933,1172,68.1,4.5,1
116,YouTube,Action,2017,12,38,Espagne,1773,37379,5697,165,89.8,5.3,0
117,YouTube,Comedie,2019,8,51,USA,9091,8893,1414,11,56.1,4.9,0
118,YouTube,Drame,2022,7,17,USA,27779,75195,5369,799,87.8,5.5,0
119,YouTube,Comedie,2015,1,53,USA,225796,623,52,5,64.3,6.1,0
120,YouTube,SF,2022,7,53,France,39763,1109,14,1,91.7,8.7,0
121,YouTube,Animation,2020,3,55,France,227085,2538,330,5,71.7,5.9,0
122,YouTube,Animation,2020,9,7,France,1145,91327,6829,2988,68.3,9.7,1
123,YouTube,SF,2021,2,19,France,9265,350,11,0,73.1,7.9,0
124,YouTube,Horreur,2016,11,10,France,91309,269,15,2,48.8,5.7,0
125,YouTube,Romance,2021,4,9,USA,43755,5384,132,40,60.5,5.8,0
126,YouTube,Action,2017,6,6,France,3934,17922,2035,35,87.1,6.8,0
127,YouTube,Documentaire,2019,2,28,Espagne,142648,514,30,2,41.8,6.6,0
128,YouTube,Romance,2021,3,7,France,7611,15931,1594,349,80.0,4.8,0
129,YouTube,Animation,2020,12,19,USA,4653,91217,16582,647,65.0,5.4,1
130,YouTube,Romance,2017,4,58,Allemagne,58331,59943,2386,212,75.1,4.2,0
131,YouTube,Romance,2018,7,53,France,22299,7210,100,18,93.1,9.1,0
132,YouTube,Action,2019,12,56,USA,7740,2376,40,4,70.0,6.7,0
133,YouTube,Romance,2015,8,5,Canada,7231,228446,16910,792,78.4,6.0,1
134,YouTube,Documentaire,2021,1,40,USA,2592,3097,475,27,51.9,5.5,0
135,YouTube,Thriller,2015,5,39,France,9981,31284,3495,380,56.6,5.7,0
136,YouTube,Animation,2019,5,10,UK,198792,398596,21683,2080,46.1,4.3,1
137,YouTube,Action,2020,4,54,UK,35921,24056,1272,343,45.7,6.7,0
138,YouTube,Thriller,2015,3,26,USA,149819,246,5,4,95.0,7.7,0
139,YouTube,SF,2023,7,58,France,61829,134,6,2,77.3,8.9,0
140,YouTube,Biopic,2018,5,9,France,6473,1416,276,12,48.5,7.7,0
141,YouTube,Drame,2015,4,40,Canada,813,17566,1440,142,83.4,7.6,0
142,YouTube,Drame,2020,5,10,USA,3450,9063,920,29,77.7,8.2,0
143,YouTube,SF,2020,5,57,France,5753,742445,143183,4988,70.6,6.3,1
144,YouTube,Biopic,2020,3,37,USA,4928,8845,372,206,71.1,4.5,0
145,YouTube,Horreur,2021,6,7,Allemagne,156692,1314,95,1,64.0,7.7,0
146,YouTube,Action,2019,12,15,France,153457,175,13,1,44.9,5.4,0
147,YouTube,Drame,2022,7,23,France,1837211,57016,3016,319,49.2,6.4,0
148,YouTube,Horreur,2018,8,3,USA,4781,2936,153,36,71.9,5.0,0
149,YouTube,Action,2019,12,3,UK,537614,100,12,0,71.8,8.2,0
150,YouTube,Horreur,2016,8,55,USA,531009,3151,41,6,78.3,7.8,0
151,YouTube,Drame,2020,3,58,Allemagne,13842,247,6,6,87.2,4.4,0
152,YouTube,Biopic,2017,5,33,France,56789,1028,31,5,85.3,6.7,0
153,YouTube,Drame,2021,6,54,USA,263409,3027,328,1,91.0,8.1,0
154,YouTube,SF,2022,6,40,USA,19577,310,17,3,89.7,6.3,0
155,YouTube,Animation,2022,2,4,USA,16767,880,35,13,42.0,6.5,0
156,YouTube,Comedie,2023,2,43,USA,6281,463,65,3,50.3,8.0,0
157,YouTube,Romance,2016,5,4,Canada,196,496,11,8,63.6,6.1,0
158,YouTube,Romance,2016,11,49,USA,25360,239,49,6,85.4,6.4,0
159,YouTube,Documentaire,2023,9,23,UK,5325,891,71,4,58.6,7.7,0
160,YouTube,Biopic,2018,11,11,France,2563,318,18,3,45.3,5.0,0
161,YouTube,Animation,2015,3,17,USA,51245,12919,199,17,67.9,5.5,0
162,YouTube,SF,2017,5,41,USA,1208,4924,322,102,45.6,3.9,0
163,YouTube,SF,2022,7,51,USA,110432,59088,1552,304,85.1,9.5,0
164,YouTube,SF,2018,6,35,France,57942,333286,45026,1101,62.7,6.7,1
165,YouTube,Horreur,2015,6,12,Espagne,9893,16208,1569,150,64.9,8.1,0
166,YouTube,Thriller,2021,5,54,Allemagne,19406,9172,1561,461,90.0,4.7,0
167,YouTube,Comedie,2016,1,48,Canada,2037,18974,604,474,40.8,8.4,0
168,YouTube,Thriller,2018,11,26,Allemagne,98782,9570,532,2,66.6,6.1,0
169,YouTube,Action,2015,12,34,France,32039,3379,669,70,70.0,8.6,0
170,YouTube,Comedie,2020,1,57,USA,37186,2770,101,51,64.6,6.2,0
171,YouTube,Action,2019,5,24,USA,60100,231,5,1,88.1,4.9,0
172,YouTube,Documentaire,2022,7,4,Allemagne,6094,24277,1324,577,41.6,8.1,0
173,YouTube,Documentaire,2018,10,11,France,1055,2756,244,3,75.7,6.6,0
174,YouTube,Animation,2016,12,37,France,149437,111725,12630,481,79.7,4.7,1
175,YouTube,SF,2016,5,59,UK,87328,29373,1561,772,86.1,4.0,0
176,YouTube,Documentaire,2016,9,45,France,7549,623,68,15,69.3,7.1,0
177,YouTube,Comedie,2019,12,38,UK,49922,67287,6321,719,56.2,6.5,0
178,YouTube,Biopic,2015,10,21,France,272650,100,5,0,62.0,6.8,0
179,YouTube,Romance,2018,4,28,UK,214786,371596,9705,6283,79.8,6.9,1
180,YouTube,Biopic,2022,10,5,Allemagne,7121,104,15,1,52.7,6.3,0
181,YouTube,Comedie,2021,5,24,UK,1121,10278,967,79,84.0,7.1,0
182,YouTube,SF,2020,1,38,France,1580,8677,1488,190,19.3,7.6,0
183,YouTube,Animation,2023,10,54,France,11808,49478,5414,80,69.2,6.3,0
184,YouTube,SF,2022,11,55,France,410296,1310,47,32,63.8,7.3,0
185,YouTube,SF,2020,5,49,France,5131,100,13,1,61.0,7.4,0
186,YouTube,Comedie,2022,6,4,USA,6683,1315,22,6,61.3,8.1,0
187,YouTube,Thriller,2016,5,49,USA,6413,1723,377,6,27.7,3.2,0
188,YouTube,Drame,2022,2,15,France,7604,100,8,0,49.7,5.9,0
189,YouTube,Thriller,2017,12,38,France,21537,3339,308,50,88.9,7.3,0
190,YouTube,Animation,2021,1,56,Espagne,1702,202,3,2,34.2,9.6,0
191,YouTube,Animation,2023,7,53,France,192667,15103,1884,78,95.0,8.3,0
192,YouTube,Animation,2019,1,40,USA,16487,1611,325,6,77.9,8.3,0
193,YouTube,Thriller,2015,9,20,USA,3135405,401409,34201,8910,54.1,10.0,1
194,YouTube,Biopic,2018,11,32,France,2106,1571,207,20,81.8,6.4,0
195,YouTube,Action,2018,8,43,Allemagne,529523,8742,97,113,63.8,9.6,0
196,YouTube,Thriller,2023,8,32,France,356001,1749,301,2,56.1,7.5,0
197,YouTube,Comedie,2023,10,26,UK,9668,100,11,1,80.6,5.0,0
198,YouTube,Thriller,2020,12,25,UK,9995,1786,64,23,60.5,3.9,0
199,YouTube,Biopic,2023,11,37,Canada,3489,19604,559,25,43.3,6.2,0
200,YouTube,Thriller,2018,3,5,UK,3570,13426,743,18,71.7,7.5,0
201,YouTube,Biopic,2018,7,59,Canada,21999,1432,179,5,71.6,6.1,0
202,YouTube,SF,2022,10,8,USA,22957,100,5,0,75.6,6.7,0
203,YouTube,Animation,2021,4,59,USA,893,14930,1142,203,77.0,9.4,0
204,YouTube,SF,2019,9,5,UK,2163008,8507,1007,73,89.1,6.6,0
205,YouTube,Drame,2019,1,32,USA,13107,24551,2111,317,84.4,9.4,0
206,YouTube,Documentaire,2021,11,26,USA,25115,1502,84,7,73.5,7.7,0
207,YouTube,Biopic,2021,8,35,France,6295,100,25,1,35.2,8.1,0
208,YouTube,Drame,2019,9,27,France,12912,11320,1630,296,84.7,6.2,0
209,YouTube,Documentaire,2015,10,54,USA,10767,2913,506,74,36.9,6.4,0
210,YouTube,Drame,2015,3,3,France,21897,96684,1829,511,82.4,6.5,1
211,YouTube,Documentaire,2016,6,59,USA,21393,3202,59,73,48.5,6.4,0
212,YouTube,Documentaire,2019,11,42,France,110164,2660,401,27,83.0,7.5,0
213,YouTube,SF,2020,2,47,USA,34698,8460,579,25,80.1,8.4,0
214,YouTube,Documentaire,2022,10,10,UK,90090,670,145,2,61.4,10.0,0
215,YouTube,Drame,2017,4,6,USA,21598,594,43,0,65.6,5.5,0
216,YouTube,Action,2022,7,25,UK,34979,2333,187,28,82.6,6.5,0
217,YouTube,Action,2020,7,21,France,13594,298,21,1,61.8,8.0,0
218,YouTube,SF,2015,9,47,France,163770,1681,158,16,32.3,6.6,0
219,YouTube,Biopic,2018,11,54,UK,41992,380371,49457,2225,88.9,4.6,1
220,YouTube,Comedie,2017,5,27,Canada,16056,40399,13260,679,71.3,7.7,0
221,YouTube,SF,2022,3,46,UK,15126,6438,429,34,47.6,5.3,0
222,YouTube,Documentaire,2023,6,6,UK,17703,144234,10141,1441,62.1,6.8,1
223,YouTube,Drame,2022,8,45,UK,23409,379,5,1,77.7,9.1,0
224,YouTube,Documentaire,2019,10,8,UK,19678,1507705,49701,31487,83.6,7.6,1
225,YouTube,Thriller,2019,10,41,UK,7203,942,20,2,69.0,7.4,0
226,YouTube,Horreur,2017,5,24,UK,101701,446642,46143,4628,36.5,8.7,1
227,YouTube,Romance,2021,12,26,France,115399,441753,56076,5293,50.9,6.3,1
228,YouTube,Romance,2015,1,18,France,780518,100,2,1,89.4,7.0,0
229,YouTube,Comedie,2017,2,25,USA,6586,116743,15733,380,49.4,6.2,1
230,YouTube,SF,2016,1,52,USA,83523,1465,126,7,77.9,7.7,0
231,YouTube,Horreur,2019,12,49,Canada,483,720,196,18,70.8,4.5,0
232,YouTube,Action,2017,3,22,USA,115622,11065,371,167,63.8,5.2,0
233,YouTube,Documentaire,2016,8,19,France,1196,239,17,9,62.6,6.5,0
234,YouTube,SF,2018,10,32,Canada,3075,10456,591,46,86.7,7.4,0
235,YouTube,Documentaire,2022,10,42,France,42806,283,35,2,70.3,9.4,0
236,YouTube,Animation,2020,12,13,Canada,6355,4641,187,59,65.3,5.2,0
237,YouTube,SF,2022,1,44,France,4833,83986,9930,309,89.6,6.4,1
238,YouTube,Thriller,2023,5,57,USA,8352,7834,117,132,74.0,6.9,0
239,YouTube,Animation,2023,7,51,USA,94774,1212,70,15,89.4,4.8,0
240,YouTube,Comedie,2018,9,34,France,3409,11539,1463,74,90.6,5.4,0
241,YouTube,Romance,2022,8,21,France,19765,100,5,1,67.2,3.8,0
242,YouTube,Action,2023,7,21,France,10328,366,51,1,43.9,7.3,0
243,YouTube,Animation,2023,4,45,USA,113525,1016,24,0,40.6,5.3,0
244,YouTube,Animation,2018,2,28,USA,120071,21314,906,34,70.2,8.3,0
245,YouTube,Action,2017,6,9,Canada,560,8221,809,48,82.1,7.1,0
246,YouTube,Documentaire,2020,4,41,France,178121,11360,1482,31,63.1,6.2,0
247,YouTube,SF,2023,7,10,USA,6493,2783,188,11,46.5,5.4,0
248,YouTube,Documentaire,2023,10,59,France,35333,415,46,6,70.7,7.1,0
249,YouTube,Action,2020,7,26,Espagne,3368,123043,4383,718,61.3,6.1,1
250,YouTube,Comedie,2016,7,22,Canada,46270,520,56,4,87.5,7.3,0
251,YouTube,SF,2018,1,6,Espagne,3622583,8498,841,23,61.3,8.2,0
252,YouTube,Comedie,2021,8,12,Allemagne,28405,2252,137,2,60.3,5.4,0
253,YouTube,Thriller,2020,6,57,USA,8780,12179,2097,68,32.0,5.8,0
254,YouTube,Animation,2018,2,33,UK,13844,656,23,0,70.5,8.4,0
255,YouTube,Comedie,2018,3,54,USA,1166,41427,565,51,42.5,8.6,0
256,YouTube,Animation,2015,10,57,Allemagne,399483,93497,11825,249,42.0,5.1,1
257,YouTube,Comedie,2017,12,5,USA,41182,35536,5045,129,70.9,5.2,0
258,YouTube,Comedie,2021,7,24,USA,2703,4420,239,23,82.4,5.2,0
259,YouTube,Romance,2017,12,50,Allemagne,2885,1004,83,13,67.7,6.9,0
260,YouTube,Documentaire,2023,3,31,Canada,22710,3454814,807066,20149,68.3,4.4,1
261,YouTube,Comedie,2015,4,32,Espagne,142058,249,14,5,82.8,6.6,0
262,YouTube,Drame,2020,12,35,France,2203,26986,563,132,85.4,6.4,0
263,YouTube,Biopic,2019,3,43,France,204192,6849,718,85,44.5,5.6,0
264,YouTube,Biopic,2022,8,56,USA,18338,2549,109,18,37.5,6.6,0
265,YouTube,Romance,2022,3,53,USA,3427,4735,534,52,72.8,6.6,0
266,YouTube,SF,2019,4,38,USA,8643,832,90,7,67.2,6.0,0
267,YouTube,Thriller,2020,6,35,France,727309,8670,1226,142,66.6,9.0,0
268,YouTube,Animation,2021,5,23,Canada,1371,6581,2190,35,92.1,5.9,0
269,YouTube,Romance,2019,11,9,France,5096,2407580,218150,26122,76.2,6.6,1
270,YouTube,Drame,2016,12,43,UK,148029,43349,840,62,32.0,5.6,0
271,YouTube,Action,2018,7,3,Allemagne,33959,10826,3111,45,82.8,8.0,0
272,YouTube,Comedie,2017,7,42,UK,4525,12567,3219,134,88.5,4.8,0
273,YouTube,Biopic,2019,1,31,USA,151688,296215,39703,678,60.7,6.7,1
274,YouTube,SF,2020,3,47,France,166806,263,31,6,52.5,5.1,0
275,YouTube,SF,2016,1,57,France,42735,1887,57,11,78.5,3.9,0
276,YouTube,SF,2017,11,34,UK,6471,100,13,2,58.1,5.5,0
277,YouTube,Documentaire,2022,3,35,USA,8807,12051,407,30,40.4,5.5,0
278,YouTube,Action,2018,5,30,France,38923,24845,2192,581,77.1,7.3,0
279,YouTube,Action,2016,11,24,Espagne,1597,247,11,5,78.4,5.2,0
280,YouTube,Drame,2021,9,8,UK,313504,107764,6183,692,70.3,3.4,1
281,YouTube,SF,2021,8,4,Canada,660279,494,63,8,80.4,3.5,0
282,YouTube,Animation,2022,1,44,USA,13740,1266,21,15,62.8,6.7,0
283,YouTube,SF,2021,7,55,Espagne,44900,4019,574,27,86.5,7.2,0
284,YouTube,SF,2023,7,6,France,236004,160410,4672,1116,67.5,6.8,1
285,YouTube,Biopic,2020,4,21,France,1100331,348,54,2,55.3,5.9,0
286,YouTube,Comedie,2017,9,37,Allemagne,495817,6174,499,16,42.0,7.0,0
287,YouTube,Romance,2022,12,43,Allemagne,684,20683,1231,89,42.7,3.7,0
288,YouTube,Romance,2017,4,44,USA,11718,12347,348,82,91.1,3.5,0
289,YouTube,SF,2017,4,42,France,59956,13541,1742,87,58.7,4.3,0
290,YouTube,Horreur,2022,4,7,USA,8197,20005,3349,9,63.7,6.2,0
291,YouTube,Drame,2022,11,17,Canada,778818,744,43,10,63.4,7.7,0
292,YouTube,Biopic,2018,1,29,Canada,573062,202693,16902,3627,64.2,5.0,1
293,YouTube,Thriller,2021,11,6,USA,4307,2257,120,21,60.6,5.2,0
294,YouTube,Romance,2023,10,22,France,15917,1620,523,13,54.9,7.4,0
295,YouTube,Romance,2022,6,24,UK,4919,86600,3915,106,44.4,5.9,1
296,YouTube,Horreur,2015,8,58,UK,14909,616,49,21,69.2,6.8,0
297,YouTube,SF,2020,11,21,USA,14032,6638,937,26,89.5,6.6,0
298,YouTube,Drame,2016,10,58,USA,148526,489,32,2,32.2,4.6,0
299,YouTube,Action,2022,4,42,Espagne,3725,1620247,141077,9043,35.7,9.2,1
300,YouTube,Thriller,2015,1,42,France,117,957074,78581,2792,81.3,5.2,1
301,YouTube,Horreur,2023,8,49,USA,889,2262,272,24,81.8,9.3,0
302,YouTube,Action,2016,2,51,UK,2816,10934,827,85,81.6,7.3,0
303,YouTube,Horreur,2018,2,15,USA,5934,3019,629,9,77.3,6.9,0
304,YouTube,Romance,2017,12,26,Allemagne,32027,1247,99,18,66.7,4.3,0
305,YouTube,Comedie,2022,6,33,UK,2541,4020,198,9,24.6,7.0,0
306,YouTube,Thriller,2018,8,58,USA,1954,2693,96,33,88.9,6.4,0
307,YouTube,Romance,2021,3,5,France,3432,100,13,1,84.7,6.2,0
308,YouTube,Thriller,2015,2,30,UK,2365,5753,617,86,65.6,4.5,0
309,YouTube,Comedie,2019,1,15,France,7266,2681,242,11,83.5,7.8,0
310,YouTube,Animation,2023,5,14,France,6670,6506,925,56,89.9,7.9,0
311,YouTube,Animation,2023,1,46,USA,87388,2455,225,0,94.6,3.9,0
312,YouTube,Comedie,2016,6,14,USA,3044,1210,73,12,85.6,5.6,0
313,YouTube,Drame,2018,4,48,Espagne,10773,26563,1562,1426,77.8,6.1,0
314,YouTube,Drame,2018,7,59,UK,7405,11303,1252,171,69.1,7.0,0
315,YouTube,Animation,2020,8,47,Canada,111053,97745,10916,194,80.4,6.7,1
316,YouTube,Documentaire,2019,4,12,USA,16178,10268,372,26,72.5,6.4,0
317,YouTube,Documentaire,2015,6,11,USA,180122,1818,219,18,44.6,7.2,0
318,YouTube,Biopic,2021,1,27,Espagne,2197,13931,1007,111,87.1,9.3,0
319,YouTube,Documentaire,2017,4,34,USA,19955,100,5,0,47.6,6.1,0
320,YouTube,Thriller,2017,12,47,Canada,6961,573320,37223,113,69.3,8.0,1
321,YouTube,Comedie,2022,12,27,USA,1896,5919,180,158,30.6,9.1,0
322,YouTube,Animation,2021,6,12,France,19244,701614,36616,9124,52.8,8.8,1
323,YouTube,Biopic,2018,12,59,USA,704931,339,31,7,60.1,7.5,0
324,YouTube,Biopic,2023,7,54,France,4000,182,9,4,37.9,7.5,0
325,YouTube,Drame,2018,2,40,France,17070,7439,695,157,81.6,7.1,0
326,YouTube,Drame,2020,11,42,France,1596,7378,766,113,52.7,9.0,0
327,YouTube,Action,2017,5,56,France,1189,6943,642,396,47.0,5.9,0
328,YouTube,Comedie,2016,8,30,USA,4561,4743,616,37,60.0,5.9,0
329,YouTube,Romance,2019,8,11,Allemagne,8955,619,35,6,58.7,5.5,0
330,YouTube,Romance,2020,4,37,USA,9787,100,4,1,33.1,10.0,0
331,YouTube,Thriller,2022,9,28,Canada,14015,6050,355,47,70.5,8.8,0
332,YouTube,Thriller,2018,7,48,USA,815,120,5,0,90.8,5.6,0
333,YouTube,Horreur,2023,5,46,France,6298,100,14,2,85.3,4.7,0
334,YouTube,SF,2020,4,29,France,60085,1151,183,56,74.1,6.2,0
335,YouTube,Horreur,2015,9,23,Espagne,1456,8748,224,60,57.4,6.6,0
336,YouTube,Biopic,2021,3,27,UK,10826,429079,91335,4664,53.5,6.9,1
337,YouTube,Thriller,2020,2,39,Allemagne,39564,34480,4993,57,88.0,4.2,0
338,YouTube,Drame,2018,11,39,USA,4607,107263,8314,508,74.3,5.4,1
339,YouTube,Biopic,2019,4,32,UK,43610,15277,732,74,90.9,8.3,0
340,YouTube,Animation,2017,8,33,Canada,1051,7458,473,3,73.1,7.4,0
341,YouTube,Drame,2020,9,59,Espagne,130209,1566690,133209,69498,83.8,5.5,1
342,YouTube,Animation,2020,11,17,France,45779,109,4,2,32.9,8.0,0
343,YouTube,Romance,2019,8,12,Espagne,24620,1060,109,30,59.5,8.0,0
344,YouTube,Biopic,2017,9,48,USA,208905,1289,44,10,50.0,9.8,0
345,YouTube,Drame,2018,11,56,Canada,11399,27830,1376,79,78.8,6.2,0
346,YouTube,Biopic,2019,12,37,USA,6401,258,43,6,88.6,5.5,0
347,YouTube,Biopic,2019,1,25,USA,342863,20101,1676,329,54.3,6.3,0
348,YouTube,Comedie,2017,9,22,USA,874608,12697,415,175,60.1,7.9,0
349,YouTube,Comedie,2020,3,29,Canada,5503,22773,2669,103,47.9,4.6,0
350,YouTube,Romance,2017,11,5,France,17544,21764,4083,221,82.2,6.5,0
351,YouTube,Action,2019,1,33,USA,178097,139497,20972,569,88.9,6.6,1
352,YouTube,Drame,2016,3,18,USA,18839,2635,186,20,52.6,8.5,0
353,YouTube,SF,2019,3,18,UK,72343,11219,2025,101,23.3,5.7,0
354,YouTube,Biopic,2022,8,34,USA,104904,472,21,2,47.7,6.3,0
355,YouTube,Biopic,2022,1,57,UK,7153,267,39,6,88.7,7.3,0
356,YouTube,Comedie,2021,1,14,USA,50947,245750,25834,1528,42.6,5.6,1
357,YouTube,Horreur,2021,7,54,UK,21755,391,22,11,54.8,5.3,0
358,YouTube,Action,2015,12,32,UK,1931,14813,809,66,78.1,9.3,0
359,YouTube,Documentaire,2018,7,58,UK,3043,11244,259,12,78.2,7.3,0
360,YouTube,Horreur,2020,6,24,Canada,5973,56243,2153,303,66.0,8.3,0
361,YouTube,Horreur,2022,8,59,USA,141073,100,4,1,30.0,7.6,0
362,YouTube,Drame,2020,7,40,France,150650,27667,672,427,86.3,6.3,0
363,YouTube,Horreur,2022,5,41,UK,98698,2578,215,7,66.3,5.6,0
364,YouTube,Comedie,2017,8,35,France,53115,665,37,5,72.0,5.7,0
365,YouTube,Romance,2016,1,28,France,50294,1592,292,7,38.3,5.4,0
366,YouTube,SF,2015,3,32,Canada,38373,39812,4903,806,83.2,5.4,0
367,YouTube,Thriller,2020,9,51,USA,49771,18547,1683,150,54.2,5.3,0
368,YouTube,Action,2020,5,48,USA,56995,2165,257,99,75.6,7.7,0
369,YouTube,Documentaire,2017,1,4,Espagne,1327,172,29,1,64.9,5.1,0
370,YouTube,Thriller,2022,2,42,France,4534,206,22,5,90.8,8.6,0
371,YouTube,Animation,2021,11,50,France,2813,19586,1038,94,45.0,7.6,0
372,YouTube,SF,2018,4,45,France,201650,122,16,1,93.1,7.5,0
373,YouTube,Thriller,2017,1,31,France,602112,2218,145,1,63.6,6.9,0
374,YouTube,Horreur,2021,9,22,UK,287,2428247,42924,5305,51.3,7.1,1
375,YouTube,Action,2021,7,41,Canada,503646,9404,301,6,31.3,5.9,0
376,YouTube,Documentaire,2016,6,40,USA,26198,19065,1691,61,76.6,5.2,0
377,YouTube,Documentaire,2017,11,24,France,166948,210,36,1,94.6,5.8,0
378,YouTube,Thriller,2019,4,26,USA,60653,138,12,2,95.0,4.5,0
379,YouTube,Drame,2019,7,24,France,392695,21797,3635,688,87.6,7.2,0
380,YouTube,Action,2016,9,5,UK,33506,1471,129,11,69.6,5.0,0
381,YouTube,Biopic,2023,8,4,UK,1440,56053,5930,446,36.0,7.5,0
382,YouTube,Biopic,2018,3,7,France,17830,4263,274,48,30.4,7.5,0
383,YouTube,Drame,2018,9,27,Canada,61778,21658465,2204219,44160,67.8,6.9,1
384,YouTube,Action,2015,9,32,Canada,14300,915,88,19,74.9,5.7,0
385,YouTube,Comedie,2022,2,26,USA,82081,7885,262,61,84.8,5.2,0
386,YouTube,Action,2017,2,57,UK,19314,409,132,3,77.2,5.4,0
387,YouTube,Horreur,2023,9,15,UK,6694,50523,3733,978,67.7,5.1,0
388,YouTube,Horreur,2019,2,25,France,2510,11513,1498,165,94.3,6.5,0
389,YouTube,Comedie,2022,11,17,France,10060,346,51,4,76.7,6.3,0
390,YouTube,Documentaire,2016,2,20,UK,33161,1731,93,12,36.2,9.4,0
391,YouTube,Comedie,2016,12,36,Espagne,437,118135,12635,3242,94.6,9.3,1
392,YouTube,Thriller,2022,9,20,USA,4627,87489,1998,575,74.9,8.8,1
393,YouTube,Romance,2022,6,21,USA,406,111,9,2,32.5,6.2,0
394,YouTube,Documentaire,2019,4,41,UK,6411,1194,151,15,78.1,4.4,0
395,YouTube,Horreur,2015,5,50,USA,241501,363484,12170,2344,61.7,6.8,1
396,YouTube,Action,2023,9,15,France,2054,2520,300,1,27.4,6.1,0
397,YouTube,Comedie,2018,10,9,USA,89887,6054,53,26,45.6,6.6,0
398,YouTube,Drame,2023,3,16,Allemagne,6567542,49877,3401,368,95.0,7.1,0
399,YouTube,Thriller,2022,7,35,Canada,403154,136,17,1,85.0,7.6,0
400,YouTube,Biopic,2022,12,57,Allemagne,28768,365,37,4,58.5,3.8,0
401,YouTube,Documentaire,2021,4,12,France,122622,1704,130,3,69.2,8.4,0
402,YouTube,Thriller,2021,9,5,USA,1423,77773,5551,59,29.3,7.9,0
403,YouTube,Biopic,2019,3,33,USA,946,48992,11276,1532,37.9,5.6,0
404,YouTube,SF,2015,11,59,France,23327,23142,3600,18,28.8,7.8,0
405,YouTube,Romance,2018,3,34,France,48884,2702,330,26,40.5,6.1,0
406,YouTube,SF,2021,4,55,Canada,196576,64468,10962,68,84.9,6.6,0
407,YouTube,Comedie,2022,6,39,UK,7061,2613,145,86,67.5,6.3,0
408,YouTube,Biopic,2020,5,4,UK,32428,16234,1351,23,59.7,5.4,0
409,YouTube,Action,2021,3,27,France,30279,37425,1698,67,71.4,4.6,0
410,YouTube,Comedie,2015,8,46,USA,16936,266212,18025,8870,70.8,10.0,1
411,YouTube,Drame,2019,1,32,France,19054,3324,306,79,32.9,7.4,0
412,YouTube,Drame,2019,12,14,France,3986,1546,112,8,30.1,6.7,0
413,YouTube,Comedie,2023,1,13,USA,38538,97507,9274,4105,60.9,9.2,1
414,YouTube,Action,2017,5,40,USA,32535,118140,12007,42,80.2,4.0,1
415,YouTube,Animation,2017,12,29,Espagne,9135,983,170,0,74.4,6.1,0
416,YouTube,Biopic,2018,2,35,USA,83412,241,20,1,78.6,5.6,0
417,YouTube,Comedie,2016,1,24,France,172071,80626,4712,5287,55.2,5.8,1
418,YouTube,Drame,2020,9,22,France,85370,100,5,0,70.7,6.5,0
419,YouTube,Romance,2020,1,40,UK,2738,100,20,1,80.3,5.8,0
420,YouTube,Biopic,2022,11,3,France,26884,1957,190,52,92.3,3.8,0
421,YouTube,Animation,2023,6,27,France,3558,3851,302,35,76.5,5.0,0
422,YouTube,Documentaire,2015,11,24,USA,26718,210,30,1,92.7,5.1,0
423,YouTube,Romance,2017,3,47,France,3586,5190,219,76,77.0,5.8,0
424,YouTube,SF,2017,2,44,UK,283318,5803,941,20,35.1,5.1,0
425,YouTube,Comedie,2017,12,27,USA,105520,896,64,12,58.2,6.2,0
426,YouTube,Horreur,2022,10,17,France,221013,481018,63079,4615,95.0,6.3,1
427,YouTube,Horreur,2016,11,16,Canada,180492,8728,583,31,89.1,3.3,0
428,YouTube,Action,2015,4,15,USA,12820,50072,4426,303,79.2,4.9,0
429,YouTube,Documentaire,2022,5,18,UK,9402,100,11,1,69.1,6.8,0
430,YouTube,Action,2023,7,46,France,717442,100,9,1,63.5,6.3,0
431,YouTube,Documentaire,2017,6,5,UK,15831,9415,956,80,75.6,3.9,0
432,YouTube,Horreur,2017,3,4,France,1466,307781,10870,1886,84.4,7.7,1
433,YouTube,Comedie,2019,5,33,USA,165203,238,27,2,86.2,7.4,0
434,YouTube,SF,2019,8,15,France,29364,4266,492,9,74.9,10.0,0
435,YouTube,Comedie,2023,1,50,Espagne,447704,135,8,0,46.4,9.1,0
436,YouTube,Romance,2018,5,45,France,35808,494,75,12,44.9,5.2,0
437,YouTube,Biopic,2015,4,46,Allemagne,21162,4830,375,1,72.5,6.3,0
438,YouTube,Action,2018,1,29,Allemagne,466140,869,43,5,82.2,6.5,0
439,YouTube,Thriller,2020,2,27,USA,1015,113,10,0,61.5,8.4,0
440,YouTube,Biopic,2019,6,27,USA,6831,107,4,3,86.5,6.1,0
441,YouTube,Thriller,2019,2,14,USA,3734,100,10,0,92.5,8.5,0
442,YouTube,Comedie,2023,5,35,Espagne,273,9812,1016,7,64.0,6.9,0
443,YouTube,SF,2022,7,52,UK,126292,13279,155,190,51.0,5.3,0
444,YouTube,Romance,2017,11,17,USA,7223,13113,1329,27,50.4,4.7,0
445,YouTube,Animation,2018,2,6,France,134690,307,22,1,62.3,8.0,0
446,YouTube,Thriller,2021,6,35,Canada,47962,36859,1997,214,88.6,8.0,0
447,YouTube,Biopic,2018,2,25,France,74182,17447,1535,55,71.5,8.1,0
448,YouTube,Romance,2018,6,48,France,8859,3035,83,23,90.1,2.6,0
449,YouTube,Drame,2016,6,51,France,4776,2014,97,36,87.5,6.3,0
450,YouTube,Biopic,2017,10,57,USA,26357,588,105,5,81.5,8.4,0
451,YouTube,Biopic,2021,6,25,Allemagne,138459,4819,162,9,62.7,4.4,0
452,YouTube,SF,2022,12,54,Canada,19915,169926,11350,1963,88.7,7.4,1
453,YouTube,Action,2022,2,9,France,5410,51258,2641,331,43.7,5.7,0
454,YouTube,Romance,2017,1,24,USA,2002,1571,137,10,91.3,5.1,0
455,YouTube,Romance,2016,1,18,Canada,33134,11459,597,43,78.8,5.4,0
456,YouTube,Comedie,2016,5,55,USA,7272,189,14,1,71.6,8.9,0
457,YouTube,Animation,2018,3,37,France,19082,18493,1038,260,91.7,7.8,0
458,YouTube,Horreur,2019,2,23,USA,13662,373,58,5,82.0,6.3,0
459,YouTube,Comedie,2023,3,11,UK,9055,16741,1698,769,68.2,9.8,0
460,YouTube,Documentaire,2023,12,47,Espagne,39640,4988672,123251,9091,75.8,3.8,1
461,YouTube,Comedie,2015,10,40,UK,66769,716,16,3,43.3,5.5,0
462,YouTube,Documentaire,2021,1,51,France,1121926,4443746,118998,103418,38.6,8.9,1
463,YouTube,SF,2017,11,27,UK,100301,10163,1331,14,85.3,6.2,0
464,YouTube,Action,2016,3,11,France,533580,457,15,3,58.3,6.2,0
465,YouTube,Biopic,2019,5,22,Allemagne,4284,408,30,1,55.6,6.3,0
466,YouTube,Comedie,2015,4,38,USA,896,1101726,104752,8520,86.5,5.8,1
467,YouTube,Romance,2018,5,16,France,21399,10223,1134,60,85.5,7.9,0
468,YouTube,Comedie,2019,10,7,USA,122523,723,8,1,82.9,5.3,0
469,YouTube,Biopic,2017,9,49,France,89529,1792,40,18,44.2,10.0,0
470,YouTube,Documentaire,2020,8,33,France,248391,8751,736,9,88.6,4.4,0
471,YouTube,Horreur,2019,8,25,USA,137,2916,184,9,88.4,9.0,0
472,YouTube,SF,2022,9,34,Canada,269939,7078,420,1,80.3,7.7,0
473,YouTube,SF,2016,3,45,Canada,43084,251205,9932,1540,62.4,5.5,1
474,YouTube,Animation,2015,5,3,USA,1004,177,31,0,95.0,6.9,0
475,YouTube,Documentaire,2019,2,28,France,93625,14936,266,141,63.1,7.8,0
476,YouTube,Horreur,2017,9,17,USA,30914,2484,19,93,52.9,7.4,0
477,YouTube,Action,2021,6,8,USA,47214,856,74,0,56.2,3.6,0
478,YouTube,Animation,2015,8,5,France,162465,43496,3118,358,88.5,7.1,0
479,YouTube,Comedie,2020,7,28,Allemagne,52080,100,16,1,88.6,4.4,0
480,YouTube,Drame,2023,4,34,Espagne,1157,100,7,0,68.2,8.1,0
481,YouTube,Horreur,2015,2,31,France,16546,5225,599,14,52.8,8.1,0
482,YouTube,Drame,2017,12,47,Canada,866,2110,132,22,70.4,4.4,0
483,YouTube,Documentaire,2022,4,29,UK,80670,101,15,1,86.1,3.5,0
484,YouTube,SF,2019,2,36,France,360750,100,4,0,66.0,6.0,0
485,YouTube,Drame,2016,4,49,UK,1839,371975,42812,2225,89.9,6.1,1
486,YouTube,Thriller,2016,11,40,France,5750,9485,429,40,76.9,6.5,0
487,YouTube,Romance,2021,4,54,France,3771,3131,54,15,93.7,7.1,0
488,YouTube,Documentaire,2022,12,15,Espagne,8885,720796,64252,8311,70.6,6.3,1
489,YouTube,Animation,2018,6,47,UK,50254,38374,4009,434,82.2,6.7,0
490,YouTube,Biopic,2019,11,42,France,9080,248498,5740,230,95.0,5.2,1
491,YouTube,Horreur,2022,8,36,USA,81231,156,11,1,67.9,5.0,0
492,YouTube,Documentaire,2016,1,3,Espagne,185490,142,2,1,42.7,7.4,0
493,YouTube,Animation,2016,7,33,USA,199489,13942,973,197,84.2,7.3,0
494,YouTube,Drame,2021,6,51,Allemagne,2353,8402,165,57,61.8,6.0,0
495,YouTube,SF,2016,3,39,Allemagne,352165,67788,593,638,60.4,4.9,0
496,YouTube,Comedie,2021,7,3,USA,413389,100,2,1,29.0,8.8,0
497,YouTube,Thriller,2019,2,19,UK,491570,17309,259,38,71.5,9.1,0
498,YouTube,Biopic,2023,9,35,UK,16064,35354,4644,372,85.5,8.2,0
499,YouTube,SF,2015,10,49,Canada,4896,30959,3007,415,41.1,7.4,0
500,YouTube,Comedie,2023,2,28,USA,3076,1078,18,1,64.9,4.9,0
501,YouTube,Animation,2017,6,51,France,2431,10900,1702,140,78.2,8.4,0
502,YouTube,Biopic,2015,8,48,France,22547,428,23,8,39.2,7.4,0
503,YouTube,Horreur,2021,1,18,UK,120054,1433,30,17,76.0,5.0,0
504,YouTube,Drame,2019,5,14,Canada,300474,219,43,2,50.4,7.6,0
505,YouTube,SF,2022,4,54,Canada,8340,447,8,4,89.3,5.7,0
506,YouTube,Romance,2015,1,36,USA,20386,1632,90,11,49.2,7.7,0
507,YouTube,Drame,2015,10,51,France,17883,873,47,4,68.0,8.2,0
508,YouTube,Drame,2020,6,55,France,6182,447,44,5,80.8,7.3,0
509,YouTube,Drame,2022,10,27,Canada,95941,115,7,2,47.1,5.2,0
510,YouTube,Biopic,2018,8,5,USA,45510,401410,20941,4184,89.5,7.4,1
511,YouTube,Documentaire,2022,11,54,Canada,29250,852,200,8,54.2,7.3,0
512,YouTube,Horreur,2023,12,36,France,45098,6801,193,25,87.3,5.4,0
513,YouTube,Horreur,2022,8,9,USA,75425,100,8,3,64.3,6.0,0
514,YouTube,Biopic,2019,5,33,Allemagne,73930,88798,12341,309,70.6,9.4,1
515,YouTube,Comedie,2021,6,4,France,4117,4527,645,30,64.3,9.0,0
516,YouTube,Horreur,2019,10,19,France,132277,982,25,1,76.8,5.7,0
517,YouTube,Action,2021,6,22,UK,36707,1004,132,12,50.6,3.5,0
518,YouTube,SF,2020,7,28,USA,9235,26200,3470,359,36.0,8.7,0
519,YouTube,Romance,2019,3,35,Espagne,35187,100,5,0,36.8,9.7,0
520,YouTube,Thriller,2018,12,50,Allemagne,43868,379,9,1,93.1,8.9,0
521,YouTube,Comedie,2020,8,23,UK,191677,2213,209,28,95.0,6.0,0
522,YouTube,Comedie,2021,4,44,France,2718,2150,75,5,79.2,7.5,0
523,YouTube,Horreur,2023,8,56,USA,311753,1564817,196154,14554,50.4,5.1,1
524,YouTube,Thriller,2020,5,45,Allemagne,23071,1281,264,5,80.8,8.1,0
525,YouTube,Thriller,2015,2,17,USA,8003,35438,1082,804,66.2,5.6,0
526,YouTube,Biopic,2020,11,41,Espagne,7528,276272,3917,102,66.1,5.5,1
527,YouTube,Comedie,2017,11,19,UK,2972,15939,2524,470,57.7,6.4,0
528,YouTube,Biopic,2015,11,30,France,677,553,5,0,78.0,5.7,0
529,YouTube,Biopic,2015,5,39,USA,85374,120,9,1,75.5,7.6,0
530,YouTube,Romance,2020,4,19,UK,1157499,19217,109,654,71.9,5.2,0
531,YouTube,Comedie,2023,1,3,France,866,182145,8574,1391,58.2,10.0,1
532,YouTube,Comedie,2019,9,50,USA,3291,11671,248,43,78.1,7.3,0
533,YouTube,Drame,2019,4,44,UK,99028,65096,11246,191,60.6,6.0,0
534,YouTube,Romance,2015,11,10,France,20105,1943240,107744,32664,71.3,5.0,1
535,YouTube,Comedie,2021,11,24,USA,116872,24183,1216,242,76.7,6.0,0
536,YouTube,SF,2015,2,17,UK,17971,190,20,4,73.3,6.2,0
537,YouTube,Comedie,2022,12,58,Canada,6896,3386,650,15,81.6,6.1,0
538,YouTube,Romance,2022,2,56,USA,14021,91632,261,1353,37.6,5.8,1
539,YouTube,Action,2023,6,42,Espagne,187,1600,170,15,31.1,5.3,0
540,YouTube,Documentaire,2017,6,28,Allemagne,2237,128574,9615,28,73.9,7.9,1
541,YouTube,Action,2016,12,5,USA,146760,2521,234,16,38.5,8.6,0
542,YouTube,Comedie,2017,8,17,France,238899,6876,653,16,86.6,5.2,0
543,YouTube,Comedie,2022,11,8,Canada,366712,1240,28,14,65.9,6.4,0
544,YouTube,Horreur,2016,8,48,France,53196,4441,437,36,90.0,3.8,0
545,YouTube,Action,2022,10,8,Canada,241,5070,331,6,93.9,5.7,0
546,YouTube,SF,2016,11,41,USA,6185,100,1,1,54.1,9.5,0
547,YouTube,Romance,2015,11,57,USA,311548,988,71,1,59.4,8.3,0
548,YouTube,Romance,2016,5,20,USA,565863,136,20,2,79.3,7.4,0
549,YouTube,Animation,2021,5,41,USA,336144,1077,46,4,45.7,4.8,0
550,YouTube,Horreur,2020,12,53,Allemagne,13732,408,85,8,89.2,5.5,0
551,YouTube,Thriller,2018,10,27,France,1614,37404,13279,273,73.4,5.7,0
552,YouTube,Horreur,2020,12,28,Allemagne,20307,38503,2402,230,72.2,8.0,0
553,YouTube,Thriller,2020,7,14,France,22688,12097,445,135,70.7,8.5,0
554,YouTube,Biopic,2019,12,27,Canada,504402,125,5,2,54.2,6.5,0
555,YouTube,Romance,2019,9,52,Allemagne,34737,2332,171,12,62.2,7.9,0
556,YouTube,Documentaire,2015,9,40,USA,22773,102,9,0,70.6,5.4,0
557,YouTube,Horreur,2017,3,14,France,25514,2062,123,16,80.4,7.0,0
558,YouTube,Documentaire,2019,7,33,Canada,49006,15041,491,208,62.2,8.1,0
559,YouTube,Horreur,2016,9,43,Canada,77101,35605,3649,310,40.2,8.9,0
560,YouTube,Romance,2019,10,7,USA,5171,9721,240,36,57.0,4.8,0
561,YouTube,Action,2016,12,46,USA,2656,69298,9821,357,67.6,8.7,0
562,YouTube,SF,2022,4,14,Canada,341504,5706,833,47,43.4,10.0,0
563,YouTube,Comedie,2015,4,19,France,827,1662,106,5,54.0,4.4,0
564,YouTube,Horreur,2015,12,26,UK,582739,26480,2590,109,87.0,4.1,0
565,YouTube,Drame,2020,12,31,USA,482,28744,1866,437,82.7,9.0,0
566,YouTube,Drame,2016,3,55,France,6842,803,105,8,77.5,6.0,0
567,YouTube,Drame,2018,5,15,Canada,153846,7688,566,62,69.6,6.3,0
568,YouTube,Animation,2017,12,17,USA,22041,1428,52,33,88.3,8.4,0
569,YouTube,Romance,2016,3,24,Espagne,1582,100,6,1,68.7,5.3,0
570,YouTube,Biopic,2021,10,51,USA,51681,8957,863,18,56.0,7.0,0
571,YouTube,SF,2021,2,58,USA,25185,117,14,0,83.2,4.6,0
572,YouTube,Drame,2017,3,28,USA,14298,6772,250,21,62.1,7.9,0
573,YouTube,Action,2021,10,42,USA,6324,100,7,0,49.5,7.9,0
574,YouTube,Action,2021,8,55,Canada,20553,493,53,1,77.0,6.9,0
575,YouTube,Thriller,2019,7,51,UK,6878,1008,57,1,88.8,6.7,0
576,YouTube,Biopic,2020,11,41,Canada,2867827,60132,7298,657,56.6,6.6,0
577,YouTube,Romance,2023,4,33,USA,13629,785,35,5,71.3,6.4,0
578,YouTube,Horreur,2019,7,59,France,10430,202,32,0,82.6,6.5,0
579,YouTube,Comedie,2018,8,16,France,7455,7412,815,28,88.5,7.9,0
580,YouTube,Action,2019,9,23,Canada,769812,1732,263,14,70.3,4.0,0
581,YouTube,Horreur,2022,4,43,USA,830,21512,410,11,80.9,9.4,0
582,YouTube,Comedie,2021,8,4,USA,45200,237,20,3,63.5,6.9,0
583,YouTube,Action,2015,6,31,USA,13648,5049,186,36,54.4,10.0,0
584,YouTube,SF,2019,7,51,USA,1278,1431047,85673,24128,82.8,7.0,1
585,YouTube,Biopic,2021,11,13,UK,4280,1638,271,28,81.7,6.7,0
586,YouTube,Animation,2017,5,48,UK,41519,4754,150,47,93.7,7.6,0
587,YouTube,Action,2023,9,26,Espagne,3909,100,12,1,80.1,4.8,0
588,YouTube,Horreur,2022,12,52,France,37016,353,11,1,78.7,5.0,0
589,YouTube,Horreur,2022,10,39,USA,699629,9407,1026,45,74.2,6.3,0
590,YouTube,Horreur,2015,12,11,France,30983,1306,137,27,71.7,6.7,0
591,YouTube,Biopic,2020,8,44,Canada,1203,13850,1014,6,71.3,8.2,0
592,YouTube,Drame,2019,4,6,UK,4049,8624,185,167,84.7,6.8,0
593,YouTube,Biopic,2020,12,16,USA,12446,110,3,2,79.7,8.8,0
594,YouTube,Thriller,2022,8,53,Canada,10889,37732,5157,754,85.3,2.6,0
595,YouTube,Horreur,2018,3,52,USA,29852,133,23,2,36.8,9.3,0
596,YouTube,Romance,2019,4,5,France,41146,440,33,1,51.8,6.0,0
597,YouTube,Documentaire,2021,4,24,USA,701555,5290,426,63,65.8,7.7,0
598,YouTube,Animation,2021,11,8,France,21863,149875,7308,2128,66.6,8.4,1
599,YouTube,Animation,2021,2,18,Allemagne,2198,242,52,1,55.1,4.7,0
600,YouTube,Animation,2018,9,58,UK,221374,4312,616,11,71.3,8.8,0
601,YouTube,Documentaire,2023,7,14,Canada,275419,4403,1191,82,56.0,7.8,0
602,YouTube,Documentaire,2015,1,39,Allemagne,35062,15419,1612,512,55.1,9.3,0
603,YouTube,Comedie,2019,8,48,Canada,13456,57530,3609,69,34.1,6.7,0
604,YouTube,Horreur,2020,10,53,USA,76503,1085,62,6,78.9,6.6,0
605,YouTube,Romance,2015,9,23,France,14441,37407,5361,28,83.0,5.5,0
606,YouTube,Thriller,2019,7,42,USA,360,82934,1427,748,87.9,5.6,1
607,YouTube,Romance,2020,5,30,Espagne,67978,257789,47599,103,87.2,6.5,1
608,YouTube,Biopic,2020,2,9,Espagne,131203,10454,772,190,60.5,7.5,0
609,YouTube,Horreur,2016,1,15,Canada,393239,4418,444,21,68.7,7.8,0
610,YouTube,Horreur,2017,5,45,France,5107,910,59,4,65.4,5.1,0
611,YouTube,SF,2017,8,42,France,34624,100,11,0,20.2,6.5,0
612,YouTube,Documentaire,2020,1,32,Allemagne,36156,1487,232,0,77.1,7.0,0
613,YouTube,Thriller,2017,12,47,France,26128,3947,18,15,63.2,3.4,0
614,YouTube,Animation,2020,8,42,USA,27714,2267,234,4,47.9,7.9,0
615,YouTube,Animation,2021,4,22,USA,23724,13283,392,45,79.5,6.2,0
616,YouTube,Drame,2022,12,19,USA,33640,100,4,1,67.9,6.6,0
617,YouTube,Drame,2016,3,56,UK,96892,1891,255,6,60.7,8.8,0
618,YouTube,Action,2023,12,58,Espagne,252855,436665,35673,806,52.0,5.1,1
619,YouTube,Comedie,2016,4,4,Canada,4852,35918,519,35,61.3,5.3,0
620,YouTube,SF,2015,5,48,USA,15605,13911,381,122,49.3,3.2,0
621,YouTube,SF,2015,6,10,USA,9459,7916,670,48,81.0,6.5,0
622,YouTube,Comedie,2016,12,52,Allemagne,7105,1195,24,34,58.7,8.2,0
623,YouTube,SF,2022,4,36,USA,869,100,14,0,25.0,3.4,0
624,YouTube,Animation,2016,12,42,USA,23119,9347,2011,50,65.1,5.1,0
625,YouTube,Drame,2021,5,42,UK,57448,100,3,0,68.5,6.8,0
626,YouTube,Thriller,2018,4,37,France,16152,1320,63,48,68.7,5.9,0
627,YouTube,Thriller,2015,8,17,France,21635,2953,271,47,64.8,5.9,0
628,YouTube,Romance,2018,9,49,Allemagne,50862,974,23,6,76.0,6.8,0
629,YouTube,Thriller,2015,5,34,UK,370363,679055,18357,12139,90.1,9.4,1
630,YouTube,Documentaire,2019,2,34,France,9513,285174,5902,1183,85.5,6.7,1
631,YouTube,Thriller,2020,5,21,France,2114,39420,1419,131,85.1,7.0,0
632,YouTube,SF,2019,7,3,Espagne,18381,294,33,13,93.5,7.3,0
633,YouTube,Thriller,2017,1,34,UK,952764,363501,45195,1147,63.4,3.7,1
634,YouTube,Comedie,2021,1,22,UK,2160,14008,2066,8,70.3,7.1,0
635,YouTube,Animation,2020,12,40,France,80843,282,26,5,82.1,4.3,0
636,YouTube,Drame,2017,1,23,Espagne,223200,3235,239,12,63.6,6.6,0
637,YouTube,Drame,2018,5,58,Allemagne,194,32742,4440,39,44.9,8.2,0
638,YouTube,Documentaire,2015,10,41,USA,50033,667,86,17,69.1,6.0,0
639,YouTube,Biopic,2023,4,28,USA,73630,4235,538,150,46.3,8.2,0
640,YouTube,Animation,2021,6,43,UK,12904,6576,391,65,44.8,4.0,0
641,YouTube,Biopic,2017,2,39,Canada,6045,190,12,2,86.8,7.0,0
642,YouTube,Horreur,2021,10,38,Canada,6759,1517,76,18,42.1,7.0,0
643,YouTube,SF,2021,8,35,Espagne,11417,229,21,1,73.3,2.6,0
644,YouTube,Documentaire,2020,11,56,UK,12037,26151,1456,430,80.3,7.4,0
645,YouTube,Thriller,2015,11,21,USA,8253,307,11,7,92.8,2.1,0
646,YouTube,SF,2022,5,27,USA,11059,6182,237,15,46.2,6.9,0
647,YouTube,Romance,2023,1,17,Canada,238371,100,6,1,67.9,7.3,0
648,YouTube,Biopic,2023,5,35,France,1941,175,10,0,73.9,6.0,0
649,YouTube,Horreur,2023,2,59,France,666,155,22,0,29.7,6.8,0
650,YouTube,SF,2023,7,37,UK,246118,1445,271,15,59.9,10.0,0
651,YouTube,Animation,2021,2,14,USA,15002,4679,273,64,85.3,5.8,0
652,YouTube,Drame,2015,12,55,Canada,10132,7419,607,213,95.0,4.8,0
653,YouTube,Horreur,2019,8,48,France,17633,100,7,1,36.0,9.7,0
654,YouTube,Romance,2017,4,28,USA,33474,1955,71,22,41.0,6.9,0
655,YouTube,Romance,2016,12,11,France,7722,456,34,0,84.3,8.3,0
656,YouTube,Documentaire,2022,10,25,UK,60588,11332,443,38,78.8,4.1,0
657,YouTube,Animation,2022,6,48,Canada,3214,1526,248,15,92.6,2.9,0
658,YouTube,Action,2019,2,35,USA,12044,2435,245,5,63.3,5.2,0
659,YouTube,Drame,2021,5,13,USA,262,462,16,13,66.3,6.3,0
660,YouTube,Comedie,2016,8,12,France,229687,222263,20598,1332,68.5,5.8,1
661,YouTube,Documentaire,2016,10,58,UK,15488,120,2,2,37.9,5.8,0
662,YouTube,Action,2022,4,28,Espagne,84137,1097,31,3,95.0,3.7,0
663,YouTube,Drame,2019,9,42,Canada,57133,3901,177,71,68.9,6.9,0
664,YouTube,Romance,2019,4,23,France,66146,1590,126,18,21.6,6.1,0
665,YouTube,Animation,2019,3,8,UK,21686,441,42,6,71.3,3.2,0
666,YouTube,Romance,2016,6,26,France,47880,100,1,0,28.9,6.1,0
667,YouTube,Horreur,2022,2,42,France,3220,529,61,1,88.3,6.3,0
668,YouTube,Biopic,2021,5,22,France,2116,270,10,3,67.4,8.1,0
669,YouTube,Comedie,2021,5,37,France,17993,198404,10721,463,49.7,5.7,1
670,YouTube,Biopic,2018,4,27,France,5655,857468,83440,15254,79.6,8.0,1
671,YouTube,Animation,2020,10,22,Canada,381142,2625,95,5,84.1,7.8,0
672,YouTube,Animation,2023,4,17,France,46643,100,6,3,73.6,5.3,0
673,YouTube,Action,2020,9,17,Canada,5255,18865,1607,5,54.9,7.5,0
674,YouTube,Animation,2019,9,17,Espagne,12796,256,22,9,39.8,8.2,0
675,YouTube,Documentaire,2017,8,43,USA,28739,755,73,2,93.6,8.2,0
676,YouTube,Romance,2019,4,22,USA,19225,618,21,3,75.8,7.1,0
677,YouTube,Action,2018,10,45,Canada,37929,852,77,5,23.6,6.4,0
678,YouTube,Romance,2020,3,20,France,25268,1228,121,25,87.6,4.5,0
679,YouTube,Biopic,2015,4,21,USA,1364,111,6,1,90.2,8.3,0
680,YouTube,Documentaire,2016,11,55,USA,298,515,41,6,51.3,4.3,0
681,YouTube,Comedie,2022,5,52,Canada,10433,38172,2752,1054,95.0,6.3,0
682,YouTube,Biopic,2018,9,25,Canada,67574,2741,257,6,40.3,8.1,0
683,YouTube,Biopic,2018,1,18,Canada,10670,4077,465,108,70.0,5.0,0
684,YouTube,Comedie,2019,8,43,UK,261222,100,4,4,70.6,6.5,0
685,YouTube,Horreur,2018,11,6,USA,20054,31871,3988,309,40.4,4.1,0
686,YouTube,SF,2021,9,29,Canada,332498,537,24,0,83.5,6.0,0
687,YouTube,Romance,2017,7,37,Allemagne,220533,49509,808,1082,41.7,5.0,0
688,YouTube,SF,2021,11,41,USA,180335,4383,393,23,55.4,5.3,0
689,YouTube,Documentaire,2016,4,9,Espagne,1984,731,10,24,47.2,7.4,0
690,YouTube,Biopic,2018,5,3,Allemagne,22794,100,2,1,94.9,7.5,0
691,YouTube,Documentaire,2020,1,18,USA,254116,684959,44537,7958,74.6,5.6,1
692,YouTube,Biopic,2022,9,9,France,37975,22206,1845,175,94.6,6.9,0
693,YouTube,Biopic,2017,9,31,France,66750,25788,1953,111,84.1,5.8,0
694,YouTube,Action,2020,10,55,Canada,1372,281269,29728,601,55.4,6.0,1
695,YouTube,Drame,2015,9,19,France,1022314,5219,216,192,65.8,4.8,0
696,YouTube,Documentaire,2015,2,28,USA,4524,87640,13217,85,87.5,5.7,1
697,YouTube,Romance,2021,8,15,UK,407,901,70,2,82.5,3.6,0
698,YouTube,Action,2021,10,5,Allemagne,10913,18843,1893,2,66.1,9.7,0
699,YouTube,Action,2018,3,43,Canada,164,616,22,3,85.9,8.3,0
700,YouTube,Romance,2020,6,17,Canada,2514,845,68,6,94.4,10.0,0
701,YouTube,Animation,2018,11,34,USA,3674852,3799,132,49,56.4,8.2,0
702,YouTube,Comedie,2017,5,41,France,10300,125,19,1,92.3,7.0,0
703,YouTube,Comedie,2018,10,50,UK,1267,6792,12,0,65.7,3.2,0
704,YouTube,Comedie,2017,7,13,France,23169,1366,29,3,59.1,8.1,0
705,YouTube,Romance,2022,8,36,USA,3656,100,5,2,84.4,8.5,0
706,YouTube,Action,2018,8,54,Espagne,124124,949,102,18,67.9,4.8,0
707,YouTube,Romance,2017,8,30,USA,3717,1258,111,4,83.9,7.4,0
708,YouTube,SF,2019,10,5,UK,37853,25136,4667,228,61.7,6.7,0
709,YouTube,SF,2021,11,17,UK,2221,6081,570,10,73.8,6.4,0
710,YouTube,Animation,2017,4,48,Canada,3985033,111155,4020,101,67.2,7.3,1
711,YouTube,Romance,2023,12,48,USA,60309,10941,1236,100,78.2,7.2,0
712,YouTube,Documentaire,2019,8,20,USA,16464,746,104,19,60.5,5.0,0
713,YouTube,Documentaire,2020,8,14,France,12259,2576,338,17,95.0,8.0,0
714,YouTube,Biopic,2023,4,19,UK,7279,1248,108,9,75.2,4.3,0
715,YouTube,Documentaire,2018,6,16,France,4808,10096,974,33,76.1,7.3,0
716,YouTube,Romance,2016,8,45,USA,4551,3461,252,100,62.9,7.0,0
717,YouTube,SF,2021,5,50,Canada,632008,619,25,6,69.5,5.4,0
718,YouTube,Drame,2015,4,5,France,7293,3045,1059,7,95.0,8.4,0
719,YouTube,Romance,2019,10,45,USA,311,9442,299,10,76.2,3.7,0
720,YouTube,Comedie,2023,5,45,France,2138,240,16,1,82.7,6.9,0
721,YouTube,Biopic,2018,8,37,France,140849,6584,122,163,90.5,6.8,0
722,YouTube,Horreur,2021,1,52,France,13297,100,5,2,74.1,8.9,0
723,YouTube,Comedie,2019,1,5,France,16845,47284,6330,205,27.6,7.5,0
724,YouTube,Documentaire,2016,11,42,Espagne,228577,11136,2945,36,41.0,3.2,0
725,YouTube,Comedie,2017,2,10,Espagne,4654,175116,4648,216,61.1,5.8,1
726,YouTube,Documentaire,2019,10,54,UK,78028,182,22,0,95.0,8.9,0
727,YouTube,Action,2015,11,31,UK,5792,50697,4855,219,60.0,6.3,0
728,YouTube,SF,2018,6,8,Canada,69685,30929,1071,116,54.0,4.8,0
729,YouTube,Animation,2018,11,45,Allemagne,10074,1890,172,33,53.0,6.4,0
730,YouTube,Documentaire,2022,6,45,USA,13587,1162,122,13,74.7,9.0,0
731,YouTube,SF,2016,12,29,France,113580,197,35,1,91.4,5.2,0
732,YouTube,Biopic,2022,3,20,UK,98326,103,5,2,51.1,4.9,0
733,YouTube,Documentaire,2018,6,3,Espagne,15821,455,103,4,76.9,6.2,0
734,YouTube,Drame,2020,5,54,France,8576,129,7,1,78.4,5.5,0
735,YouTube,Animation,2020,10,13,USA,539444,161023,15266,307,84.7,7.6,1
736,YouTube,Documentaire,2017,1,51,USA,71586,100,2,0,43.5,6.0,0
737,YouTube,Thriller,2023,10,36,USA,10074,4325,270,22,74.7,7.0,0
738,YouTube,Documentaire,2017,1,42,UK,5965,8859,416,18,51.7,8.9,0
739,YouTube,Horreur,2015,4,42,USA,171064,7286,392,61,72.8,5.1,0
740,YouTube,Horreur,2021,8,51,Espagne,27744,9074,2171,19,42.6,8.1,0
741,YouTube,Documentaire,2020,2,4,Canada,15881,31761,2201,106,39.3,7.9,0
742,YouTube,Animation,2023,6,59,France,27721,977,55,2,58.4,4.6,0
743,YouTube,Drame,2019,12,5,Canada,43286,3710,335,3,84.3,8.6,0
744,YouTube,Documentaire,2015,10,59,Canada,19665,1430,28,2,51.6,4.7,0
745,YouTube,Thriller,2015,1,17,USA,244598,77366,4202,2083,40.3,4.3,0
746,YouTube,Romance,2018,8,51,USA,273396,567879,32788,412,66.7,5.2,1
747,YouTube,Thriller,2017,8,7,Canada,63817,150,20,1,69.4,5.3,0
748,YouTube,Thriller,2023,1,29,USA,344358,100,8,1,45.5,6.0,0
749,YouTube,Comedie,2016,8,33,France,22403,12367,479,233,80.0,4.8,0
750,YouTube,Biopic,2022,7,57,USA,87611,43301,11476,342,49.8,7.4,0
751,YouTube,Comedie,2016,9,10,France,164211,397298,43394,562,37.3,6.3,1
752,YouTube,Action,2016,4,5,UK,169071,18858,1253,273,27.1,6.8,0
753,YouTube,Biopic,2017,4,39,France,137585,97680,12910,1017,49.1,7.5,1
754,YouTube,Romance,2016,9,5,UK,77837,189122,10646,1728,44.9,8.8,1
755,YouTube,SF,2018,9,47,USA,1103785,116069,13723,2373,65.4,5.8,1
756,YouTube,Documentaire,2017,2,5,Canada,7484,26981,805,70,79.5,5.6,0
757,YouTube,Thriller,2019,3,58,USA,16148,120,8,1,80.1,7.7,0
758,YouTube,Comedie,2019,8,33,Allemagne,14342,2919,173,14,51.1,8.4,0
759,YouTube,Documentaire,2015,10,57,Allemagne,10549,6311,627,17,81.9,6.6,0
760,YouTube,Comedie,2016,3,10,France,412,2322,277,17,80.7,6.6,0
761,YouTube,Romance,2016,3,18,UK,344458,2710,258,69,55.5,6.2,0
762,YouTube,Biopic,2016,10,28,France,2829,149951,7310,1927,52.6,5.6,1
763,YouTube,Biopic,2015,9,4,Canada,30934,449,16,1,39.8,5.9,0
764,YouTube,Thriller,2017,11,8,UK,1282,21974,1689,580,67.5,6.4,0
765,YouTube,Documentaire,2019,10,21,France,76223,6575,245,21,80.6,7.5,0
766,YouTube,Animation,2017,12,45,France,4578,349,7,13,95.0,7.8,0
767,YouTube,SF,2017,3,43,USA,2271,202,12,3,95.0,5.1,0
768,YouTube,Comedie,2019,4,7,Canada,32489,100,12,1,89.1,6.6,0
769,YouTube,Thriller,2019,3,6,Canada,5423,10036,434,79,53.5,5.4,0
770,YouTube,Animation,2017,1,40,France,6986,2545,97,1,60.8,6.1,0
771,YouTube,Biopic,2016,10,23,USA,31056,378,25,2,41.3,6.7,0
772,YouTube,Action,2018,8,48,USA,109095,100,5,0,93.0,7.9,0
773,YouTube,Documentaire,2015,2,19,USA,4286,8793,685,316,79.9,6.3,0
774,YouTube,Horreur,2019,3,23,France,3033,1930,164,20,45.2,7.2,0
775,YouTube,Biopic,2023,3,15,USA,23085,500,11,4,84.8,4.9,0
776,YouTube,SF,2018,5,18,Allemagne,64763,267,12,3,53.8,4.8,0
777,YouTube,Comedie,2015,6,43,USA,410655,1641,47,15,72.9,6.1,0
778,YouTube,Drame,2021,4,29,UK,2584,9652,1367,345,85.9,10.0,0
779,YouTube,Horreur,2016,12,40,USA,11661,1306,31,14,94.7,5.3,0
780,YouTube,Horreur,2016,3,7,USA,231323,152,16,4,56.3,6.7,0
781,YouTube,Animation,2016,7,33,UK,1139601,2577,181,53,70.4,7.1,0
782,YouTube,Comedie,2022,6,29,France,3022,40695,532,1008,76.6,6.5,0
783,YouTube,Comedie,2023,5,54,France,5025,3296,55,21,75.3,5.6,0
784,YouTube,SF,2020,10,27,Espagne,47202,3537,76,68,32.8,7.3,0
785,YouTube,Romance,2020,12,8,Allemagne,6936,1320,125,13,49.1,5.1,0
786,YouTube,Action,2020,1,42,UK,4824,322,28,1,57.9,7.1,0
787,YouTube,Animation,2020,6,11,France,35916,296,10,2,68.4,5.6,0
788,YouTube,Romance,2019,2,54,France,488375,100,3,1,70.9,8.0,0
789,YouTube,Action,2023,6,24,France,1605,57128,15493,941,42.7,3.8,0
790,YouTube,Action,2021,8,47,Espagne,440941,9472,2703,21,84.3,6.3,0
791,YouTube,SF,2015,5,40,Canada,6977,3663,179,36,87.4,4.8,0
792,YouTube,Documentaire,2018,4,29,USA,43984,6241,1063,109,65.3,7.7,0
793,YouTube,Horreur,2023,4,36,Espagne,530566,6966,1015,35,72.0,7.8,0
794,YouTube,SF,2018,4,13,France,42219,475,7,1,79.3,2.6,0
795,YouTube,Drame,2016,4,7,USA,12149,1321,220,0,95.0,4.6,0
796,YouTube,Biopic,2022,5,46,France,92628,910,26,1,70.2,7.9,0
797,YouTube,SF,2020,9,57,USA,15578,1588911,129103,16818,38.2,6.3,1
798,YouTube,Thriller,2020,2,52,Espagne,62486,38196,887,211,51.8,7.4,0
799,YouTube,SF,2018,1,20,Allemagne,14627,4535,189,33,74.9,6.5,0
800,YouTube,Action,2016,7,23,France,123291,90668,8837,662,83.1,6.7,1
801,YouTube,Thriller,2018,9,23,France,1354,66119,6147,999,44.2,8.0,0
802,YouTube,Romance,2018,4,43,USA,2901,100,9,0,75.5,4.7,0
803,YouTube,Biopic,2023,3,38,France,1315,1707,247,17,61.8,5.8,0
804,YouTube,Documentaire,2017,8,48,USA,19675,2861,133,27,76.9,4.9,0
805,YouTube,Documentaire,2016,5,56,USA,1033,13750,1489,129,87.4,6.9,0
806,YouTube,Romance,2018,9,25,France,5521,1702,16,11,72.8,4.5,0
807,YouTube,Comedie,2023,2,40,France,2404,2330,404,2,65.1,7.9,0
808,YouTube,Thriller,2019,2,31,France,424790,940,180,0,59.4,5.7,0
809,YouTube,Biopic,2018,7,57,Espagne,3037,41041,5520,133,84.0,7.3,0
810,YouTube,Action,2021,5,23,USA,1680,100,17,0,60.7,5.4,0
811,YouTube,Horreur,2020,9,13,USA,36195,1024,126,11,83.7,7.7,0
812,YouTube,Animation,2017,7,24,USA,642834,100,6,0,20.3,8.3,0
813,YouTube,Drame,2023,5,38,UK,17463,227,34,2,65.1,7.6,0
814,YouTube,Documentaire,2020,2,57,France,20385,6587,109,48,61.2,5.2,0
815,YouTube,Horreur,2015,2,50,France,291127,6907,308,113,63.1,8.7,0
816,YouTube,Action,2018,10,4,UK,127574,1362,39,6,36.9,7.5,0
817,YouTube,Comedie,2023,3,32,UK,51576,49511,1822,152,73.0,5.5,0
818,YouTube,Animation,2018,7,12,France,6872,88001,10013,1054,55.7,6.9,1
819,YouTube,Biopic,2020,10,23,USA,54825,2507,180,25,87.0,8.8,0
820,YouTube,Action,2020,11,56,Espagne,1448,5575,435,93,77.8,5.2,0
821,YouTube,Animation,2021,4,59,France,6327,961,61,8,74.0,5.1,0
822,YouTube,Comedie,2022,2,11,France,385742,14288,356,15,54.5,6.3,0
823,YouTube,Animation,2016,10,11,USA,297742,150,19,0,73.5,4.4,0
824,YouTube,Animation,2019,9,42,France,52837,265557,15012,776,91.4,6.7,1
825,YouTube,Action,2019,4,26,UK,464,51532,9344,1451,75.6,7.6,0
826,YouTube,Animation,2016,8,27,UK,1965,148,16,0,73.2,6.8,0
827,YouTube,Horreur,2021,3,52,USA,5659,414,26,6,90.5,5.4,0
828,YouTube,Horreur,2016,9,55,UK,15624,8545,524,50,58.7,7.9,0
829,YouTube,Action,2019,9,54,USA,1806,1279,233,35,71.9,6.2,0
830,YouTube,Drame,2017,4,47,Canada,13458,11631,1936,57,54.2,5.3,0
831,YouTube,Drame,2016,6,58,France,755088,1213,129,7,69.9,6.9,0
832,YouTube,SF,2022,5,44,USA,49102,134864,5194,1230,64.2,8.3,1
833,YouTube,Comedie,2017,1,53,UK,34120,3043,587,6,25.8,5.6,0
834,YouTube,Horreur,2017,2,33,USA,2878,1266018,11646,5603,76.0,8.9,1
835,YouTube,Documentaire,2022,12,5,France,830,13449,761,13,80.8,6.6,0
836,YouTube,Horreur,2022,6,49,USA,1888,102,5,1,90.4,6.7,0
837,YouTube,Comedie,2015,2,55,UK,766,549212,17683,2092,32.7,6.7,1
838,YouTube,Action,2017,1,20,France,25592,46476,4745,1682,45.9,5.7,0
839,YouTube,Biopic,2021,5,27,UK,47466,7710,449,13,74.2,4.6,0
840,YouTube,Drame,2022,12,35,Canada,3195,15011,1596,36,91.9,9.4,0
841,YouTube,Animation,2023,5,40,UK,29609,152,10,2,81.1,4.7,0
842,YouTube,Biopic,2019,12,41,France,415811,100,7,0,36.6,8.4,0
843,YouTube,Action,2015,6,25,Canada,1105042,2685,233,3,86.3,9.1,0
844,YouTube,Action,2022,10,51,France,102828,93613,11145,97,48.9,5.4,1
845,YouTube,Action,2016,10,49,Allemagne,15526,8016,1188,8,86.2,7.4,0
846,YouTube,Comedie,2016,1,56,UK,96394,213828,4156,3921,16.6,7.5,1
847,YouTube,Action,2021,1,35,France,328936,81068,702,115,82.5,7.5,1
848,YouTube,Horreur,2020,12,7,Canada,397,3138,139,25,37.2,5.6,0
849,YouTube,Animation,2015,12,51,USA,426828,57491,2249,91,12.6,5.9,0
850,YouTube,Biopic,2016,2,7,USA,7411,134119,5773,1103,77.2,7.7,1
851,YouTube,Horreur,2020,8,14,USA,7555,2439,175,6,57.6,4.0,0
852,YouTube,Biopic,2017,12,19,UK,10830,1746,305,9,76.3,3.5,0
853,YouTube,Drame,2021,12,13,UK,41779,4234,25,19,71.9,6.7,0
854,YouTube,Drame,2018,4,44,Allemagne,2386,100,3,1,63.6,6.3,0
855,YouTube,Horreur,2020,10,28,France,12461,6009,401,23,65.8,6.7,0
856,YouTube,Drame,2019,8,15,UK,62978,18053,202,157,67.3,5.4,0
857,YouTube,Action,2018,12,3,UK,34103,4278,968,26,56.4,7.7,0
858,YouTube,Animation,2018,2,15,UK,47175,7056,2479,88,40.6,7.8,0
859,YouTube,Horreur,2021,8,42,USA,11522,2673,71,18,42.6,6.7,0
860,YouTube,Biopic,2019,1,48,USA,88205,100,4,1,56.8,4.5,0
861,YouTube,Biopic,2020,5,19,Canada,182194,190324,14667,7758,92.3,8.1,1
862,YouTube,Comedie,2020,1,7,USA,161599,1188,159,11,81.1,3.9,0
863,YouTube,Documentaire,2016,6,34,France,51803,636,54,2,83.2,4.6,0
864,YouTube,Horreur,2023,10,47,USA,144031,88872,14907,402,59.2,7.6,1
865,YouTube,Animation,2020,8,6,France,125758,34432,8425,270,68.6,4.8,0
866,YouTube,Horreur,2021,4,48,France,4652967,5899,484,131,50.4,5.4,0
867,YouTube,Horreur,2022,6,12,France,251735,20402,1843,152,55.7,6.7,0
868,YouTube,SF,2023,5,17,UK,18444,166,4,1,92.3,7.9,0
869,YouTube,Action,2021,9,38,Espagne,3556,2435,63,24,60.7,7.4,0
870,YouTube,SF,2022,4,5,USA,13065,75883,4364,518,75.6,8.5,0
871,YouTube,Drame,2019,2,20,France,11343,548,33,4,19.3,5.8,0
872,YouTube,Comedie,2021,7,10,Canada,61257,245,29,0,45.9,5.2,0
873,YouTube,Comedie,2017,10,15,France,5428,3628,188,48,77.8,4.6,0
874,YouTube,Animation,2021,6,47,Espagne,239032,3847,96,18,85.0,6.7,0
875,YouTube,Romance,2015,3,16,USA,1367,15046,727,140,62.5,6.9,0
876,YouTube,Romance,2023,1,5,France,841,100,8,1,76.5,10.0,0
877,YouTube,Documentaire,2017,12,15,USA,16810,100,20,0,58.0,7.4,0
878,YouTube,Romance,2020,10,7,USA,4084,29824,3954,225,55.1,3.9,0
879,YouTube,Animation,2015,2,38,Canada,1778,198,36,0,66.7,8.2,0
880,YouTube,Action,2016,1,58,France,6160,648,38,8,72.4,5.2,0
881,YouTube,Horreur,2023,2,12,Allemagne,4803,100,5,0,50.4,4.5,0
882,YouTube,SF,2022,5,44,Canada,22477,38456,1115,197,85.7,8.1,0
883,YouTube,Comedie,2017,10,23,Allemagne,6368,7156,842,21,61.1,7.8,0
884,YouTube,Horreur,2016,2,7,Allemagne,7493,6473,176,105,84.6,8.1,0
885,YouTube,Documentaire,2022,10,42,France,21813,6365,599,152,82.3,5.6,0
886,YouTube,Action,2023,1,14,USA,167457,100,3,0,38.0,9.8,0
887,YouTube,Comedie,2016,9,32,Canada,417270,253,27,0,57.3,7.9,0
888,YouTube,Action,2020,4,31,USA,29600,963,176,6,71.1,5.1,0
889,YouTube,Drame,2017,12,37,France,34581,458,21,0,52.0,9.8,0
890,YouTube,Action,2021,6,10,France,15269,1512,23,6,77.2,7.4,0
891,YouTube,Documentaire,2018,4,17,France,57670,5516,997,80,53.4,6.5,0
892,YouTube,Romance,2016,3,45,Allemagne,48071,36904,2667,386,80.8,5.7,0
893,YouTube,Biopic,2017,10,56,USA,312292,100,9,0,88.8,1.7,0
894,YouTube,Documentaire,2019,5,3,UK,504,2915,196,20,61.7,7.6,0
895,YouTube,Animation,2022,5,26,Espagne,13780,17656,1629,55,55.6,5.6,0
896,YouTube,Romance,2015,9,53,France,43407,295,10,13,61.6,6.1,0
897,YouTube,Action,2023,7,19,Canada,20898,1840,43,5,68.9,6.4,0
898,YouTube,Action,2020,8,28,France,3366,9569,1424,5,69.5,5.2,0
899,YouTube,Animation,2022,6,54,France,1638,3065,50,33,38.1,7.3,0
900,YouTube,Action,2023,1,58,France,110486,16082,830,342,46.1,5.2,0
901,YouTube,Action,2016,1,40,USA,4847,3777,292,58,87.9,4.1,0
902,YouTube,Drame,2015,1,42,USA,658,1366,116,8,26.5,6.6,0
903,YouTube,Horreur,2021,7,37,USA,122167,158,33,2,81.5,5.6,0
904,YouTube,SF,2016,7,19,France,55158,5529,456,37,73.5,3.6,0
905,YouTube,Documentaire,2016,9,53,France,17470,3827,550,21,68.5,4.7,0
906,YouTube,SF,2019,11,4,UK,3536,249,49,2,83.8,6.8,0
907,YouTube,Comedie,2023,3,6,France,17555,12773,1434,46,87.4,6.7,0
908,YouTube,Thriller,2022,12,37,Canada,250490,70955,5173,119,22.6,8.6,0
909,YouTube,Action,2019,12,50,Allemagne,871,572,18,7,72.8,8.3,0
910,YouTube,Documentaire,2016,8,49,UK,964,483,5,7,57.8,7.2,0
911,YouTube,Comedie,2018,7,41,USA,6275,441,65,8,77.5,5.4,0
912,YouTube,Thriller,2021,3,24,UK,20883,100,3,1,55.4,5.7,0
913,YouTube,Biopic,2016,3,23,UK,8163,447398,56192,8627,74.5,7.2,1
914,YouTube,Romance,2019,1,27,Espagne,79668,970,108,5,61.9,8.0,0
915,YouTube,SF,2015,8,17,Espagne,194398,348,6,3,65.1,7.3,0
916,YouTube,Romance,2017,6,26,USA,38466,178,30,2,41.7,5.8,0
917,YouTube,Documentaire,2017,3,8,UK,67566,1130,47,5,61.0,6.8,0
918,YouTube,Drame,2021,2,21,Canada,37956,524,4,3,59.1,6.1,0
919,YouTube,Animation,2023,1,56,France,22449,108573,8242,544,59.6,3.3,1
920,YouTube,Horreur,2016,8,43,USA,1657,131,5,0,54.5,6.2,0
921,YouTube,Romance,2022,9,11,UK,2818,100,10,1,76.2,5.9,0
922,YouTube,SF,2020,8,19,UK,1477,11842,1043,129,47.4,7.7,0
923,YouTube,Comedie,2023,2,17,USA,16366,2280,13,47,40.8,4.8,0
924,YouTube,Drame,2023,1,19,France,35050,1707,57,23,58.6,5.0,0
925,YouTube,Biopic,2015,2,42,France,1213,12077,3041,28,71.1,8.1,0
926,YouTube,Romance,2021,10,54,USA,25468,4195,285,19,56.6,5.1,0
927,YouTube,Thriller,2020,9,43,Allemagne,3825,2651,240,43,95.0,5.5,0
928,YouTube,SF,2016,4,30,Allemagne,2595,100,2,0,94.7,7.2,0
929,YouTube,Romance,2017,1,12,USA,6306,100,1,1,73.5,7.6,0
930,YouTube,Romance,2023,4,11,France,2342,517,42,2,71.7,8.6,0
931,YouTube,Animation,2019,10,49,Canada,74110,198,9,0,92.5,6.0,0
932,YouTube,Drame,2018,2,41,UK,15740,5843,266,99,85.8,6.1,0
933,YouTube,Animation,2017,10,32,USA,112468,100,9,1,35.6,6.3,0
934,YouTube,SF,2022,6,35,USA,9072,974,49,2,41.0,5.6,0
935,YouTube,Biopic,2017,2,51,France,9785,1933,164,15,47.3,7.2,0
936,YouTube,Comedie,2016,12,49,Canada,933564,2699,770,18,95.0,6.0,0
937,YouTube,Comedie,2020,7,7,UK,857,8082,1171,347,81.0,4.7,0
938,YouTube,SF,2023,9,25,USA,287495,1317,44,12,76.3,3.8,0
939,YouTube,Romance,2016,2,5,Allemagne,602623,561,8,10,93.1,6.3,0
940,YouTube,Animation,2017,5,24,UK,101888,66916,9150,1675,67.2,7.4,0
941,YouTube,SF,2019,8,39,Allemagne,11373,1339,8,15,57.9,5.5,0
942,YouTube,Biopic,2016,8,14,USA,382240,103551,1907,1378,53.9,4.5,1
943,YouTube,SF,2020,1,11,USA,11573,1322,161,10,48.7,8.8,0
944,YouTube,Comedie,2017,8,30,Espagne,5369,2862,454,4,52.6,6.0,0
945,YouTube,Comedie,2016,12,32,Espagne,10132,2107,109,2,83.1,7.8,0
946,YouTube,Biopic,2017,10,43,Espagne,7041,5313,666,215,61.5,8.1,0
947,YouTube,Comedie,2023,3,3,Canada,3316,1043,39,7,25.5,8.8,0
948,YouTube,Biopic,2023,11,17,USA,202808,3790,53,3,38.4,6.4,0
949,YouTube,Drame,2019,9,47,France,4689,136903,11633,566,68.4,4.4,1
950,YouTube,Action,2018,1,41,USA,20758,41032,8308,130,78.7,3.6,0
951,YouTube,Thriller,2022,2,54,Espagne,1227,41745,3555,41,76.5,6.1,0
952,YouTube,Animation,2016,12,49,USA,23426,104,10,1,68.8,9.0,0
953,YouTube,SF,2020,3,50,Canada,2182,155,32,2,49.7,6.6,0
954,YouTube,Documentaire,2021,2,32,Allemagne,2077,5137,150,131,26.1,8.5,0
955,YouTube,Animation,2021,6,57,Espagne,17701,20472,544,62,33.1,5.0,0
956,YouTube,SF,2016,7,26,Espagne,182397,814,89,1,63.9,8.7,0
957,YouTube,Animation,2021,7,54,USA,53147,521,35,10,93.9,7.5,0
958,YouTube,Biopic,2020,8,25,USA,60976,97207,7859,765,73.5,6.7,1
959,YouTube,SF,2022,12,28,Espagne,16986,16559,814,81,50.4,7.9,0
960,YouTube,Comedie,2016,10,42,France,11256,41980,297,167,93.2,5.6,0
961,YouTube,SF,2020,1,25,France,107181,988,38,6,56.3,7.2,0
962,YouTube,Horreur,2022,2,11,Espagne,7141,812,28,5,50.9,5.2,0
963,YouTube,Drame,2017,1,54,UK,116875,31959,5506,144,40.9,5.6,0
964,YouTube,Biopic,2021,5,28,USA,260900,1545,107,7,80.6,5.1,0
965,YouTube,Romance,2015,5,55,France,4093,647,156,21,72.1,5.2,0
966,YouTube,Animation,2021,12,25,USA,5492,303,57,8,47.5,3.9,0
967,YouTube,Thriller,2020,5,58,Espagne,7395,830,78,5,57.9,9.9,0
968,YouTube,Biopic,2016,1,37,UK,1171,26574,2021,262,85.9,4.7,0
969,YouTube,Action,2015,11,46,USA,8614,100,22,1,92.1,8.1,0
970,YouTube,Drame,2021,4,46,USA,297419,14366,535,42,66.9,4.0,0
971,YouTube,SF,2017,11,14,Allemagne,2721,507,45,5,64.8,5.6,0
972,YouTube,SF,2019,10,49,Allemagne,311885,1762,255,17,63.3,6.0,0
973,YouTube,SF,2015,11,56,USA,9256,2068,128,54,94.0,8.6,0
974,YouTube,Comedie,2023,10,40,UK,1510681,1716,92,8,39.2,7.0,0
975,YouTube,Drame,2019,2,56,France,5632,1454,181,10,79.3,4.9,0
976,YouTube,Action,2023,8,51,USA,16515,981,135,3,80.4,6.1,0
977,YouTube,Romance,2016,5,40,France,3567,714,143,1,73.6,8.3,0
978,YouTube,Thriller,2016,8,30,USA,5566,80775,5949,147,76.1,8.1,1
979,YouTube,Romance,2020,9,51,USA,320090,3173,310,65,65.1,5.5,0
980,YouTube,Romance,2020,7,13,USA,56901,2175,288,54,46.6,4.3,0
981,YouTube,Documentaire,2022,4,34,France,172410,594,65,21,40.1,5.5,0
982,YouTube,Romance,2023,11,49,France,1585,1075,99,4,68.0,7.5,0
983,YouTube,Animation,2022,8,56,France,81605,600,55,1,60.7,3.9,0
984,YouTube,Romance,2016,11,18,UK,3156,20198,809,102,84.6,6.2,0
985,YouTube,Animation,2017,3,8,France,1518,453,12,2,95.0,4.7,0
986,YouTube,Animation,2023,11,22,France,35508,100,16,1,31.7,5.8,0
987,YouTube,Thriller,2019,4,52,Espagne,34789,3448,453,27,57.8,7.3,0
988,YouTube,Drame,2022,6,32,France,24506,1482,121,1,76.6,6.4,0
989,YouTube,Documentaire,2020,11,6,Allemagne,92514,689,30,3,90.6,7.5,0
990,YouTube,Thriller,2015,5,9,UK,126390,29111,3469,159,84.3,8.3,0
991,YouTube,Romance,2019,4,22,UK,416423,100,24,4,78.0,10.0,0
992,YouTube,Comedie,2022,11,22,USA,2037,153370,1313,901,49.7,7.9,1
993,YouTube,SF,2020,12,10,France,444201,41634,2319,193,55.8,7.4,0
994,YouTube,Romance,2016,4,31,Canada,950385,620,17,1,66.8,5.5,0
995,YouTube,Animation,2016,4,30,Canada,10588,965,25,1,54.7,7.8,0
996,YouTube,Romance,2022,3,14,USA,782,10519,1577,23,67.2,8.8,0
997,YouTube,Thriller,2023,1,16,Canada,1384,11249,1543,95,36.3,5.5,0
998,YouTube,Biopic,2021,7,40,USA,8745,611,30,6,29.4,5.7,0
999,YouTube,Romance,2015,4,57,Allemagne,1237103,100,2,3,55.8,5.5,0
1000,YouTube,Horreur,2020,11,59,Canada,22791,587852,55195,63,84.6,4.5,1
1001,YouTube,Documentaire,2022,3,34,France,6410,32542,4028,197,43.0,6.5,0
1002,YouTube,Romance,2020,8,5,Allemagne,5592,4412,238,132,89.7,4.5,0
1003,YouTube,Horreur,2020,7,54,Espagne,1563,4625,414,12,76.2,6.4,0
1004,YouTube,Comedie,2019,8,57,UK,126646,14091,868,35,75.4,7.0,0
1005,YouTube,Biopic,2017,2,18,France,18322,19008,3128,862,85.0,6.9,0
1006,YouTube,Horreur,2017,6,25,Canada,1468363,100,13,1,81.4,5.8,0
1007,YouTube,Romance,2021,8,4,UK,77374,1239,181,21,95.0,4.2,0
1008,YouTube,Documentaire,2015,5,48,USA,115829,956,127,30,70.5,8.3,0
1009,YouTube,Romance,2015,11,47,Allemagne,13572,1991,409,3,95.0,3.8,0
1010,YouTube,Drame,2018,7,4,USA,2484,20475,1965,55,84.3,6.7,0
1011,YouTube,Documentaire,2021,5,43,Allemagne,3838,100,7,2,66.4,8.7,0
1012,YouTube,Drame,2020,1,26,UK,1424,102,7,1,33.4,6.6,0
1013,YouTube,Thriller,2020,3,34,France,136051,542,31,13,47.5,8.4,0
1014,YouTube,Romance,2019,6,15,Espagne,10200,4384,985,10,77.3,7.3,0
1015,YouTube,Horreur,2015,5,49,USA,148004,23868,1941,366,74.0,4.4,0
1016,YouTube,Thriller,2017,11,26,USA,28906,176012,23234,750,57.0,8.5,1
1017,YouTube,SF,2015,10,50,USA,12263,1456,82,13,36.0,5.6,0
1018,YouTube,Action,2021,2,11,France,2123,23770,3439,98,49.0,5.9,0
1019,YouTube,Comedie,2021,8,36,UK,40266,17595,1672,59,58.3,7.5,0
1020,YouTube,Action,2017,6,20,USA,14224,11546,606,31,95.0,5.1,0
1021,YouTube,Action,2017,2,58,Espagne,133835,2805,434,7,82.8,7.9,0
1022,YouTube,Horreur,2017,8,34,Espagne,5266,1097,25,37,83.1,7.1,0
1023,YouTube,Horreur,2023,7,44,Canada,75524,207,6,1,58.2,9.0,0
1024,YouTube,Horreur,2019,2,7,France,586364,176,28,4,80.4,8.2,0
1025,YouTube,Action,2021,6,41,UK,37991,7098,355,18,54.1,6.2,0
1026,YouTube,Action,2019,9,8,France,105935,2601,272,6,55.0,5.9,0
1027,YouTube,Drame,2021,4,23,Canada,69132,1054,34,1,82.2,5.4,0
1028,YouTube,Romance,2019,5,15,USA,980857,15709,491,107,72.1,6.1,0
1029,YouTube,Thriller,2017,2,3,Espagne,46310,1805,102,38,66.5,5.1,0
1030,YouTube,SF,2022,3,36,USA,89314,304,10,1,89.7,6.0,0
1031,YouTube,Comedie,2021,12,16,France,20484,1531,52,3,66.3,4.6,0
1032,YouTube,Documentaire,2021,8,32,Espagne,4680,23192,1757,59,53.5,5.0,0
1033,YouTube,Thriller,2023,3,46,USA,1965,230,43,0,67.9,8.6,0
1034,YouTube,Action,2017,6,13,Allemagne,277575,5030,302,13,56.5,4.5,0
1035,YouTube,Documentaire,2015,3,43,Allemagne,2931,2595,87,24,39.6,4.4,0
1036,YouTube,Biopic,2020,6,19,USA,97902,444,40,1,62.7,5.4,0
1037,YouTube,Action,2017,2,21,USA,50616,1431,127,9,75.8,8.5,0
1038,YouTube,SF,2018,8,35,USA,138077,100,8,2,59.2,5.1,0
1039,YouTube,Horreur,2017,7,38,Canada,7868,3920,187,67,37.1,6.0,0
1040,YouTube,Documentaire,2018,8,40,Espagne,4530,100,7,0,55.2,6.9,0
1041,YouTube,Horreur,2018,6,14,USA,46945,43525,5493,366,61.6,7.3,0
1042,YouTube,SF,2018,4,36,UK,12274,2368,190,7,78.5,6.3,0
1043,YouTube,Thriller,2021,3,18,France,1877,713,13,10,52.1,7.1,0
1044,YouTube,Documentaire,2020,3,18,UK,1063473,54252,9488,353,77.8,7.9,0
1045,YouTube,Comedie,2019,6,57,Canada,4524,225,25,2,80.0,4.6,0
1046,YouTube,Drame,2016,6,8,Allemagne,3019,459,22,24,46.4,5.5,0
1047,YouTube,Animation,2020,9,26,USA,13571,100,6,2,51.7,5.2,0
1048,YouTube,Animation,2016,1,28,USA,269875,78728,12665,747,92.1,5.9,0
1049,YouTube,Comedie,2017,4,16,France,289,321954,10745,561,86.1,8.4,1
1050,YouTube,Romance,2018,11,47,France,228608,100,8,4,87.9,8.0,0
1051,YouTube,Thriller,2016,11,30,USA,3558,387,54,1,85.5,6.4,0
1052,YouTube,Romance,2018,12,44,Allemagne,37385,3549,271,4,75.3,7.7,0
1053,YouTube,Biopic,2017,4,25,USA,5698,821,58,12,61.1,9.7,0
1054,YouTube,Action,2022,2,54,USA,1183318,2756,112,23,83.7,4.6,0
1055,YouTube,Biopic,2022,3,44,UK,28261,2221,204,19,68.6,5.5,0
1056,YouTube,SF,2015,2,21,France,5344,8257,687,41,89.0,6.1,0
1057,YouTube,Documentaire,2020,12,57,France,12062,269,4,0,81.5,7.1,0
1058,YouTube,SF,2020,11,52,Espagne,26351,4825,606,262,62.3,7.3,0
1059,YouTube,Thriller,2018,10,36,France,31424,183,29,1,61.0,4.9,0
1060,YouTube,Documentaire,2019,9,3,USA,52972,1064,198,30,43.4,6.8,0
1061,YouTube,Animation,2022,5,36,USA,21964,100,4,2,79.2,7.8,0
1062,YouTube,Comedie,2018,6,42,France,1402,1084,75,12,70.9,4.7,0
1063,YouTube,Documentaire,2015,11,23,France,11153,712,110,1,32.8,6.7,0
1064,YouTube,Documentaire,2018,10,11,France,74110,31537,2981,130,56.1,5.6,0
1065,YouTube,Thriller,2017,7,35,USA,5768,2570,136,9,58.5,4.3,0
1066,YouTube,Biopic,2018,11,48,Allemagne,84589,4049,867,54,89.1,8.0,0
1067,YouTube,Animation,2017,5,21,USA,23469,2818,60,5,74.2,7.2,0
1068,YouTube,Thriller,2016,5,29,USA,14250,100,16,1,95.0,5.2,0
1069,YouTube,Action,2023,11,3,USA,239974,100,4,3,53.0,7.9,0
1070,YouTube,Animation,2016,5,43,Espagne,681,1343,136,4,20.6,9.7,0
1071,YouTube,Drame,2021,10,52,France,5706,5981,350,6,43.6,6.7,0
1072,YouTube,Documentaire,2021,6,47,Allemagne,259070,1657,171,25,78.0,4.4,0
1073,YouTube,Romance,2020,4,27,USA,856062,343,31,0,63.0,6.0,0
1074,YouTube,SF,2023,3,5,Espagne,2130750,1634,122,39,85.5,3.6,0
1075,YouTube,Comedie,2015,8,31,USA,24360,1315,107,8,79.6,6.3,0
1076,YouTube,Documentaire,2017,6,56,France,55038,20900,1712,14,84.2,5.9,0
1077,YouTube,Comedie,2016,5,7,USA,112967,18170,910,15,69.1,7.7,0
1078,YouTube,SF,2020,9,15,France,282137,747,47,17,83.7,5.6,0
1079,YouTube,Horreur,2020,1,50,Canada,41199,2631,442,15,70.6,7.8,0
1080,YouTube,Biopic,2023,2,35,UK,140406,5946,242,124,24.6,5.3,0
1081,YouTube,Biopic,2018,12,12,UK,55245,8618,493,0,72.1,6.3,0
1082,YouTube,Biopic,2017,8,4,France,62595,185627,20435,1725,46.0,4.4,1
1083,YouTube,Romance,2023,7,26,UK,3509,2778,421,18,66.1,4.9,0
1084,YouTube,Drame,2021,1,36,USA,11402,55373,9220,897,61.3,7.7,0
1085,YouTube,Horreur,2021,8,50,Espagne,7742,163,6,3,60.6,8.1,0
1086,YouTube,Horreur,2019,6,53,UK,2043,605,50,6,66.0,5.5,0
1087,YouTube,Biopic,2019,8,29,USA,809,100,13,1,57.6,7.3,0
1088,YouTube,Animation,2018,1,27,Allemagne,9440,4351,488,31,65.9,7.7,0
1089,YouTube,Comedie,2021,7,56,USA,12993,15045,548,207,90.6,4.9,0
1090,YouTube,Romance,2016,7,47,USA,27175,100,2,4,72.9,7.2,0
1091,YouTube,SF,2023,4,14,France,66934,4772,142,14,46.7,6.5,0
1092,YouTube,Horreur,2016,1,41,UK,32088,13501,1516,125,32.8,7.0,0
1093,YouTube,Thriller,2019,12,43,USA,13176,11708,961,4,71.6,6.3,0
1094,YouTube,Thriller,2017,9,16,France,3532,149,13,0,71.9,3.3,0
1095,YouTube,Action,2020,8,58,Canada,127279,20594,434,35,59.2,6.8,0
1096,YouTube,Horreur,2021,10,19,France,17968,3051,686,13,25.3,6.3,0
1097,YouTube,Documentaire,2023,9,34,UK,9250,13063,1298,17,45.5,6.0,0
1098,YouTube,Action,2022,2,31,France,15170,2176,177,8,43.6,4.0,0
1099,YouTube,SF,2017,6,42,USA,5087,7727,621,137,90.6,8.0,0
1100,YouTube,SF,2016,11,54,Allemagne,7620,47719,3898,591,64.2,6.6,0
1101,YouTube,SF,2022,4,25,France,7151,1789,74,3,59.4,3.5,0
1102,YouTube,Biopic,2019,12,24,UK,12398,6064,228,14,49.5,8.5,0
1103,YouTube,Comedie,2015,1,45,UK,81757,67807,7446,1390,84.8,7.1,0
1104,YouTube,Thriller,2022,4,57,Allemagne,49723,2136,159,10,52.3,7.9,0
1105,YouTube,Comedie,2020,5,54,France,485762,178,19,0,62.6,6.1,0
1106,YouTube,Drame,2015,8,45,Canada,248564,16156,2288,33,57.5,6.5,0
1107,YouTube,Biopic,2022,3,43,USA,1102227,107709,15170,4870,50.2,8.1,1
1108,YouTube,Biopic,2020,3,46,USA,67394,74754,10366,330,63.2,7.2,0
1109,YouTube,Action,2020,8,56,USA,65264,17809,1659,94,48.7,6.3,0
1110,YouTube,Animation,2022,4,3,USA,8309,100,13,0,95.0,5.5,0
1111,YouTube,Drame,2019,11,36,USA,114924,608,116,10,64.1,2.7,0
1112,YouTube,Comedie,2019,11,4,France,5929,691,40,2,74.4,7.9,0
1113,YouTube,Drame,2020,4,35,USA,1163,3334,117,15,48.1,7.9,0
1114,YouTube,Comedie,2016,7,25,UK,466329,202939,30607,2023,79.2,7.6,1
1115,YouTube,SF,2016,4,20,USA,1811,200,33,2,75.3,8.2,0
1116,YouTube,Biopic,2022,5,53,France,52981,810579,15970,1234,95.0,5.1,1
1117,YouTube,Romance,2016,9,43,USA,3787,1146,79,2,62.9,6.0,0
1118,YouTube,Documentaire,2019,4,35,USA,209679,438,39,6,68.3,5.8,0
1119,YouTube,SF,2017,2,53,UK,275377,24661,4127,247,90.2,3.6,0
1120,YouTube,Action,2017,4,8,Allemagne,63472,30054,2594,29,63.7,5.6,0
1121,YouTube,Action,2020,12,39,USA,266393,15136,672,245,78.3,6.8,0
1122,YouTube,Drame,2022,4,11,UK,22352,435,77,1,68.1,8.1,0
1123,YouTube,Drame,2018,5,16,France,1920986,10457,1517,44,84.3,7.3,0
1124,YouTube,Horreur,2016,8,13,Espagne,97961,225,5,1,68.7,5.6,0
1125,YouTube,Horreur,2017,2,34,USA,3636,406,87,0,86.0,7.9,0
1126,YouTube,Horreur,2016,4,38,USA,25316,2351,275,2,87.6,7.0,0
1127,YouTube,Animation,2022,3,46,France,16236,383,59,2,22.9,4.1,0
1128,YouTube,Romance,2017,12,28,France,13348,41434,4293,74,92.6,6.8,0
1129,YouTube,Animation,2018,12,56,Canada,800,702,71,1,79.6,7.7,0
1130,YouTube,SF,2015,10,24,France,47749,1717,199,10,62.2,7.3,0
1131,YouTube,Animation,2019,3,11,France,1378,330,45,2,76.1,4.8,0
1132,YouTube,Documentaire,2023,8,5,France,141,39895,6130,550,59.0,5.1,0
1133,YouTube,Documentaire,2018,8,10,Espagne,11069,563,46,2,85.7,9.7,0
1134,YouTube,Animation,2020,11,28,Canada,4857,51793,4931,472,73.1,5.2,0
1135,YouTube,Action,2016,2,26,Allemagne,3932,43103,2300,256,54.0,6.6,0
1136,YouTube,Documentaire,2016,9,51,Allemagne,100,977,28,0,85.9,2.8,0
1137,YouTube,Thriller,2021,3,10,Allemagne,4017,3210,469,32,72.5,8.5,0
1138,YouTube,Documentaire,2015,7,17,USA,15564,912,87,1,88.0,7.7,0
1139,YouTube,Romance,2019,11,58,France,6196,11664,1799,47,68.8,9.1,0
1140,YouTube,Horreur,2017,1,4,USA,47795,1833,333,5,60.0,5.0,0
1141,YouTube,Thriller,2015,2,27,France,356939,1049,47,19,53.8,8.4,0
1142,YouTube,Biopic,2019,10,14,UK,61866,3345,83,49,77.6,5.0,0
1143,YouTube,Horreur,2023,1,33,France,171577,100,6,3,72.4,8.9,0
1144,YouTube,Thriller,2015,9,58,France,202451,2466,95,2,41.9,2.9,0
1145,YouTube,SF,2022,7,15,UK,2870,15123,3262,83,52.6,8.1,0
1146,YouTube,Romance,2019,5,24,France,53009,4209,341,5,51.0,6.6,0
1147,YouTube,Documentaire,2021,11,28,France,161186,32181,9715,299,67.2,7.6,0
1148,YouTube,Animation,2015,11,48,France,9210,1160,139,0,57.8,7.4,0
1149,YouTube,Horreur,2022,4,59,UK,4531,945,113,1,84.8,7.2,0
1150,YouTube,Thriller,2015,1,8,France,63628,182,22,2,51.6,10.0,0
1151,YouTube,Romance,2023,2,30,France,1137,1080,13,2,61.7,9.3,0
1152,YouTube,SF,2020,2,45,France,2499,406253,1315,6304,50.7,7.4,1
1153,YouTube,Biopic,2018,12,3,Canada,5805,5936,223,34,65.7,6.9,0
1154,YouTube,Thriller,2015,8,48,France,54232,689,61,2,68.3,8.8,0
1155,YouTube,Romance,2020,9,16,France,34126,240,21,1,63.3,8.9,0
1156,YouTube,Comedie,2015,3,32,Allemagne,173640,100,4,1,67.8,6.8,0
1157,YouTube,Horreur,2020,11,58,Allemagne,3485,373,42,9,30.5,6.7,0
1158,YouTube,Thriller,2021,9,39,France,3130,19890,1219,91,82.8,5.1,0
1159,YouTube,Thriller,2017,10,59,France,62807,1024,22,21,95.0,7.1,0
1160,YouTube,Romance,2017,6,37,France,4458,271,16,3,76.5,6.9,0
1161,YouTube,SF,2016,9,14,UK,6587,357,15,3,37.9,8.1,0
1162,YouTube,Horreur,2017,7,42,France,537,15118,1372,99,95.0,9.3,0
1163,YouTube,Romance,2016,5,38,Espagne,39406,2432,95,15,60.0,8.4,0
1164,YouTube,Romance,2017,8,20,Canada,480499,621,113,8,95.0,8.2,0
1165,YouTube,Comedie,2020,4,7,USA,2811,1378,157,17,77.1,6.2,0
1166,YouTube,Action,2017,12,39,France,169975,740223,38176,14207,52.6,6.0,1
1167,YouTube,Thriller,2022,9,35,Allemagne,19559,62884,1537,284,80.2,7.7,0
1168,YouTube,Biopic,2022,9,47,UK,644,117191,8489,26,62.0,7.5,1
1169,YouTube,Biopic,2021,9,10,Canada,3679,100,4,1,91.6,7.6,0
1170,YouTube,Animation,2019,6,33,France,3252,2043,192,34,83.3,5.1,0
1171,YouTube,Animation,2017,12,49,UK,11695,594,14,1,88.2,5.1,0
1172,YouTube,Thriller,2023,3,53,Canada,50971,11609,1620,16,72.6,5.8,0
1173,YouTube,Comedie,2016,7,56,Espagne,888993,42172,7048,891,89.2,7.7,0
1174,YouTube,Action,2019,1,15,USA,1258,6741,322,27,51.7,6.6,0
1175,YouTube,Thriller,2019,4,12,USA,8353,336,11,0,79.9,8.9,0
1176,YouTube,Thriller,2021,7,35,USA,3670,571,15,2,73.8,5.0,0
1177,YouTube,Comedie,2019,6,29,UK,1744,14064,1858,263,46.5,5.1,0
1178,YouTube,Drame,2022,12,16,Allemagne,26659,18037,255,863,72.6,6.2,0
1179,YouTube,Action,2023,8,8,USA,22091,4240,283,7,85.2,5.7,0
1180,YouTube,Animation,2018,5,11,France,585,4123,77,230,89.2,5.3,0
1181,YouTube,Biopic,2022,6,22,France,22840,3378,51,46,54.9,6.7,0
1182,YouTube,Animation,2016,8,45,UK,1976,5841,20,67,72.1,6.7,0
1183,YouTube,SF,2023,10,6,Allemagne,22553,17852,2000,3,87.3,4.6,0
1184,YouTube,SF,2016,4,8,France,279007,14406,518,36,85.9,5.6,0
1185,YouTube,Thriller,2022,8,18,USA,55610,3162,108,13,79.9,7.6,0
1186,YouTube,Comedie,2018,7,52,Espagne,31414,2636,289,47,53.3,6.1,0
1187,YouTube,Romance,2023,1,59,USA,7650,2396,223,26,48.4,5.3,0
1188,YouTube,Romance,2016,11,28,France,25178,423,50,10,66.7,6.0,0
1189,YouTube,Action,2019,7,5,USA,67948,410,23,0,87.9,4.7,0
1190,YouTube,SF,2023,3,3,USA,55733,11613,1266,185,93.6,9.2,0
1191,YouTube,Drame,2015,8,51,France,18061,501,78,3,46.9,7.8,0
1192,YouTube,Comedie,2017,9,28,UK,34021,22807,2960,72,53.5,10.0,0
1193,YouTube,Documentaire,2015,11,7,USA,1582,2621,314,0,79.7,6.7,0
1194,YouTube,Romance,2017,1,50,UK,5071,23132,740,192,92.3,6.0,0
1195,YouTube,Animation,2018,5,33,UK,90682,14652,1398,181,44.8,5.2,0
1196,YouTube,Documentaire,2020,3,22,France,118665,24521,2065,195,59.9,7.2,0
1197,YouTube,Biopic,2017,7,28,France,26560,906,46,0,87.2,5.8,0
1198,YouTube,Horreur,2016,7,15,France,424187,8285,327,24,63.2,5.1,0
1199,YouTube,Animation,2016,6,56,France,60842,18858,1747,59,63.6,8.5,0
1200,YouTube,Horreur,2023,12,47,UK,13818,100,5,1,69.0,6.6,0
1201,YouTube,SF,2023,7,14,France,1920,209867,29597,525,72.8,6.9,1
1202,YouTube,Biopic,2016,5,44,UK,391392,860167,55001,3952,91.4,6.8,1
1203,YouTube,Documentaire,2016,1,13,France,102809,31831,4720,55,89.6,7.1,0
1204,YouTube,Animation,2015,4,28,France,803411,22352,669,87,69.9,3.9,0
1205,YouTube,Biopic,2023,11,45,France,1678976,12989,1874,35,95.0,4.8,0
1206,YouTube,Romance,2021,6,5,USA,1679,1327,204,1,57.6,9.3,0
1207,YouTube,Documentaire,2021,11,44,UK,1688,2263,515,44,78.4,6.4,0
1208,YouTube,Drame,2017,7,15,Canada,100,33223,1756,92,50.9,7.1,0
1209,YouTube,Biopic,2020,7,42,France,138236,261,42,1,76.2,7.7,0
1210,YouTube,Animation,2015,6,31,UK,81876,210,33,1,81.2,5.9,0
1211,YouTube,Documentaire,2021,7,4,Canada,26783,1103,94,15,84.9,4.9,0
1212,YouTube,SF,2020,1,46,USA,1896,15377,834,66,85.1,4.5,0
1213,YouTube,Horreur,2017,1,17,France,18433,342,41,3,79.1,5.0,0
1214,YouTube,Action,2021,6,57,France,31869,1696,101,6,59.4,5.5,0
1215,YouTube,Comedie,2020,8,50,France,105392,2283,473,1,63.3,5.4,0
1216,YouTube,Romance,2018,7,13,Allemagne,38024,237,10,0,80.2,4.6,0
1217,YouTube,Documentaire,2016,6,37,USA,83083,100,14,4,89.4,7.9,0
1218,YouTube,Horreur,2015,4,23,USA,17184,228,8,2,79.3,8.7,0
1219,YouTube,SF,2023,9,37,Canada,233973,5722,579,50,74.3,5.1,0
1220,YouTube,Animation,2017,8,34,USA,77921,10050,1056,268,46.5,3.9,0
1221,YouTube,Romance,2017,1,19,UK,2051,10258,1121,146,86.3,6.6,0
1222,YouTube,Biopic,2021,6,40,France,354491,13683,1413,19,90.6,8.8,0
1223,YouTube,Animation,2017,9,17,USA,255542,622,87,0,54.2,4.5,0
1224,YouTube,SF,2018,10,54,France,55879,364,86,1,83.0,4.5,0
1225,YouTube,Biopic,2021,4,56,France,38616,7613,223,49,86.1,2.9,0
1226,YouTube,Comedie,2020,12,12,France,607570,1755,283,20,71.5,6.9,0
1227,YouTube,Biopic,2020,8,44,UK,839,28787,439,495,76.9,5.0,0
1228,YouTube,Comedie,2015,6,55,UK,263668,7734,234,99,38.4,7.8,0
1229,YouTube,Drame,2019,8,10,UK,8498,73832,3230,543,74.9,7.6,0
1230,YouTube,Horreur,2019,11,45,France,196881,930,53,5,77.1,8.7,0
1231,YouTube,Documentaire,2020,3,56,Espagne,28022,42994,5062,126,83.0,8.1,0
1232,YouTube,Biopic,2016,2,15,France,1833,482477,22055,11218,12.9,4.1,1
1233,YouTube,Documentaire,2016,6,36,Canada,8159,3409,221,72,19.5,6.1,0
1234,YouTube,Animation,2021,2,48,UK,169983,10386,1800,279,66.6,8.2,0
1235,YouTube,Thriller,2021,11,22,USA,14466,291,33,0,65.0,4.4,0
1236,YouTube,Action,2022,12,16,USA,6355,27865,1874,942,75.8,5.9,0
1237,YouTube,Comedie,2017,8,25,Canada,6270,50143,3751,1450,53.0,6.6,0
1238,YouTube,Drame,2023,12,22,UK,79578,865,25,2,82.4,6.4,0
1239,YouTube,Action,2017,1,44,France,730343,12905,1170,234,30.6,6.9,0
1240,YouTube,Romance,2020,8,24,Canada,304,6010,67,92,70.3,5.5,0
1241,YouTube,Documentaire,2016,6,24,France,5964697,7918,40,44,54.4,5.1,0
1242,YouTube,Biopic,2023,4,56,USA,33106,22698,1884,95,61.9,7.2,0
1243,YouTube,SF,2017,4,35,UK,70294,10907,840,92,28.8,6.2,0
1244,YouTube,Horreur,2022,7,55,Canada,9204,2105,6,11,84.5,9.7,0
1245,YouTube,Biopic,2017,8,43,USA,21872,23938,1123,186,92.2,4.8,0
1246,YouTube,Horreur,2022,2,53,France,32371,48032,6225,742,78.7,6.4,0
1247,YouTube,SF,2019,8,14,USA,2702,745,126,6,74.7,4.5,0
1248,YouTube,Thriller,2015,12,56,France,4396,2967,224,9,89.9,7.0,0
1249,YouTube,Biopic,2016,1,56,USA,235422,100,11,1,53.2,6.2,0
1250,YouTube,Drame,2021,11,5,USA,987,12822,964,272,60.5,7.3,0
1251,YouTube,SF,2016,8,23,Canada,53214,63436,4931,1169,65.8,5.4,0
1252,YouTube,Action,2017,5,26,France,10498,1566,28,27,59.6,3.7,0
1253,YouTube,Documentaire,2019,9,26,France,3224,4161,467,3,58.9,8.4,0
1254,YouTube,Animation,2017,8,47,USA,1136954,1719,103,4,50.8,7.8,0
1255,YouTube,Action,2016,10,42,France,3264,1141,178,12,47.1,7.9,0
1256,YouTube,Drame,2020,1,15,France,2298,5326,1200,1,87.4,7.8,0
1257,YouTube,Romance,2021,1,37,USA,15154,419,31,1,26.3,6.6,0
1258,YouTube,Romance,2021,8,58,USA,4735,1655,310,3,76.0,7.4,0
1259,YouTube,Horreur,2023,4,28,France,22309,310,38,1,39.2,5.1,0
1260,YouTube,Drame,2016,3,55,USA,30055,12999,248,88,73.0,5.9,0
1261,YouTube,Biopic,2018,6,40,Allemagne,35218,5421,648,1,78.0,8.2,0
1262,YouTube,SF,2017,9,55,USA,17192,1014,64,13,31.6,9.5,0
1263,YouTube,Horreur,2023,3,54,France,5408,3270,546,18,51.7,7.0,0
1264,YouTube,Drame,2019,12,3,France,79762,1716,24,46,86.0,1.5,0
1265,YouTube,Action,2015,6,48,France,17616,52038,590,1118,35.1,7.0,0
1266,YouTube,Action,2021,2,13,USA,8174,989,35,13,67.4,8.6,0
1267,YouTube,Thriller,2015,1,49,UK,425060,14583,366,4,94.9,6.0,0
1268,YouTube,Biopic,2017,11,49,France,17281,511,65,14,80.2,5.0,0
1269,YouTube,Action,2021,2,17,France,195628,22824,2612,196,81.9,7.9,0
1270,YouTube,Thriller,2019,6,6,USA,256190,39865,2110,1042,71.8,6.0,0
1271,YouTube,Comedie,2021,9,26,USA,289336,44858,5626,593,50.8,6.0,0
1272,YouTube,Biopic,2020,7,20,Espagne,87756,117894,2382,118,48.4,4.0,1
1273,YouTube,Animation,2022,4,34,France,21998,6192,1294,74,49.9,4.0,0
1274,YouTube,Documentaire,2020,2,7,France,19378,65832,9500,339,29.2,7.8,0
1275,YouTube,Documentaire,2015,9,5,USA,13517,172896,24904,1015,72.1,4.6,1
1276,YouTube,Animation,2015,6,27,France,288,180,12,8,47.2,9.2,0
1277,YouTube,Documentaire,2021,1,46,France,92745,659,6,2,80.0,9.5,0
1278,YouTube,Action,2015,3,20,USA,35915,100,6,1,88.0,4.9,0
1279,YouTube,Horreur,2018,7,21,USA,114811,42313,2363,83,29.1,5.5,0
1280,YouTube,Documentaire,2015,3,12,France,17430,100,10,0,78.7,7.6,0
1281,YouTube,Documentaire,2017,5,19,UK,83253,100,13,1,69.8,8.8,0
1282,YouTube,Thriller,2020,2,20,USA,1401,191,37,1,73.5,6.8,0
1283,YouTube,Horreur,2016,10,17,France,2124,100,5,1,75.1,5.5,0
1284,YouTube,Thriller,2019,8,22,Allemagne,155,5886,521,156,39.1,5.9,0
1285,YouTube,Action,2023,10,19,France,16836,198,5,0,84.4,6.7,0
1286,YouTube,Biopic,2015,1,41,Espagne,4698,100,5,2,64.9,5.7,0
1287,YouTube,Drame,2015,5,22,Espagne,3616,2684,325,5,67.8,8.3,0
1288,YouTube,Comedie,2017,4,46,USA,43015,3111,22,2,83.6,5.5,0
1289,YouTube,Animation,2022,8,37,France,9404,100,27,0,89.3,7.2,0
1290,YouTube,Drame,2018,10,39,Canada,1253,500,66,2,58.6,7.6,0
1291,YouTube,Horreur,2020,3,36,USA,3575206,2473,192,46,63.2,6.5,0
1292,YouTube,SF,2015,10,55,France,20454,1221,103,2,95.0,6.2,0
1293,YouTube,Action,2021,7,17,USA,2524,1308,104,24,71.8,6.5,0
1294,YouTube,Biopic,2015,10,58,USA,5769,56852,3266,436,62.1,5.2,0
1295,YouTube,Romance,2021,1,14,Allemagne,15579,638171,11176,12187,29.6,7.7,1
1296,YouTube,Drame,2016,12,10,UK,15514,1362,128,11,94.3,6.3,0
1297,YouTube,Animation,2022,6,50,Allemagne,297845,109,14,1,94.3,6.1,0
1298,YouTube,Romance,2017,4,54,UK,18791,1658,57,9,65.1,4.9,0
1299,YouTube,Action,2016,3,8,UK,900239,4845,251,102,84.8,9.4,0
1300,YouTube,Documentaire,2018,12,37,USA,9275,2609,216,15,93.8,7.8,0
1301,YouTube,SF,2015,11,32,Espagne,51682,13721,1713,47,41.9,4.3,0
1302,YouTube,Animation,2016,2,15,Espagne,170069,751459,72037,7949,53.1,7.3,1
1303,YouTube,Horreur,2020,6,32,Canada,240458,100,0,1,65.6,5.6,0
1304,YouTube,Animation,2017,9,42,Canada,303684,839,26,22,82.7,5.1,0
1305,YouTube,Animation,2018,8,35,USA,12784,140485,10510,855,95.0,5.4,1
1306,YouTube,Drame,2022,3,32,France,21785,808,46,9,47.0,7.3,0
1307,YouTube,Drame,2016,5,53,Allemagne,154,21455,2609,188,66.2,6.3,0
1308,YouTube,SF,2018,5,15,France,14883,14432,1951,49,51.5,6.4,0
1309,YouTube,Horreur,2016,4,38,France,195342,65657,10195,46,75.1,6.9,0
1310,YouTube,Romance,2019,12,21,USA,132411,356236,20600,9000,76.8,7.9,1
1311,YouTube,Thriller,2017,3,58,USA,18527,6854,662,143,58.2,10.0,0
1312,YouTube,Documentaire,2015,9,17,USA,658868,100,9,0,89.5,6.1,0
1313,YouTube,Horreur,2015,11,52,France,10218,517,58,5,36.9,5.9,0
1314,YouTube,Biopic,2022,10,39,France,5259,704421,59435,44644,74.9,6.7,1
1315,YouTube,Drame,2015,10,15,France,8635,100,5,0,50.2,7.6,0
1316,YouTube,Documentaire,2022,2,46,USA,2333,10321,148,4,54.7,8.1,0
1317,YouTube,Romance,2023,2,16,France,76480,100,3,0,64.4,5.0,0
1318,YouTube,SF,2019,10,17,UK,39220,101,1,0,53.7,10.0,0
1319,YouTube,Thriller,2017,9,22,France,74604,27373,3751,95,65.2,4.7,0
1320,YouTube,Comedie,2021,9,41,USA,9616,3261,650,10,64.4,7.8,0
1321,YouTube,Drame,2023,6,25,USA,19611,1163,165,3,68.1,7.6,0
1322,YouTube,Romance,2016,7,35,USA,282,389,15,1,44.1,4.4,0
1323,YouTube,Horreur,2023,1,34,Allemagne,46744,100,14,2,92.6,6.9,0
1324,YouTube,Horreur,2023,4,14,France,26840,16873,1842,34,69.8,3.9,0
1325,YouTube,Comedie,2016,7,16,USA,2438,1468,179,16,76.3,5.3,0
1326,YouTube,Animation,2015,2,20,UK,17866,100,15,1,56.9,6.4,0
1327,YouTube,Action,2021,2,15,France,13151,3214,201,9,57.5,6.7,0
1328,YouTube,Animation,2015,1,55,Canada,750596,12747,335,148,36.6,8.4,0
1329,YouTube,Thriller,2020,3,24,Espagne,2637,1804,109,16,82.2,5.5,0
1330,YouTube,SF,2015,12,26,UK,42738,3983,347,24,82.0,7.0,0
1331,YouTube,Documentaire,2021,9,41,Espagne,2486,3279,202,61,66.2,7.9,0
1332,YouTube,SF,2017,12,47,USA,7217,509,27,0,69.4,6.4,0
1333,YouTube,Horreur,2015,4,42,USA,38316,3414,452,9,88.6,6.5,0
1334,YouTube,Romance,2015,8,34,France,14433,18733,305,12,70.0,4.3,0
1335,YouTube,Biopic,2016,11,58,France,21764,39600,2766,1011,85.6,4.1,0
1336,YouTube,Animation,2019,5,54,France,42849,21521,3358,282,95.0,5.2,0
1337,YouTube,Drame,2015,8,14,USA,8205,551,103,1,90.3,8.6,0
1338,YouTube,Documentaire,2022,9,12,USA,129093,14625,1206,105,46.5,8.6,0
1339,YouTube,SF,2020,10,25,France,11956,9543,429,221,54.9,8.4,0
1340,YouTube,Romance,2017,12,50,UK,18122,505,28,5,80.0,7.1,0
1341,YouTube,Comedie,2023,8,57,France,45370,933,4,9,38.6,7.3,0
1342,YouTube,Comedie,2020,7,43,USA,34682,16305,356,48,50.8,5.9,0
1343,YouTube,Romance,2021,11,42,France,79893,93178,11150,1888,64.5,5.9,1
1344,YouTube,Comedie,2016,9,16,UK,41519,100,13,2,57.2,3.5,0
1345,YouTube,Biopic,2021,5,36,USA,56278,179899,7419,2581,69.0,6.8,1
1346,YouTube,Horreur,2020,8,13,UK,11490,54742,4134,1102,85.5,7.2,0
1347,YouTube,Documentaire,2023,7,33,France,2597,4903,397,39,63.2,5.6,0
1348,YouTube,Documentaire,2019,3,14,USA,1267,1633,6,12,79.3,7.9,0
1349,YouTube,Romance,2021,7,7,Espagne,779,7911,684,29,83.3,8.3,0
1350,YouTube,Action,2018,8,58,France,748220,600,87,9,64.7,4.8,0
1351,YouTube,Thriller,2015,11,53,USA,263,1911,210,20,50.8,10.0,0
1352,YouTube,SF,2016,7,42,France,239772,100,20,1,74.8,7.3,0
1353,YouTube,Biopic,2022,2,38,France,4265,100,7,1,48.1,8.8,0
1354,YouTube,Drame,2021,12,16,USA,236305,1015372,114998,15760,74.3,5.5,1
1355,YouTube,SF,2018,7,35,France,269,3490,308,51,93.0,8.7,0
1356,YouTube,Thriller,2021,4,45,USA,13764,4960,398,28,52.2,7.5,0
1357,YouTube,Comedie,2015,10,33,Allemagne,403547,2760,93,27,65.6,6.1,0
1358,YouTube,Comedie,2015,5,19,France,91712,376,26,2,66.6,4.9,0
1359,YouTube,Thriller,2019,5,25,France,11220,1383,211,14,53.2,6.5,0
1360,YouTube,Action,2020,11,50,Canada,452,3744,724,56,52.7,7.7,0
1361,YouTube,Action,2023,11,17,USA,1564,1823,119,2,66.7,6.6,0
1362,YouTube,Thriller,2021,7,57,Allemagne,354439,454,101,14,83.5,6.6,0
1363,YouTube,Drame,2017,5,46,USA,10976,9884,683,116,46.2,5.8,0
1364,YouTube,Romance,2022,11,53,UK,19079,4773,346,34,51.9,4.5,0
1365,YouTube,Action,2019,3,32,Allemagne,38834,7960,444,116,72.4,6.8,0
1366,YouTube,Thriller,2022,9,15,France,1626,17371,598,38,34.1,5.1,0
1367,YouTube,SF,2016,8,4,Canada,49740,1946,393,17,39.3,7.9,0
1368,YouTube,Biopic,2015,11,33,UK,9516,1954,144,39,60.8,7.8,0
1369,YouTube,Animation,2015,6,25,Canada,39632,121313,4321,114,46.1,9.0,1
1370,YouTube,Horreur,2023,10,9,France,6931,281,61,2,85.8,5.9,0
1371,YouTube,Thriller,2015,1,55,USA,947,100,6,3,59.9,6.4,0
1372,YouTube,SF,2023,10,58,France,9369,11954,751,103,47.0,4.3,0
1373,YouTube,SF,2021,1,24,Espagne,79344,618,9,0,88.7,5.7,0
1374,YouTube,Horreur,2016,8,41,France,48441,201,34,4,48.6,6.5,0
1375,YouTube,Biopic,2022,3,26,France,23432,27257,3384,316,87.2,6.6,0
1376,YouTube,Biopic,2016,12,31,Allemagne,132755,2075,296,14,62.1,5.9,0
1377,YouTube,Documentaire,2016,10,38,USA,14659,126,16,1,90.6,5.6,0
1378,YouTube,Romance,2020,2,26,USA,24650,376007,23840,7158,70.4,6.9,1
1379,YouTube,Romance,2017,11,48,France,8437,100,6,1,82.1,6.1,0
1380,YouTube,Biopic,2017,4,13,UK,149228,2400,160,42,41.9,8.5,0
1381,YouTube,Drame,2016,7,41,France,39460,100,9,0,86.2,6.9,0
1382,YouTube,Thriller,2020,2,59,USA,7230,5864,669,7,87.9,5.7,0
1383,YouTube,Horreur,2015,2,51,USA,1120,600,57,1,90.2,8.1,0
1384,YouTube,Thriller,2017,3,5,USA,200771,23113,2236,49,72.6,5.0,0
1385,YouTube,Drame,2019,7,9,France,4973,2854,94,3,89.9,5.9,0
1386,YouTube,Romance,2019,7,38,France,25441,87248,1484,621,75.0,4.9,1
1387,YouTube,Thriller,2021,11,55,UK,2434371,1018,122,4,80.2,6.1,0
1388,YouTube,Horreur,2016,2,51,France,109427,100,17,1,84.1,8.6,0
1389,YouTube,Biopic,2020,9,54,France,552549,5398,628,95,84.3,6.8,0
1390,YouTube,Thriller,2021,1,11,USA,7508,1585,123,3,87.0,3.9,0
1391,YouTube,Romance,2018,4,32,USA,187578,100,10,1,71.4,5.9,0
1392,YouTube,Biopic,2017,3,44,UK,23233,213,37,2,55.5,6.9,0
1393,YouTube,Documentaire,2019,2,38,USA,45799,472,66,4,47.6,6.9,0
1394,YouTube,Drame,2020,8,47,Allemagne,1253792,145576,7649,4259,56.1,6.2,1
1395,YouTube,Romance,2015,11,15,UK,12615,17476,1034,241,91.8,7.7,0
1396,YouTube,Animation,2020,9,29,Canada,22891,1249,126,3,76.2,7.4,0
1397,YouTube,Animation,2016,11,28,UK,3617,9673,1434,31,38.8,6.3,0
1398,YouTube,Action,2020,8,56,France,130214,100,13,2,80.5,6.9,0
1399,YouTube,Drame,2023,1,14,Espagne,7177,726,78,4,86.7,6.3,0
1400,YouTube,Horreur,2019,5,21,Canada,170317,8123,791,20,85.0,6.6,0
1401,YouTube,Drame,2021,10,4,USA,812,4507,179,34,37.6,6.8,0
1402,YouTube,Drame,2017,1,11,France,65991,774,134,4,54.6,8.0,0
1403,YouTube,Thriller,2023,2,58,France,6079,2708,49,13,60.2,7.2,0
1404,YouTube,Comedie,2022,11,51,UK,94943,6941,1641,56,89.2,6.5,0
1405,YouTube,Comedie,2023,1,17,USA,21437,2912,342,4,12.6,5.9,0
1406,YouTube,Thriller,2021,12,43,UK,7550,25655,2994,435,64.3,7.5,0
1407,YouTube,Horreur,2020,10,36,USA,10166,6612,1167,17,44.7,7.0,0
1408,YouTube,Action,2019,8,54,USA,4020,10701,2553,83,66.6,6.4,0
1409,YouTube,Drame,2023,7,20,France,117662,216184,12827,941,56.1,6.0,1
1410,YouTube,Action,2022,2,59,France,2704,23594,1772,93,39.9,6.6,0
1411,YouTube,Romance,2018,5,24,France,12911,231514,39409,2630,77.7,5.5,1
1412,YouTube,Drame,2015,10,43,Canada,43935,555,81,2,80.0,4.3,0
1413,YouTube,Documentaire,2015,11,25,USA,555147,100,13,0,51.9,8.9,0
1414,YouTube,Romance,2017,6,41,Espagne,21620,2099,61,3,47.0,8.9,0
1415,YouTube,Documentaire,2015,11,22,UK,13561,1695,210,27,80.5,6.7,0
1416,YouTube,Animation,2016,10,51,Canada,38073,114523,1710,3346,66.4,7.3,1
1417,YouTube,SF,2015,1,39,USA,348,176,3,0,74.7,6.2,0
1418,YouTube,Horreur,2023,8,19,Canada,2003,2447,321,6,54.4,7.3,0
1419,YouTube,SF,2015,8,57,Espagne,10396,8208,740,10,77.2,6.7,0
1420,YouTube,Biopic,2020,7,43,UK,5292,3828,431,1,83.9,6.8,0
1421,YouTube,Biopic,2018,10,27,France,896,1941,214,14,67.1,5.1,0
1422,YouTube,Romance,2016,11,10,UK,122462,7305,1831,51,95.0,9.2,0
1423,YouTube,Animation,2021,7,58,France,37031,44255,2912,459,60.2,4.9,0
1424,YouTube,Drame,2023,4,46,France,29159,138602,10790,3177,58.0,7.8,1
1425,YouTube,Horreur,2022,12,41,UK,5497,3235,553,1,82.7,5.3,0
1426,YouTube,Animation,2023,12,50,Canada,25816,387,8,4,62.1,3.6,0
1427,YouTube,Biopic,2020,9,37,France,61629,138183,10779,369,74.2,8.0,1
1428,YouTube,Drame,2021,8,16,France,12967,201,13,2,56.2,6.8,0
1429,YouTube,Documentaire,2016,2,16,Allemagne,53591,262091,13624,145,76.3,4.5,1
1430,YouTube,SF,2022,5,7,France,4482,85848,6423,1169,60.5,7.5,1
1431,YouTube,Comedie,2021,3,6,France,26768,123438,7089,244,95.0,6.0,1
1432,YouTube,Comedie,2017,7,44,UK,216424,16539,411,287,65.8,9.3,0
1433,YouTube,Romance,2018,10,51,Canada,258859,100,2,0,46.4,4.4,0
1434,YouTube,Thriller,2020,3,12,USA,313381,221,16,0,79.9,5.6,0
1435,YouTube,Comedie,2015,12,35,USA,38992,6420,1815,45,92.7,7.8,0
1436,YouTube,SF,2022,2,10,USA,23464,550,31,31,85.5,5.9,0
1437,YouTube,Animation,2017,2,26,France,8977,1355,156,3,71.0,5.3,0
1438,YouTube,Thriller,2015,12,48,Canada,592,13794,1337,129,66.7,6.9,0
1439,YouTube,Biopic,2017,2,49,Canada,1495,1948,89,9,62.6,8.2,0
1440,YouTube,Documentaire,2022,9,57,USA,15738,141,24,2,55.4,6.5,0
1441,YouTube,Romance,2017,10,20,France,17737,27286,2488,259,26.8,6.2,0
1442,YouTube,Biopic,2019,4,57,France,371181,10799,995,17,34.4,5.4,0
1443,YouTube,SF,2022,1,47,France,305467,1599,199,20,82.7,5.9,0
1444,YouTube,Comedie,2015,4,22,France,5580,17644,1480,10,65.1,4.9,0
1445,YouTube,Action,2021,1,21,France,113170,3780,903,13,88.6,8.4,0
1446,YouTube,Biopic,2017,9,9,Canada,8483,83150,8225,503,60.5,7.6,1
1447,YouTube,Biopic,2021,11,55,France,86269,4350,715,24,64.6,4.6,0
1448,YouTube,Documentaire,2016,12,14,UK,110418,81619,13457,404,42.2,5.7,1
1449,YouTube,Comedie,2016,10,18,USA,264127,100,22,0,72.1,7.7,0
1450,YouTube,Drame,2022,10,26,Canada,8223,9396,103,168,53.3,7.5,0
1451,YouTube,Action,2022,11,10,Espagne,167478,1102,114,1,66.4,6.4,0
1452,YouTube,Action,2023,10,48,USA,520,348,24,3,57.6,6.2,0
1453,YouTube,Drame,2021,8,42,France,294322,53973,191,130,73.5,6.5,0
1454,YouTube,Romance,2019,12,11,UK,20951,27521,626,1164,76.7,5.9,0
1455,YouTube,Action,2016,4,12,France,21862,100,3,1,35.3,8.2,0
1456,YouTube,Biopic,2017,5,4,France,374,17831,498,76,86.9,7.6,0
1457,YouTube,SF,2020,11,57,France,10124,13165,1310,101,54.6,7.0,0
1458,YouTube,Drame,2018,4,27,Allemagne,331359,488,27,2,77.3,4.9,0
1459,YouTube,Romance,2019,4,40,France,9382,369,44,6,75.7,5.6,0
1460,YouTube,Documentaire,2016,2,11,USA,91759,100,8,1,56.8,5.6,0
1461,YouTube,Thriller,2018,4,16,USA,23602,1281,76,0,72.7,6.0,0
1462,YouTube,Action,2017,8,33,UK,184487,1912,182,4,82.7,6.8,0
1463,YouTube,Action,2016,11,14,France,32305,21861,2367,87,46.4,8.9,0
1464,YouTube,Horreur,2016,2,37,Allemagne,3416,5845,324,81,93.6,6.8,0
1465,YouTube,Comedie,2019,9,55,UK,24659,210,28,1,61.1,4.5,0
1466,YouTube,Animation,2018,10,20,USA,541681,5416,414,14,30.5,7.6,0
1467,YouTube,Thriller,2015,11,37,USA,59592,1579,142,36,44.7,4.5,0
1468,YouTube,Documentaire,2019,10,55,Canada,17450,287,24,1,45.0,7.2,0
1469,YouTube,Action,2016,2,53,Canada,2005667,100,8,3,69.2,5.9,0
1470,YouTube,Horreur,2015,6,3,USA,223782,14214,1773,78,21.0,7.4,0
1471,YouTube,Animation,2016,12,9,USA,112810,9099,565,144,85.8,7.3,0
1472,YouTube,SF,2019,11,59,France,41551,11991,817,213,56.0,6.8,0
1473,YouTube,Drame,2023,8,55,France,94897,482,40,6,69.2,5.0,0
1474,YouTube,Biopic,2017,12,21,France,101261,4571,674,53,95.0,5.6,0
1475,YouTube,Thriller,2017,9,32,France,279,100,3,3,80.3,7.3,0
1476,YouTube,SF,2017,1,35,France,48526,253,39,4,77.0,6.8,0
1477,YouTube,Thriller,2018,11,41,Allemagne,15968,3243,390,58,52.3,9.3,0
1478,YouTube,Drame,2021,3,45,Canada,8106,5743,217,49,76.7,6.7,0
1479,YouTube,SF,2017,5,24,Canada,14900,100,2,0,65.9,7.7,0
1480,YouTube,Comedie,2020,3,53,UK,980,211,15,0,78.6,5.9,0
1481,YouTube,Action,2023,9,6,UK,596,1195,129,8,47.7,5.2,0
1482,YouTube,Drame,2023,1,4,France,266466,32738,2617,588,58.3,8.2,0
1483,YouTube,Comedie,2020,8,57,UK,55509,390,13,1,67.1,5.4,0
1484,YouTube,SF,2021,11,13,France,176,4236,428,41,54.1,4.4,0
1485,YouTube,Horreur,2023,10,59,USA,6955,5505,739,131,70.3,4.5,0
1486,YouTube,Comedie,2022,4,19,Espagne,128168,1596,22,38,53.2,7.1,0
1487,YouTube,Action,2017,11,23,Allemagne,12581,5825,327,28,40.0,5.5,0
1488,YouTube,Comedie,2016,5,4,France,265669,103,8,0,60.4,4.2,0
1489,YouTube,Romance,2016,9,56,UK,179782,578,23,0,27.0,9.4,0
1490,YouTube,Drame,2022,7,23,France,1460,107570,8925,1424,72.4,3.2,1
1491,YouTube,SF,2020,1,12,France,16536,128272,31092,1196,91.5,5.9,1
1492,YouTube,Action,2017,1,30,France,8989,24521,6072,786,55.7,8.9,0
1493,YouTube,Thriller,2018,3,11,France,1368,46675,6119,248,54.2,6.6,0
1494,YouTube,SF,2017,12,48,UK,1201,100,8,0,92.1,10.0,0
1495,YouTube,SF,2022,12,7,USA,4393,278,47,0,95.0,7.7,0
1496,YouTube,Romance,2020,5,31,France,6112,1369,135,3,38.9,4.7,0
1497,YouTube,Documentaire,2022,12,25,Espagne,38811,1250563,105436,8043,69.0,7.6,1
1498,YouTube,SF,2017,1,5,USA,177802,1362,12,25,77.3,5.7,0
1499,YouTube,Horreur,2019,12,5,USA,61530,19192,2461,322,88.8,6.1,0
1500,YouTube,Romance,2016,3,32,USA,98789,7676,299,12,81.1,5.0,0
1501,YouTube,Drame,2023,1,25,USA,12923,7261,1238,26,91.2,5.5,0
1502,YouTube,Drame,2019,10,10,USA,73570,2810,119,6,93.8,7.6,0
1503,YouTube,Thriller,2019,5,10,UK,16370,148,9,4,53.3,5.1,0
1504,YouTube,Romance,2018,4,48,Allemagne,9109,100,3,1,91.7,3.6,0
1505,YouTube,Drame,2017,10,44,USA,978916,73468,2313,1059,65.6,7.1,0
1506,YouTube,Biopic,2023,4,37,USA,208,638,51,7,91.5,6.1,0
1507,YouTube,SF,2019,10,50,France,519,100,18,0,56.6,7.9,0
1508,YouTube,Horreur,2021,3,6,Allemagne,47353,8909,138,65,92.2,5.3,0
1509,YouTube,Animation,2015,2,42,USA,12965,8492,684,19,56.3,8.0,0
1510,YouTube,Thriller,2017,4,45,France,1243,20327,2096,409,87.2,7.6,0
1511,YouTube,Drame,2022,8,14,Espagne,2672,48498,2991,264,72.8,7.3,0
1512,YouTube,Documentaire,2015,3,33,USA,3467,299,34,1,41.2,4.5,0
1513,YouTube,Thriller,2015,2,46,France,131225,334,40,0,73.5,6.4,0
1514,YouTube,Drame,2022,9,37,France,248903,1343,58,2,61.0,7.9,0
1515,YouTube,Biopic,2017,6,17,USA,584858,23250,479,487,38.2,5.7,0
1516,YouTube,SF,2017,6,40,Espagne,917,100,8,1,82.2,3.4,0
1517,YouTube,Action,2020,3,46,USA,1430,4107,695,72,78.6,5.5,0
1518,YouTube,SF,2016,1,3,France,1247,30647,510,750,60.1,5.1,0
1519,YouTube,SF,2015,1,35,USA,290022,27643,997,11,57.6,5.6,0
1520,YouTube,Horreur,2015,9,31,USA,50738,17525,1322,41,55.3,4.3,0
1521,YouTube,Documentaire,2015,1,23,France,25858,42510,3602,367,59.7,7.7,0
1522,YouTube,Comedie,2016,3,5,Allemagne,34865,100,2,0,38.3,7.4,0
1523,YouTube,Comedie,2021,11,7,France,19662,168328,24677,766,75.4,5.1,1
1524,YouTube,Animation,2017,5,45,Allemagne,2339,6809,241,36,73.2,5.9,0
1525,YouTube,Action,2015,9,50,Canada,61472,83836,1498,652,67.7,5.2,1
1526,YouTube,Thriller,2015,5,26,France,15179,158,6,3,36.7,7.2,0
1527,YouTube,Comedie,2019,12,56,UK,1996,100,7,0,70.1,5.0,0
1528,YouTube,Action,2022,10,55,Canada,69464,259352,28527,8080,75.3,5.2,1
1529,YouTube,Biopic,2018,6,40,UK,9399,294,50,3,48.3,6.6,0
1530,YouTube,Action,2015,9,36,USA,34716,1370,227,25,56.6,5.2,0
1531,YouTube,Action,2017,5,57,France,17154,11143,1121,154,60.8,9.0,0
1532,YouTube,Biopic,2019,12,37,France,130974,20582,1913,615,63.1,5.4,0
1533,YouTube,Comedie,2016,5,56,UK,34211,44180,4402,128,56.2,7.6,0
1534,YouTube,Horreur,2023,11,58,France,3761,5210,438,54,55.9,7.8,0
1535,YouTube,Action,2021,8,14,France,41940,213,11,1,95.0,4.4,0
1536,YouTube,Comedie,2018,8,40,USA,44773,17441,140,42,54.6,6.1,0
1537,YouTube,Comedie,2023,5,44,France,61246,18149,3638,3,73.7,5.2,0
1538,YouTube,Documentaire,2017,10,49,Canada,174861,100,4,1,58.3,7.9,0
1539,YouTube,Animation,2016,9,22,Canada,6425,103436,11073,86,60.6,6.4,1
1540,YouTube,SF,2023,10,52,Canada,83773,100,7,1,84.3,7.8,0
1541,YouTube,Drame,2023,10,30,France,699,39578,2914,675,81.3,8.9,0
1542,YouTube,Action,2017,2,25,USA,17327,610,38,12,46.8,9.1,0
1543,YouTube,Romance,2020,11,11,Canada,12716,17392,1359,92,56.1,4.9,0
1544,YouTube,Drame,2016,11,21,USA,398590,10673,2083,84,75.5,4.7,0
1545,YouTube,Romance,2020,3,58,UK,16112,2716,218,13,79.4,4.7,0
1546,YouTube,Animation,2021,12,43,USA,74308,9206,1028,66,88.9,8.2,0
1547,YouTube,Horreur,2021,7,44,USA,649,2401,59,1,77.8,7.6,0
1548,YouTube,SF,2020,4,54,France,10899,17763,4189,181,41.0,7.5,0
1549,YouTube,Action,2021,3,18,UK,4053,703047,82010,2185,73.5,7.3,1
1550,YouTube,Drame,2019,5,40,France,3112765,104,12,0,84.8,5.9,0
1551,YouTube,Horreur,2022,1,24,Allemagne,5804,100,8,1,65.8,6.6,0
1552,YouTube,Romance,2016,9,51,USA,25503,1054,360,2,79.9,7.0,0
1553,YouTube,Animation,2019,9,27,France,28371,888,107,9,50.0,6.7,0
1554,YouTube,SF,2018,9,51,UK,916,1159,62,18,57.3,5.5,0
1555,YouTube,Comedie,2019,7,45,USA,7691,294,11,1,59.9,8.9,0
1556,YouTube,Horreur,2016,5,47,France,49490,26399,267,142,49.6,4.7,0
1557,YouTube,Documentaire,2017,9,55,Espagne,26145,100,14,0,25.5,5.9,0
1558,YouTube,Biopic,2023,11,48,UK,221,9199,480,29,32.1,8.7,0
1559,YouTube,Horreur,2015,2,21,USA,7086,14708,1933,27,62.6,7.9,0
1560,YouTube,Drame,2020,5,32,Canada,169675,6575,1250,59,73.5,4.6,0
1561,YouTube,Drame,2020,12,29,USA,71428,10075,669,106,61.4,3.2,0
1562,YouTube,Drame,2019,11,6,USA,251718,31989,685,84,65.2,5.0,0
1563,YouTube,Biopic,2015,12,36,France,3067,3408,907,26,84.0,6.7,0
1564,YouTube,Romance,2015,3,27,France,285460,1253,97,2,67.1,6.6,0
1565,YouTube,SF,2017,6,25,USA,20154,10056,1796,109,56.6,6.5,0
1566,YouTube,Biopic,2015,2,9,USA,532024,13371,763,190,60.1,7.4,0
1567,YouTube,Animation,2015,11,31,UK,22172,27562,846,91,39.8,6.5,0
1568,YouTube,Biopic,2016,7,36,USA,366,100,13,0,69.0,7.9,0
1569,YouTube,Biopic,2016,3,9,USA,120392,1884,175,12,53.2,7.6,0
1570,YouTube,Action,2022,2,39,Canada,9072,207,24,2,92.4,3.3,0
1571,YouTube,Thriller,2020,9,12,Espagne,10379,12117,547,75,88.0,6.6,0
1572,YouTube,Documentaire,2015,10,11,USA,1204,18338,654,343,19.4,6.2,0
1573,YouTube,Horreur,2020,11,25,Allemagne,564897,1501,343,7,86.6,6.9,0
1574,YouTube,Comedie,2016,12,25,Canada,7768,481,98,7,45.3,6.1,0
1575,YouTube,Thriller,2018,10,55,France,514047,13258,970,117,73.9,4.1,0
1576,YouTube,Romance,2015,10,6,USA,9297,2136,39,42,13.8,7.2,0
1577,YouTube,Documentaire,2015,10,22,France,3444,105468,3461,1757,76.2,7.5,1
1578,YouTube,Comedie,2016,12,44,UK,308370,250792,9593,455,88.7,3.7,1
1579,YouTube,Animation,2018,6,17,USA,19021,36380,5574,669,79.4,9.1,0
1580,YouTube,Drame,2019,10,58,USA,19396,5332,358,23,51.5,7.9,0
1581,YouTube,Drame,2018,10,45,Canada,1697,286054,20545,1852,78.0,5.2,1
1582,YouTube,Romance,2020,2,56,USA,8819,5441,289,53,75.8,4.9,0
1583,YouTube,SF,2021,9,57,USA,51916,899,29,5,33.7,6.8,0
1584,YouTube,Animation,2021,5,9,Allemagne,1638,550,93,2,47.7,6.7,0
1585,YouTube,Thriller,2020,2,29,Espagne,7493,513,110,2,84.3,7.4,0
1586,YouTube,Horreur,2019,3,45,Canada,9500,2933,477,18,76.4,7.2,0
1587,YouTube,Action,2019,2,3,France,25156,9487,922,37,54.1,7.4,0
1588,YouTube,Horreur,2017,11,28,France,424691,100,12,1,29.3,4.8,0
1589,YouTube,Action,2019,10,42,France,12089,970,20,3,85.7,6.3,0
1590,YouTube,Documentaire,2015,2,48,USA,5535,5075,286,4,34.8,7.0,0
1591,YouTube,Thriller,2023,8,26,France,5350717,14899,617,90,76.6,6.1,0
1592,YouTube,Thriller,2018,8,52,Allemagne,9261,2793,243,10,52.3,7.5,0
1593,YouTube,Action,2021,7,41,UK,15043,5493,414,54,70.8,8.1,0
1594,YouTube,Documentaire,2023,8,5,USA,10767,134,14,1,66.9,5.3,0
1595,YouTube,Comedie,2019,11,18,France,12663,305,19,5,58.6,6.4,0
1596,YouTube,Animation,2022,7,56,USA,25732,2560,35,25,78.4,5.7,0
1597,YouTube,Documentaire,2019,8,3,USA,138911,10682,733,30,49.8,5.9,0
1598,YouTube,Horreur,2016,7,9,UK,49413,5314,159,78,86.3,4.0,0
1599,YouTube,Documentaire,2015,5,22,France,189888,357,26,6,49.0,7.1,0
1600,YouTube,Thriller,2016,11,59,Canada,177736,1650,204,11,76.1,10.0,0
1601,YouTube,Documentaire,2023,5,43,France,33426,130561,8850,708,64.3,7.1,1
1602,YouTube,Horreur,2019,10,11,France,46752,11621,1167,24,68.4,9.9,0
1603,YouTube,Thriller,2017,8,25,Espagne,202293,1985,95,22,64.7,8.4,0
1604,YouTube,Comedie,2019,9,56,France,2386,229,4,3,73.0,5.4,0
1605,YouTube,Horreur,2017,10,15,France,3257343,500,28,16,84.2,7.1,0
1606,YouTube,Comedie,2022,9,35,UK,7901,3030,91,23,49.8,7.7,0
1607,YouTube,Romance,2023,7,29,USA,10916,5942,246,27,63.4,7.6,0
1608,YouTube,Drame,2015,8,46,France,1951,12257,405,81,32.1,5.4,0
1609,YouTube,Comedie,2021,7,45,France,2070,7863,1027,10,76.6,6.8,0
1610,YouTube,Documentaire,2018,5,50,France,154518,1181,185,16,65.2,9.0,0
1611,YouTube,Comedie,2015,9,9,USA,2064475,830,166,1,88.5,4.2,0
1612,YouTube,Animation,2023,11,28,France,7083,497560,18154,492,21.9,8.1,1
1613,YouTube,Animation,2015,9,42,Canada,44118,741,29,1,85.7,8.3,0
1614,YouTube,Action,2016,10,26,Allemagne,34212,118,15,1,54.2,3.9,0
1615,YouTube,Comedie,2015,10,41,France,162834,100,11,2,94.9,5.6,0
1616,YouTube,Documentaire,2019,5,39,USA,1862497,1232,102,10,58.4,6.1,0
1617,YouTube,Romance,2020,1,24,France,461365,31255,2252,259,90.1,7.8,0
1618,YouTube,Comedie,2017,5,8,France,13666,706,106,6,91.1,6.5,0
1619,YouTube,Biopic,2015,10,58,France,63420,119824,6695,1001,90.5,5.7,1
1620,YouTube,Drame,2016,10,50,Canada,77351,2927,245,5,92.4,6.6,0
1621,YouTube,Action,2023,7,53,USA,21158,47757,2338,506,70.7,7.2,0
1622,YouTube,Biopic,2022,10,20,USA,2460,448,19,2,74.7,6.3,0
1623,YouTube,Action,2023,1,21,UK,4457,466,69,10,74.4,8.9,0
1624,YouTube,Romance,2019,8,21,Canada,218885,3742,384,19,71.2,6.6,0
1625,YouTube,Biopic,2019,9,4,USA,269040,9960,474,1,66.7,7.6,0
1626,YouTube,Romance,2022,7,12,France,14543,1905,199,24,56.7,4.9,0
1627,YouTube,Romance,2020,9,20,Espagne,37127,6192,593,21,69.5,7.0,0
1628,YouTube,Thriller,2018,6,59,USA,241476,12980,607,336,67.9,5.7,0
1629,YouTube,Comedie,2017,7,14,UK,728,100,5,1,87.8,5.7,0
1630,YouTube,Romance,2019,8,31,UK,9020,1271,19,25,88.1,8.8,0
1631,YouTube,Horreur,2015,10,34,USA,1246366,815,45,0,90.0,5.5,0
1632,YouTube,Action,2016,3,23,France,40079,920,31,3,64.9,5.7,0
1633,YouTube,Horreur,2021,4,55,France,2302,8243,999,17,67.6,3.9,0
1634,YouTube,SF,2022,6,8,USA,27849,843,54,1,72.4,5.2,0
1635,YouTube,Romance,2015,3,52,USA,169884,100,21,0,86.1,4.0,0
1636,YouTube,Comedie,2015,5,45,Canada,135,1650,284,6,86.8,8.3,0
1637,YouTube,Animation,2015,5,20,UK,31337,208,12,2,75.8,7.1,0
1638,YouTube,Comedie,2022,4,46,Allemagne,10458,10309,1488,83,29.4,7.7,0
1639,YouTube,Drame,2017,5,27,Espagne,825,22342,2863,95,91.6,7.2,0
1640,YouTube,Documentaire,2017,7,58,UK,25948,100,8,0,78.4,5.1,0
1641,YouTube,Action,2015,9,5,France,16764,430,57,0,84.7,7.7,0
1642,YouTube,SF,2023,4,4,USA,20990,7211,276,232,67.0,6.2,0
1643,YouTube,Romance,2018,11,34,UK,10976,100,5,0,70.2,7.4,0
1644,YouTube,Comedie,2022,6,56,USA,2856,21092,751,138,62.6,2.4,0
1645,YouTube,Drame,2021,9,6,France,1200,41080,1153,96,43.0,4.7,0
1646,YouTube,Thriller,2016,2,47,USA,5533,1988,56,15,50.9,5.4,0
1647,YouTube,Animation,2022,3,56,USA,122823,430,18,0,27.6,7.0,0
1648,YouTube,Biopic,2019,6,30,USA,35106,100,4,0,82.0,4.1,0
1649,YouTube,Horreur,2020,5,52,Canada,19180,22812,734,469,71.2,9.9,0
1650,YouTube,Comedie,2016,6,46,USA,2753,445228,4067,826,67.3,8.4,1
1651,YouTube,Action,2022,2,15,USA,10427,265435,15156,1920,44.0,8.5,1
1652,YouTube,Action,2023,6,51,USA,96212,1830,45,31,55.5,8.7,0
1653,YouTube,Romance,2018,9,42,USA,60449,194,7,0,77.0,7.3,0
1654,YouTube,Comedie,2015,9,3,France,8481,24198,3861,170,89.7,4.8,0
1655,YouTube,Drame,2022,3,35,USA,118,2170,163,8,68.4,7.2,0
1656,YouTube,Horreur,2022,5,40,USA,5711,9851,812,70,71.4,5.8,0
1657,YouTube,Horreur,2019,7,48,UK,8388,6354,177,78,90.5,6.2,0
1658,YouTube,Horreur,2020,7,46,France,3589,3761,242,30,52.8,7.8,0
1659,YouTube,Drame,2017,10,30,Espagne,9639,38998,9496,112,75.4,5.7,0
1660,YouTube,Animation,2015,5,20,Canada,112769,42794,1031,210,62.4,5.6,0
1661,YouTube,Animation,2023,9,13,USA,20443,806,157,2,81.9,7.9,0
1662,YouTube,Comedie,2019,11,8,USA,159435,296,19,4,59.8,5.3,0
1663,YouTube,Romance,2017,4,39,USA,1078,100,13,0,55.3,6.0,0
1664,YouTube,Romance,2021,10,57,UK,11966,1254,171,15,74.5,6.4,0
1665,YouTube,Thriller,2015,4,7,UK,455,193,30,4,47.3,7.4,0
1666,YouTube,Documentaire,2015,5,43,UK,9384,8501,994,132,71.0,7.6,0
1667,YouTube,Animation,2017,8,36,Allemagne,2720,1287,68,21,50.9,5.5,0
1668,YouTube,Romance,2019,8,12,USA,285645,1688,157,63,92.3,4.0,0
1669,YouTube,Documentaire,2018,7,15,UK,49982,22695,520,222,65.9,8.4,0
1670,YouTube,Documentaire,2016,3,19,USA,167654,8047,725,33,76.5,3.1,0
1671,YouTube,Romance,2018,2,42,UK,9332,2226,362,18,41.7,7.1,0
1672,YouTube,Drame,2018,11,20,USA,2865,202008,37026,2119,71.8,6.4,1
1673,YouTube,Documentaire,2019,11,50,Canada,2688,18870,1402,272,62.8,6.9,0
1674,YouTube,Documentaire,2020,11,24,France,37454,1054,289,7,68.5,7.0,0
1675,YouTube,Biopic,2022,7,9,France,822680,1178,192,1,75.6,6.1,0
1676,YouTube,Comedie,2022,11,8,France,50249,21395,594,490,71.6,6.4,0
1677,YouTube,SF,2017,6,25,Espagne,10409,4949,196,3,57.9,7.0,0
1678,YouTube,Biopic,2023,1,26,USA,15100,180,33,2,88.4,6.9,0
1679,YouTube,Romance,2019,3,44,USA,20689,27911,458,1255,56.3,2.3,0
1680,YouTube,Biopic,2016,4,30,USA,1268423,69084,7579,697,86.4,6.4,0
1681,YouTube,Action,2018,5,12,USA,259683,57152,6191,1728,82.9,7.7,0
1682,YouTube,Action,2021,12,15,Allemagne,37046,141050,4731,753,88.8,5.4,1
1683,YouTube,Documentaire,2022,4,35,Espagne,27431,525967,168124,1049,77.2,7.2,1
1684,YouTube,Thriller,2018,8,22,Canada,40082,225234,10421,2400,87.7,8.0,1
1685,YouTube,Romance,2016,4,41,Canada,59192,6985,424,22,90.2,6.6,0
1686,YouTube,SF,2016,8,55,France,9639,1770,126,10,63.8,6.7,0
1687,YouTube,SF,2015,7,23,France,4071,100,10,0,94.5,4.5,0
1688,YouTube,Biopic,2021,2,34,USA,173588,3063,816,104,64.0,6.4,0
1689,YouTube,Action,2019,6,50,UK,23016,10914,282,275,51.0,7.2,0
1690,YouTube,Documentaire,2019,2,14,France,146892,3323,338,53,50.3,5.8,0
1691,YouTube,Horreur,2021,11,32,UK,592625,100,11,1,95.0,5.9,0
1692,YouTube,Animation,2022,9,20,France,62394,1455,48,20,89.4,7.3,0
1693,YouTube,Thriller,2022,12,38,France,45120,14962,1241,40,62.6,7.0,0
1694,YouTube,Comedie,2016,11,45,USA,13262962,229,16,3,58.5,7.2,0
1695,YouTube,Animation,2020,3,11,Canada,33324,4510,103,35,48.9,4.1,0
1696,YouTube,SF,2022,9,13,UK,2487,8769,1369,268,54.7,7.1,0
1697,YouTube,Comedie,2021,2,4,USA,12550,48772,8023,79,67.1,4.1,0
1698,YouTube,Thriller,2017,12,3,Canada,490592,215671,20218,489,76.9,6.1,1
1699,YouTube,Biopic,2018,10,5,Canada,1655,1159,67,25,45.4,9.4,0
1700,YouTube,Drame,2023,9,43,USA,4890,4719,378,51,53.4,7.4,0
1701,YouTube,Comedie,2015,12,54,Canada,201360,5103,83,88,35.9,7.0,0
1702,YouTube,Animation,2019,11,26,France,12794,15114,2508,242,70.6,5.2,0
1703,YouTube,Comedie,2016,11,53,USA,17667,11424,297,1,86.4,8.8,0
1704,YouTube,Biopic,2023,2,44,France,188479,105083,6586,111,86.0,7.0,1
1705,YouTube,Horreur,2015,1,49,USA,5251,100,13,0,76.0,3.0,0
1706,YouTube,Biopic,2015,12,45,USA,1167,8476,1657,139,76.0,5.5,0
1707,YouTube,Biopic,2017,4,14,France,1369,10082,1617,62,51.6,6.9,0
1708,YouTube,Drame,2016,6,32,USA,70513,1655,197,10,95.0,6.2,0
1709,YouTube,Drame,2019,1,32,UK,36984,100,15,1,72.9,8.1,0
1710,YouTube,Thriller,2017,8,39,UK,5513,2559,222,18,56.7,4.8,0
1711,YouTube,SF,2018,10,48,France,2169,504,50,2,86.3,6.8,0
1712,YouTube,Horreur,2020,11,9,France,12821,197775,21918,1170,56.9,5.6,1
1713,YouTube,Documentaire,2020,7,41,USA,205465,7617,1403,67,80.8,6.7,0
1714,YouTube,Animation,2023,8,50,Canada,4139,408,57,1,72.4,5.7,0
1715,YouTube,Horreur,2019,7,9,Allemagne,5852,100,5,1,41.6,6.6,0
1716,YouTube,Animation,2020,6,26,USA,2036,13050,3264,23,58.1,8.8,0
1717,YouTube,Thriller,2021,7,54,UK,10563,16989,625,62,55.4,4.1,0
1718,YouTube,SF,2016,12,4,USA,43310,1738,57,4,43.8,9.6,0
1719,YouTube,Romance,2021,4,12,Espagne,1514109,13483,2434,135,39.7,10.0,0
1720,YouTube,Action,2022,6,48,France,34049,1248,140,22,90.5,5.7,0
1721,YouTube,Documentaire,2017,8,12,USA,19784,42960,3951,405,94.0,8.6,0
1722,YouTube,Animation,2016,7,43,USA,123731,35657,2898,366,44.7,7.8,0
1723,YouTube,Documentaire,2018,1,54,USA,88648,100,16,0,66.5,7.7,0
1724,YouTube,Romance,2017,4,31,France,6937,100,12,0,23.8,5.4,0
1725,YouTube,Documentaire,2020,8,30,France,2200334,478400,27102,7392,79.8,5.1,1
1726,YouTube,Biopic,2022,9,27,USA,20978,30653,6732,836,47.5,5.8,0
1727,YouTube,Romance,2020,9,24,UK,35339,126,24,2,60.1,5.9,0
1728,YouTube,SF,2016,12,24,UK,66349,100,7,0,44.6,4.7,0
1729,YouTube,Comedie,2017,9,34,France,43991,5011,745,9,32.9,5.3,0
1730,YouTube,Documentaire,2021,7,54,Allemagne,465466,171,16,2,91.4,8.0,0
1731,YouTube,Biopic,2017,4,58,USA,6769,1350,185,12,79.0,8.8,0
1732,YouTube,Animation,2020,5,52,Espagne,105531,2648,54,16,78.7,5.1,0
1733,YouTube,Horreur,2021,10,9,France,30611,2377,543,43,75.9,10.0,0
1734,YouTube,Horreur,2017,6,20,Canada,157227,49828,2264,1092,61.8,4.3,0
1735,YouTube,Documentaire,2020,9,46,Allemagne,14328,292696,13587,4449,86.0,4.7,1
1736,YouTube,Romance,2018,2,34,Canada,10928,900,121,23,67.0,3.7,0
1737,YouTube,Action,2016,2,22,Canada,95239,176,11,1,65.0,3.8,0
1738,YouTube,Action,2018,3,20,USA,45070,7880,790,419,50.5,8.2,0
1739,YouTube,Drame,2018,3,9,UK,4270,176081,5642,576,67.6,5.8,1
1740,YouTube,SF,2015,8,21,USA,324884,1087,111,4,47.6,6.4,0
1741,YouTube,Documentaire,2023,8,27,USA,95322,24981,2922,370,80.7,6.0,0
1742,YouTube,SF,2019,7,26,Espagne,18988,367,51,4,76.8,4.5,0
1743,YouTube,Action,2015,4,34,France,8634,3143,40,1,60.1,3.8,0
1744,YouTube,Drame,2022,7,18,USA,45627,163,11,2,82.7,3.1,0
1745,YouTube,Biopic,2022,2,14,Allemagne,82534,3062,305,7,54.6,5.9,0
1746,YouTube,Biopic,2015,6,53,France,908,2228,145,5,81.9,7.0,0
1747,YouTube,Thriller,2016,2,26,France,46693,13633,368,132,25.3,4.9,0
1748,YouTube,Horreur,2018,1,17,USA,81235,254016,22188,493,72.3,2.9,1
1749,YouTube,Documentaire,2019,2,39,Canada,199,1127,51,2,77.1,7.7,0
1750,YouTube,Biopic,2021,2,33,Allemagne,32610,100,6,0,67.1,7.9,0
1751,YouTube,Horreur,2018,6,35,France,88363,1798,189,19,45.3,4.2,0
1752,YouTube,Animation,2020,7,15,UK,70386,6299,108,1,76.9,4.5,0
1753,YouTube,Thriller,2015,8,44,USA,109633,4938,1510,116,45.5,7.4,0
1754,YouTube,Animation,2020,6,13,UK,11439,2011,250,85,87.3,3.4,0
1755,YouTube,Thriller,2023,3,50,UK,2752,122919,8615,164,78.0,4.2,1
1756,YouTube,Thriller,2019,1,27,Espagne,602,4190,380,17,45.0,8.5,0
1757,YouTube,Animation,2019,9,26,USA,195721,2293,100,0,88.4,5.5,0
1758,YouTube,Romance,2017,12,25,France,89871,426,7,12,64.5,6.3,0
1759,YouTube,Romance,2023,4,27,USA,227971,100,4,1,48.3,4.5,0
1760,YouTube,Thriller,2015,3,40,USA,5165,6789,263,36,73.0,8.0,0
1761,YouTube,SF,2017,4,31,USA,109938,5505,239,66,68.0,6.1,0
1762,YouTube,Action,2016,3,10,France,1090,210,35,2,90.7,7.8,0
1763,YouTube,Animation,2022,3,35,France,3870,2667,334,4,52.4,5.5,0
1764,YouTube,Romance,2019,6,18,Espagne,28337,2080,84,13,66.0,4.5,0
1765,YouTube,Biopic,2023,10,9,France,82985,625,5,7,95.0,6.1,0
1766,YouTube,Romance,2020,9,50,USA,632872,410,65,13,73.0,5.0,0
1767,YouTube,SF,2020,12,20,Canada,13627,8206,666,72,66.6,5.5,0
1768,YouTube,Action,2019,5,36,France,3899,1695,286,3,76.5,5.0,0
1769,YouTube,Comedie,2016,6,12,France,3518,680,72,1,67.4,4.3,0
1770,YouTube,Thriller,2020,5,22,USA,5565,345,23,1,54.5,7.4,0
1771,YouTube,Thriller,2021,1,24,USA,1871130,2153,109,7,83.6,6.9,0
1772,YouTube,Thriller,2023,5,10,USA,100082,30067,1764,725,70.5,4.7,0
1773,YouTube,Thriller,2019,4,58,UK,203834,4997,506,75,82.6,8.9,0
1774,YouTube,Documentaire,2023,6,20,France,13657,1647,109,9,53.4,5.1,0
1775,YouTube,Comedie,2023,2,36,France,21953,6446,345,119,64.3,7.5,0
1776,YouTube,Thriller,2019,9,35,France,89190,90306,4987,228,62.8,2.3,1
1777,YouTube,Comedie,2018,11,27,USA,8009,10158,322,133,79.6,5.8,0
1778,YouTube,Thriller,2016,12,36,USA,12300,5713,999,5,65.2,3.4,0
1779,YouTube,Animation,2017,2,35,Espagne,5713,14710,2519,381,76.1,4.9,0
1780,YouTube,Action,2022,2,7,France,9000,2008,99,39,79.5,6.9,0
1781,YouTube,Thriller,2016,12,41,USA,24293,4722,848,70,69.1,6.7,0
1782,YouTube,Action,2018,11,9,USA,4258,877,34,2,80.7,5.1,0
1783,YouTube,Biopic,2021,8,27,UK,39025,100,4,0,95.0,6.3,0
1784,YouTube,Documentaire,2017,4,23,UK,38916,7024,790,31,59.5,6.7,0
1785,YouTube,Drame,2023,7,28,France,15390,7091,777,237,79.0,5.3,0
1786,YouTube,Comedie,2020,7,7,UK,4209,1452,190,6,59.9,7.3,0
1787,YouTube,Action,2015,11,42,USA,27171,39717,1042,484,81.5,6.4,0
1788,YouTube,SF,2017,7,26,Canada,8023,490,94,0,52.8,5.4,0
1789,YouTube,Documentaire,2021,1,6,France,24177,100,3,1,45.6,9.0,0
1790,YouTube,Romance,2022,9,3,UK,198046,521,38,12,55.7,5.6,0
1791,YouTube,Horreur,2023,10,33,UK,1797,100,28,0,81.2,4.6,0
1792,YouTube,Thriller,2022,4,40,UK,1701418,6940,409,30,59.4,7.7,0
1793,YouTube,Drame,2015,2,34,France,19052,454,67,0,79.0,7.2,0
1794,YouTube,SF,2021,2,44,UK,50195,34951,4206,301,51.0,3.2,0
1795,YouTube,Drame,2015,11,46,UK,4887,33173,3236,108,78.0,3.3,0
1796,YouTube,Biopic,2015,6,52,USA,216300,295,22,4,88.6,7.0,0
1797,YouTube,Comedie,2021,7,59,USA,17132,395,41,2,56.2,5.2,0
1798,YouTube,SF,2019,12,53,France,10014,11340,852,114,89.0,6.7,0
1799,YouTube,Romance,2020,1,48,France,6967,34530,3460,44,56.1,5.6,0
1800,YouTube,Action,2022,3,27,Canada,12874,100,10,0,50.3,7.0,0
1801,YouTube,SF,2015,10,31,USA,50853,6028,603,36,83.2,7.4,0
1802,YouTube,SF,2019,7,38,UK,31120,100,12,2,89.3,3.4,0
1803,YouTube,Drame,2022,1,12,UK,20338,756,41,3,61.0,4.7,0
1804,YouTube,Comedie,2018,9,41,UK,5308,45896,3561,126,88.7,8.6,0
1805,YouTube,Action,2019,2,36,UK,4729,5522964,558119,32711,50.9,6.9,1
1806,YouTube,Action,2019,10,32,UK,8762,1640,68,5,80.8,7.3,0
1807,YouTube,SF,2023,10,50,USA,55301,131,4,1,80.6,9.7,0
1808,YouTube,Action,2015,10,42,France,82827,825,58,22,84.9,8.0,0
1809,YouTube,Biopic,2022,6,56,Canada,108454,3516,214,30,61.6,6.4,0
1810,YouTube,Drame,2022,4,58,Espagne,21961,558,20,1,52.6,4.6,0
1811,YouTube,Animation,2022,11,50,USA,47435,295,16,0,40.4,8.3,0
1812,YouTube,Animation,2018,7,19,Espagne,15726,1025,7,8,39.5,8.3,0
1813,YouTube,SF,2019,8,13,Espagne,675,8013,340,85,76.2,6.7,0
1814,YouTube,Horreur,2018,2,20,USA,14301,1951,219,11,87.0,9.3,0
1815,YouTube,Comedie,2017,8,43,UK,10397,328,22,1,77.1,6.9,0
1816,YouTube,Drame,2022,7,52,UK,2757,558,30,15,61.6,6.6,0
1817,YouTube,Drame,2019,4,53,France,7081,1059,256,6,37.6,8.3,0
1818,YouTube,Comedie,2021,10,41,France,28859,245,27,0,67.4,7.2,0
1819,YouTube,Drame,2015,2,41,USA,2283,508,45,3,64.4,7.6,0
1820,YouTube,Thriller,2022,9,57,Canada,5315,14899,1378,381,65.0,3.3,0
1821,YouTube,Documentaire,2020,12,42,USA,486895,1676,134,40,81.3,7.0,0
1822,YouTube,Thriller,2023,7,11,Canada,893,100,6,0,56.5,5.7,0
1823,YouTube,Horreur,2016,2,31,UK,15269,38652,2724,29,94.4,5.7,0
1824,YouTube,Documentaire,2019,7,23,UK,2137,8448,195,235,80.7,6.1,0
1825,YouTube,Biopic,2019,7,39,France,4898,100,19,1,82.2,5.5,0
1826,YouTube,Comedie,2019,7,39,USA,14831,1195,74,23,58.0,7.6,0
1827,YouTube,Biopic,2015,4,19,France,3055,411,44,3,67.8,4.7,0
1828,YouTube,Animation,2019,8,20,France,69415,16191,112,208,59.2,3.8,0
1829,YouTube,Biopic,2017,4,8,France,328502,1177,79,3,87.8,6.3,0
1830,YouTube,Thriller,2020,7,19,France,118581,2485,303,7,37.4,8.5,0
1831,YouTube,Biopic,2017,8,50,France,170967,1857,263,21,51.6,5.7,0
1832,YouTube,Romance,2018,8,40,USA,1394,100,2,2,59.9,6.1,0
1833,YouTube,Action,2020,10,56,USA,13546,100056,6266,685,77.3,6.1,1
1834,YouTube,SF,2015,11,55,France,56097,15612,2370,319,53.9,10.0,0
1835,YouTube,Comedie,2022,10,51,Allemagne,125791,460,21,8,57.0,7.9,0
1836,YouTube,Biopic,2021,10,13,USA,734324,4815,163,92,67.3,5.6,0
1837,YouTube,Thriller,2015,11,22,Allemagne,186853,34040,1568,348,72.0,6.2,0
1838,YouTube,Drame,2015,3,6,UK,132319,3426,483,29,86.6,5.3,0
1839,YouTube,Romance,2022,4,8,France,4270285,146076,13628,1381,95.0,9.3,1
1840,YouTube,SF,2017,7,16,Allemagne,26705,4389066,558758,15504,75.8,4.2,1
1841,YouTube,Action,2022,6,18,Allemagne,12355,2174,106,23,36.8,5.0,0
1842,YouTube,Horreur,2019,9,3,UK,31404,694,20,5,75.9,7.8,0
1843,YouTube,Horreur,2018,1,51,USA,3532,251,48,1,77.6,9.0,0
1844,YouTube,Documentaire,2017,2,33,USA,25216,100,5,4,58.5,6.5,0
1845,YouTube,Animation,2020,9,40,USA,696,67532,1207,177,55.5,6.1,0
1846,YouTube,SF,2015,10,40,Canada,7638,1231,78,12,22.9,6.6,0
1847,YouTube,Romance,2018,4,58,USA,17489,26592,3374,211,84.8,6.6,0
1848,YouTube,Romance,2018,4,11,France,147159,43964,3389,601,54.1,9.6,0
1849,YouTube,Comedie,2016,7,22,France,203247,199,46,3,86.0,7.2,0
1850,YouTube,Action,2018,6,20,France,3205,290,9,1,91.0,5.9,0
1851,YouTube,Drame,2019,3,34,France,1400117,233682,33658,2054,59.8,7.1,1
1852,YouTube,SF,2021,7,32,USA,29636,2501,51,47,35.1,7.9,0
1853,YouTube,Comedie,2015,10,48,Allemagne,35599,572,11,2,42.6,5.1,0
1854,YouTube,Comedie,2022,9,34,France,866,218,22,3,58.3,6.9,0
1855,YouTube,Horreur,2022,10,16,USA,6373,2093,164,7,85.1,6.5,0
1856,YouTube,Thriller,2021,8,35,France,179808,129280,18931,276,60.0,4.8,1
1857,YouTube,Romance,2023,11,57,USA,30932,16540,641,43,34.1,5.9,0
1858,YouTube,Romance,2018,3,35,UK,27326,4695,1174,73,87.9,5.8,0
1859,YouTube,Documentaire,2022,1,36,USA,34694,158150,16841,987,55.0,5.8,1
1860,YouTube,Documentaire,2021,2,13,Espagne,1228,97678,6627,103,94.0,9.3,1
1861,YouTube,Drame,2020,12,3,Espagne,18156,6872,140,76,74.4,6.5,0
1862,YouTube,Horreur,2016,8,14,Canada,368302,3079565,433946,28333,52.1,7.0,1
1863,YouTube,Thriller,2020,3,4,Canada,193574,1605,308,40,72.3,7.5,0
1864,YouTube,Horreur,2023,11,28,USA,17147,46400,4564,622,74.6,6.4,0
1865,YouTube,SF,2023,4,53,USA,502493,1116,171,5,74.4,5.8,0
1866,YouTube,Comedie,2019,8,28,USA,1775,28484,386,413,77.6,8.7,0
1867,YouTube,Documentaire,2017,3,39,Canada,3154,1602,55,9,77.7,8.7,0
1868,YouTube,Action,2021,2,51,France,915517,9446,418,32,72.4,7.9,0
1869,YouTube,Documentaire,2015,4,46,France,69978,1173310,34269,2330,62.9,6.3,1
1870,YouTube,Action,2016,3,40,France,12360,32197,6355,1152,67.9,7.0,0
1871,YouTube,Drame,2020,7,47,UK,19719,9819,270,25,95.0,5.3,0
1872,YouTube,Animation,2023,1,18,UK,4388,429,14,0,63.2,6.6,0
1873,YouTube,Biopic,2017,3,26,France,38299,4772,132,136,43.2,4.7,0
1874,YouTube,SF,2018,7,25,USA,32688,239,42,0,91.5,7.7,0
1875,YouTube,Comedie,2017,5,48,USA,22920,27376,3696,260,73.1,9.0,0
1876,YouTube,Drame,2018,8,26,Canada,2165,25711,819,75,62.4,4.8,0
1877,YouTube,Horreur,2015,8,56,France,37403,1902,47,1,71.1,9.1,0
1878,YouTube,Documentaire,2020,12,13,France,7638,190771,39268,586,40.8,7.4,1
1879,YouTube,Comedie,2020,11,12,UK,3065,134220,9946,3079,79.0,5.3,1
1880,YouTube,Thriller,2017,3,43,USA,277474,4333,172,112,61.1,6.9,0
1881,YouTube,Drame,2017,9,46,Canada,1688654,12256,1769,153,37.4,8.8,0
1882,YouTube,Comedie,2021,8,41,USA,1072218,684,6,5,74.8,8.4,0
1883,YouTube,Horreur,2016,8,20,Espagne,80841,1509,47,1,77.3,8.3,0
1884,YouTube,Animation,2015,10,3,USA,12949,201,7,0,70.8,5.9,0
1885,YouTube,Comedie,2015,2,21,USA,19135,901,34,8,71.3,5.1,0
1886,YouTube,Animation,2022,5,29,Espagne,49573,2296,144,5,75.5,6.5,0
1887,YouTube,SF,2018,10,26,France,9504,100,4,2,39.6,6.7,0
1888,YouTube,Action,2015,11,55,Canada,307927,12607,3100,32,87.0,6.2,0
1889,YouTube,SF,2022,1,52,France,375,38381,2394,29,90.7,5.6,0
1890,YouTube,Comedie,2016,6,47,USA,12192,2922,71,5,76.9,5.0,0
1891,YouTube,Drame,2018,4,4,France,109331,100,5,0,56.5,7.6,0
1892,YouTube,Horreur,2015,3,10,USA,4063,1583,51,11,65.9,5.4,0
1893,YouTube,Documentaire,2021,1,27,Canada,13625,100,5,3,60.7,7.7,0
1894,YouTube,Comedie,2021,7,38,France,72206,649,148,3,31.4,6.1,0
1895,YouTube,Horreur,2021,9,41,France,458877,112402,11157,313,84.3,6.4,1
1896,YouTube,Romance,2017,7,19,USA,1655,100,13,0,47.7,4.7,0
1897,YouTube,Horreur,2017,5,9,France,1427,387,32,1,86.6,7.1,0
1898,YouTube,Documentaire,2023,10,21,USA,3320,23716,467,35,74.2,6.1,0
1899,YouTube,Thriller,2022,8,48,Espagne,1017,515,18,3,41.1,4.9,0
1900,YouTube,Romance,2015,11,59,France,1172,425,65,3,17.4,6.2,0
1901,YouTube,Romance,2021,5,56,USA,3148,479747,73618,4194,85.3,5.2,1
1902,YouTube,Documentaire,2022,3,36,USA,259623,7676,862,47,81.5,4.1,0
1903,YouTube,Drame,2020,6,8,France,11799,30814,3098,77,60.9,7.6,0
1904,YouTube,Thriller,2020,7,58,France,23452,10266,1149,1,45.4,4.8,0
1905,YouTube,Drame,2015,6,11,UK,3258,4465,377,109,52.0,7.2,0
1906,YouTube,Drame,2015,10,18,UK,78203,70267,6380,285,76.5,9.9,0
1907,YouTube,Comedie,2015,1,58,Canada,938021,349188,5194,997,59.4,5.1,1
1908,YouTube,Action,2016,7,31,USA,3732,100,5,1,68.5,7.2,0
1909,YouTube,Biopic,2023,6,14,UK,693493,2729,192,83,52.2,5.9,0
1910,YouTube,Action,2020,3,31,Allemagne,45654,2675,12,18,41.5,6.9,0
1911,YouTube,Horreur,2022,8,7,Allemagne,22782,1019,60,7,54.6,3.8,0
1912,YouTube,Action,2017,10,20,Allemagne,49032,34636,3513,171,84.2,7.1,0
1913,YouTube,Documentaire,2023,7,57,France,48100,5665,395,8,95.0,6.7,0
1914,YouTube,Thriller,2016,2,20,Espagne,903660,367207,57833,154,89.1,10.0,1
1915,YouTube,Romance,2023,1,53,Canada,62345,46661,5468,741,90.2,3.4,0
1916,YouTube,Drame,2015,6,33,Canada,65004,90377,15753,750,77.6,5.8,1
1917,YouTube,SF,2015,9,40,UK,9480,148,30,1,90.4,7.2,0
1918,YouTube,SF,2015,4,43,Espagne,117966,397,14,12,44.7,7.8,0
1919,YouTube,Romance,2022,4,34,USA,3249,488,94,4,48.2,6.3,0
1920,YouTube,Thriller,2017,11,4,UK,27392,81454,3536,5885,73.1,8.4,1
1921,YouTube,Romance,2019,1,55,UK,7036117,265,10,1,62.4,6.6,0
1922,YouTube,Horreur,2019,1,30,UK,147,285,23,2,78.0,6.7,0
1923,YouTube,SF,2022,2,40,Canada,35111,180,14,6,70.4,3.9,0
1924,YouTube,Thriller,2018,12,34,France,37920,2906813,490019,27574,38.8,7.4,1
1925,YouTube,Comedie,2015,6,40,USA,13958,2088,104,26,44.9,8.8,0
1926,YouTube,Thriller,2018,2,23,USA,14631,11211,449,36,89.1,5.0,0
1927,YouTube,Comedie,2017,4,51,UK,26444,172,8,0,50.9,5.8,0
1928,YouTube,Comedie,2021,12,15,UK,13306,32798,641,709,79.6,4.4,0
1929,YouTube,Biopic,2021,9,40,Canada,34336,100,1,1,69.1,7.2,0
1930,YouTube,Action,2015,3,35,Canada,8306,257,19,0,71.9,6.3,0
1931,YouTube,SF,2022,3,31,USA,1257687,478,97,0,87.3,7.7,0
1932,YouTube,Horreur,2015,1,4,France,13306,5152,87,32,70.5,6.4,0
1933,YouTube,Biopic,2020,10,25,UK,68818,410,33,0,87.1,6.4,0
1934,YouTube,Comedie,2018,2,5,Allemagne,5778,134590,23362,233,75.0,6.4,1
1935,YouTube,Comedie,2017,4,31,UK,142384,10488,434,38,50.1,6.8,0
1936,YouTube,Thriller,2019,5,42,Allemagne,95505,531,31,0,79.3,6.5,0
1937,YouTube,Romance,2017,8,32,Espagne,50945,36099,3588,285,73.1,7.1,0
1938,YouTube,Biopic,2022,8,46,USA,2822,1115,138,2,84.0,8.6,0
1939,YouTube,Drame,2023,10,23,UK,4891,681,43,13,78.7,8.0,0
1940,YouTube,Comedie,2022,4,20,USA,642001,27988,2128,544,93.0,9.1,0
1941,YouTube,Drame,2018,5,28,USA,4784,100,13,1,85.8,4.7,0
1942,YouTube,Horreur,2019,5,16,France,79364,18714,2188,104,73.2,5.4,0
1943,YouTube,Action,2019,1,48,France,3329,501,14,0,48.9,8.2,0
1944,YouTube,Thriller,2022,9,49,France,165506,499,22,0,72.5,5.0,0
1945,YouTube,Comedie,2019,7,26,UK,5581,398452,65138,528,40.7,8.9,1
1946,YouTube,Comedie,2019,6,48,France,3208,789,170,5,82.4,5.7,0
1947,YouTube,Biopic,2018,12,4,USA,5299,32525,3059,903,88.5,6.3,0
1948,YouTube,Action,2018,3,11,USA,7276,5991,617,27,42.3,5.9,0
1949,YouTube,Thriller,2019,12,19,USA,49481,7765,107,55,77.5,6.5,0
1950,YouTube,Biopic,2021,9,25,Allemagne,25305,1593,68,19,56.3,9.0,0
1951,YouTube,Animation,2018,3,16,USA,2464,1398,61,16,85.5,8.5,0
1952,YouTube,Action,2022,9,32,France,20829,135940,11442,122,81.0,9.4,1
1953,YouTube,SF,2022,10,48,Espagne,2237,30520,5786,264,76.5,9.9,0
1954,YouTube,Biopic,2018,5,29,Canada,79786,854,94,3,73.9,5.8,0
1955,YouTube,SF,2023,5,28,UK,115128,218,51,0,79.2,5.0,0
1956,YouTube,Romance,2016,11,6,Canada,20996,691,138,7,71.3,6.7,0
1957,YouTube,Romance,2023,2,18,France,37922,34673,6708,505,57.0,7.0,0
1958,YouTube,Animation,2017,1,49,Canada,732521,56768,1406,48,79.5,4.3,0
1959,YouTube,Comedie,2020,8,49,France,16071,11936,866,178,49.8,7.7,0
1960,YouTube,Horreur,2017,11,8,USA,3332,100,8,0,81.5,4.9,0
1961,YouTube,Biopic,2018,7,4,France,70149,19622,1820,50,75.8,5.9,0
1962,YouTube,Comedie,2018,2,50,Canada,2286,77570,9423,138,36.1,7.6,0
1963,YouTube,Horreur,2021,7,12,France,14455,4600,581,73,75.0,7.2,0
1964,YouTube,Horreur,2015,4,35,France,6647,420629,45535,754,63.7,6.6,1
1965,YouTube,Documentaire,2022,10,50,France,5411,109,7,2,65.7,6.9,0
1966,YouTube,Thriller,2023,8,47,UK,13357,16514,345,239,41.7,7.5,0
1967,YouTube,SF,2020,5,34,France,133223,232,10,0,92.1,5.6,0
1968,YouTube,Horreur,2019,8,24,USA,201055,42039,1186,452,74.2,7.0,0
1969,YouTube,Comedie,2021,9,47,USA,140422,13796,770,2,85.7,6.5,0
1970,YouTube,Horreur,2016,9,42,Canada,43161,269248,14638,1632,74.3,6.7,1
1971,YouTube,Biopic,2021,5,50,France,13155,10396,1062,40,71.7,8.2,0
1972,YouTube,Animation,2016,7,32,Espagne,197,1085,48,8,71.4,6.9,0
1973,YouTube,Thriller,2021,1,56,USA,45950,873,83,6,42.7,8.6,0
1974,YouTube,Romance,2017,5,46,France,230,1594,142,7,64.5,5.8,0
1975,YouTube,Action,2021,5,6,France,470,831,57,3,89.4,6.4,0
1976,YouTube,Biopic,2022,7,19,France,15941,86488,7007,43,73.6,4.2,1
1977,YouTube,Thriller,2016,12,48,USA,37389,72337,9927,556,36.0,5.1,0
1978,YouTube,Action,2020,12,9,France,8935,100,12,1,31.7,5.9,0
1979,YouTube,Documentaire,2019,6,43,Allemagne,474996,3280,276,84,75.1,7.2,0
1980,YouTube,Animation,2017,8,22,USA,55503,3485,276,36,66.6,5.8,0
1981,YouTube,Animation,2020,2,14,France,13375,422,19,3,57.6,4.9,0
1982,YouTube,Action,2023,6,33,USA,352434,8916,500,203,51.0,7.0,0
1983,YouTube,Documentaire,2015,9,56,France,503947,114935,8870,479,38.6,4.0,1
1984,YouTube,Animation,2023,9,54,France,61397,27709,1719,7,87.4,4.1,0
1985,YouTube,Documentaire,2022,12,26,USA,4672,86480,26086,165,90.8,5.3,1
1986,YouTube,Horreur,2019,6,3,France,7328,494,64,1,71.2,7.1,0
1987,YouTube,Drame,2020,11,53,France,1219,3265,809,5,54.8,5.2,0
1988,YouTube,Drame,2018,12,54,Espagne,20234,439,42,2,57.4,6.6,0
1989,YouTube,Biopic,2016,7,37,UK,2697,5423,630,85,77.2,7.6,0
1990,YouTube,Romance,2020,2,38,Allemagne,11405,6792,1130,5,60.6,7.2,0
1991,YouTube,SF,2022,5,33,France,37093,32846,1667,112,42.6,9.1,0
1992,YouTube,Drame,2017,10,3,Allemagne,416,79517,5964,1782,89.3,6.7,0
1993,YouTube,Animation,2021,7,12,USA,1759,16687,1496,52,71.0,8.6,0
1994,YouTube,Documentaire,2021,12,11,France,7992,347,6,4,66.2,7.4,0
1995,YouTube,Action,2021,10,55,Canada,19829,101,15,0,79.9,5.9,0
1996,YouTube,Romance,2018,1,5,France,8202,10938,2611,190,76.8,5.1,0
1997,YouTube,Biopic,2018,11,34,USA,12822,126918,6622,229,69.3,6.7,1
1998,YouTube,Drame,2018,5,23,Canada,5364,2801,114,0,76.4,4.6,0
1999,YouTube,Drame,2022,10,3,UK,1213,100,10,0,65.1,6.2,0
2000,YouTube,Horreur,2023,7,55,USA,7559,546828,86329,7410,61.4,6.3,1
2001,YouTube,Action,2018,6,4,USA,14380,10132,278,8,78.2,8.3,0
2002,YouTube,Thriller,2023,1,51,France,11839,4572,212,91,69.9,5.4,0
2003,YouTube,SF,2020,2,47,Espagne,27545,160,16,2,77.4,7.2,0
2004,YouTube,Documentaire,2018,8,48,France,50908,3104,122,93,64.4,5.0,0
2005,YouTube,Comedie,2015,7,12,France,86116,16600,901,380,70.3,7.8,0
2006,YouTube,SF,2020,7,53,France,6203,10483,337,3,72.0,8.8,0
2007,YouTube,Comedie,2020,2,37,Allemagne,942,544,81,3,55.3,5.3,0
2008,YouTube,Documentaire,2023,7,25,Canada,280181,2584,174,49,88.3,6.7,0
2009,YouTube,Animation,2021,1,41,USA,47614,639,62,4,84.6,10.0,0
2010,YouTube,SF,2015,2,22,Espagne,3263,191071,9729,78,18.5,5.4,1
2011,YouTube,Thriller,2020,6,18,France,38384,27922,1444,1069,60.6,4.3,0
2012,YouTube,Comedie,2021,8,19,Allemagne,186463,803,135,4,70.0,6.8,0
2013,YouTube,Biopic,2019,8,35,France,699662,160,16,3,73.2,4.9,0
2014,YouTube,Animation,2018,12,37,USA,36359,5970,112,73,84.7,7.1,0
2015,YouTube,Thriller,2022,11,16,France,183384,869,123,6,70.5,7.8,0
2016,YouTube,SF,2020,5,16,Espagne,1960,1047,13,24,81.6,5.0,0
2017,YouTube,Documentaire,2021,10,56,Allemagne,20500,174,20,4,76.4,4.3,0
2018,YouTube,Documentaire,2019,2,32,USA,11270,237,11,5,41.6,8.0,0
2019,YouTube,SF,2017,11,52,France,43701,4476,167,87,72.7,9.1,0
2020,YouTube,Thriller,2019,5,21,France,552598,1529,86,42,89.4,6.0,0
2021,YouTube,Animation,2023,10,19,USA,36307,1530776,95814,15539,74.7,8.6,1
2022,YouTube,Animation,2020,12,19,USA,3376,13169,749,138,41.4,9.1,0
2023,YouTube,Romance,2021,9,33,France,1760,167,15,1,67.3,7.6,0
2024,YouTube,Action,2016,12,47,UK,592176,100,5,1,48.4,6.7,0
2025,YouTube,SF,2023,1,31,UK,61548,8066,882,152,94.6,7.5,0
2026,YouTube,Animation,2017,3,19,Allemagne,53968,1105,117,4,79.8,7.8,0
2027,YouTube,Biopic,2023,8,57,USA,11076,83173,2414,170,63.4,3.1,1
2028,YouTube,Romance,2019,7,35,USA,37636,6030,1228,31,57.8,6.3,0
2029,YouTube,Thriller,2023,2,25,USA,3059,100,18,1,74.7,4.5,0
2030,YouTube,Romance,2023,9,3,France,47781,233,27,3,83.6,5.1,0
2031,YouTube,Comedie,2021,1,35,UK,2101,551,10,5,85.6,7.0,0
2032,YouTube,Action,2023,12,38,Canada,10736,9001,152,106,85.4,6.4,0
2033,YouTube,Animation,2020,2,55,France,6088,214,53,4,70.4,6.5,0
2034,YouTube,Biopic,2022,6,16,USA,100,4367,115,10,69.7,6.3,0
2035,YouTube,Horreur,2016,10,12,Allemagne,11008,105,9,1,31.8,6.2,0
2036,YouTube,Romance,2015,7,59,USA,3649,3027,166,7,33.8,6.5,0
2037,YouTube,Action,2019,9,34,USA,14461,7518,1473,57,80.5,8.8,0
2038,YouTube,Biopic,2022,9,4,UK,22102,115125,17347,1700,74.8,7.5,1
2039,YouTube,SF,2021,12,9,USA,756050,5507,488,22,80.6,5.1,0
2040,YouTube,Drame,2019,6,30,France,40514,386,58,7,69.8,5.8,0
2041,YouTube,Horreur,2019,12,38,Canada,42968,124556,22340,704,29.6,7.5,1
2042,YouTube,Documentaire,2020,7,16,Allemagne,59351,1885,55,41,53.1,6.1,0
2043,YouTube,Documentaire,2022,11,23,France,125947,20617,1920,51,95.0,7.3,0
2044,YouTube,Drame,2022,9,44,France,54642,644,20,9,57.1,6.5,0
2045,YouTube,Biopic,2015,2,58,UK,38693,3740,98,15,41.2,6.8,0
2046,YouTube,SF,2020,8,30,UK,91353,402,58,1,84.6,8.4,0
2047,YouTube,Romance,2018,11,26,USA,171,6671,550,67,72.9,7.1,0
2048,YouTube,Documentaire,2022,2,23,USA,1437050,22238,3089,275,56.3,9.4,0
2049,YouTube,Animation,2019,11,10,UK,529378,865,14,20,29.9,5.5,0
2050,YouTube,Comedie,2023,2,6,USA,34005,751,33,10,72.5,5.1,0
2051,YouTube,Thriller,2018,11,50,France,1305,7273,1026,59,63.3,7.1,0
2052,YouTube,Thriller,2021,10,5,France,247880,378,28,1,82.7,6.2,0
2053,YouTube,Biopic,2015,2,49,USA,5498,100,10,0,70.4,6.7,0
2054,YouTube,Documentaire,2023,9,17,Allemagne,64066,7208,143,98,42.5,7.0,0
2055,YouTube,Thriller,2016,2,42,USA,1692,2277,183,78,85.0,4.6,0
2056,YouTube,Documentaire,2018,7,57,USA,1891373,2159,44,7,87.0,3.2,0
2057,YouTube,Documentaire,2022,12,45,Allemagne,1230,10967,1718,241,69.4,7.6,0
2058,YouTube,Thriller,2023,3,44,USA,25285,15550,1413,83,41.2,4.3,0
2059,YouTube,SF,2019,3,18,USA,315,1993,102,24,78.8,5.7,0
2060,YouTube,Horreur,2019,6,37,France,20283,180,37,3,52.4,6.2,0
2061,YouTube,Romance,2015,5,39,UK,9409,603,79,4,76.2,6.4,0
2062,YouTube,Comedie,2023,1,27,UK,214136,12866,760,5,61.2,7.7,0
2063,YouTube,Documentaire,2015,6,5,Canada,9407,4192,363,18,54.5,7.5,0
2064,YouTube,Romance,2015,4,55,USA,214753,754,32,4,80.2,6.9,0
2065,YouTube,Romance,2019,2,14,USA,2840,419,132,15,57.6,7.4,0
2066,YouTube,Documentaire,2015,4,58,France,12532,13968,691,179,80.5,5.0,0
2067,YouTube,Biopic,2016,1,56,Espagne,13045,1712,63,33,61.4,5.4,0
2068,YouTube,Thriller,2020,11,4,France,59348,19570,1616,69,82.1,10.0,0
2069,YouTube,SF,2021,12,45,UK,46016,26858,2725,450,67.7,6.7,0
2070,YouTube,Comedie,2017,5,39,UK,93381,1363,136,23,94.7,7.8,0
2071,YouTube,Animation,2022,11,16,France,37558,32020,5836,291,92.2,4.8,0
2072,YouTube,SF,2020,6,49,USA,82671,4213,255,62,59.6,7.6,0
2073,YouTube,Thriller,2017,11,9,France,3656,5821,79,29,63.7,6.1,0
2074,YouTube,Animation,2021,3,17,USA,47934,100,15,0,53.9,5.7,0
2075,YouTube,SF,2020,4,57,Espagne,549306,263,38,6,79.1,9.1,0
2076,YouTube,SF,2022,9,45,USA,765,301,35,2,80.4,8.8,0
2077,YouTube,SF,2016,3,9,Espagne,58572,1343,324,6,61.3,6.5,0
2078,YouTube,Drame,2017,10,11,France,85268,3967,255,32,73.2,6.9,0
2079,YouTube,Comedie,2017,6,17,USA,409369,4394,571,17,78.7,5.9,0
2080,YouTube,Horreur,2018,5,7,Allemagne,94098,6089,163,53,63.7,4.8,0
2081,YouTube,Action,2022,6,13,Allemagne,26920,537,67,1,93.5,6.6,0
2082,YouTube,Thriller,2021,10,35,USA,52059,16787,706,682,89.9,6.9,0
2083,YouTube,Animation,2019,1,3,UK,5064,274641,5337,1772,43.0,8.1,1
2084,YouTube,Comedie,2019,10,19,Allemagne,10138,1232,88,43,81.8,7.4,0
2085,YouTube,Animation,2022,10,20,Canada,1523,567,66,6,60.8,5.0,0
2086,YouTube,Documentaire,2019,10,58,UK,431084,537,73,7,55.9,3.4,0
2087,YouTube,Animation,2017,12,58,France,54193,3691,260,21,92.3,6.0,0
2088,YouTube,Thriller,2016,10,51,France,3525,800,100,8,57.4,4.6,0
2089,YouTube,Action,2017,7,22,UK,37900,100,11,1,64.1,6.4,0
2090,YouTube,Horreur,2020,6,33,USA,223841,100,6,1,73.8,7.2,0
2091,YouTube,Thriller,2019,5,31,France,160425,38195,3804,794,69.5,7.0,0
2092,YouTube,Horreur,2018,10,52,France,3445,73459,15972,563,33.9,5.8,0
2093,YouTube,Comedie,2019,5,45,USA,100,162709,14802,1003,83.8,7.1,1
2094,YouTube,Comedie,2023,7,54,USA,48570,5248,535,30,72.0,8.6,0
2095,YouTube,Documentaire,2023,2,34,USA,3737,250,12,4,52.6,7.1,0
2096,YouTube,Biopic,2016,4,55,USA,76470,997,22,5,93.4,7.1,0
2097,YouTube,Horreur,2016,4,45,France,147346,100,18,1,88.9,5.7,0
2098,YouTube,Documentaire,2017,6,45,Allemagne,204283,100,21,1,75.6,6.8,0
2099,YouTube,Drame,2022,7,40,UK,721783,5642,812,17,66.0,8.8,0
2100,YouTube,Biopic,2019,9,22,France,261114,11470,245,348,60.0,6.4,0
2101,YouTube,Animation,2022,6,37,USA,728758,398687,12761,330,72.3,6.1,1
2102,YouTube,Comedie,2020,2,23,USA,347361,2421,545,61,35.1,8.4,0
2103,YouTube,Comedie,2019,7,40,UK,413509,100,4,1,63.0,6.3,0
2104,YouTube,Horreur,2017,1,17,UK,20297,2197,269,34,81.0,7.4,0
2105,YouTube,Drame,2018,11,48,UK,1671,1471,299,4,94.4,6.9,0
2106,YouTube,Documentaire,2016,10,35,UK,3155130,872,8,1,42.0,7.3,0
2107,YouTube,Comedie,2019,3,43,France,24981,7040,409,84,73.7,7.8,0
2108,YouTube,Drame,2017,4,15,USA,257150,143,8,1,86.8,8.5,0
2109,YouTube,Drame,2017,1,48,France,7327,4133,248,6,70.2,8.2,0
2110,YouTube,Drame,2015,5,48,USA,151424,15197,434,55,74.7,8.8,0
2111,YouTube,Animation,2022,1,11,USA,165,103709,8379,427,73.9,6.2,1
2112,YouTube,Biopic,2023,12,22,UK,9692,6476,807,55,47.7,4.8,0
2113,YouTube,Biopic,2019,2,41,France,18091,40449,5330,842,69.6,6.3,0
2114,YouTube,Documentaire,2019,8,52,UK,55559,982,108,3,63.8,10.0,0
2115,YouTube,Drame,2023,7,45,USA,187972,1393,110,5,89.0,6.4,0
2116,YouTube,Biopic,2019,3,29,USA,2469,86648,10665,241,58.9,3.8,1
2117,YouTube,Romance,2020,10,20,UK,82449,100,18,0,76.9,10.0,0
2118,YouTube,Romance,2018,2,54,France,256102,1088,185,11,37.7,6.9,0
2119,YouTube,Documentaire,2019,11,52,USA,2402026,50066,10050,269,71.3,5.3,0
2120,YouTube,Documentaire,2019,9,54,USA,90513,1758,410,30,72.4,4.8,0
2121,YouTube,Biopic,2021,8,20,UK,8786,1459,261,9,45.2,6.8,0
2122,YouTube,Romance,2020,11,27,France,1731,1535,235,4,67.8,7.7,0
2123,YouTube,Animation,2019,5,16,Espagne,854613,3995,194,16,24.5,7.6,0
2124,YouTube,Documentaire,2015,4,57,Espagne,96248,45035,1674,386,50.5,8.0,0
2125,YouTube,Drame,2023,2,52,Canada,21079,30048,1946,639,79.2,4.4,0
2126,YouTube,Thriller,2022,12,12,France,862,3067,346,44,64.7,4.8,0
2127,YouTube,Animation,2016,5,17,UK,3420,45751,5381,118,92.7,6.6,0
2128,YouTube,Action,2017,10,34,France,77857,7005,301,14,35.9,8.3,0
2129,YouTube,Thriller,2023,4,26,Allemagne,44697,25534,1136,89,63.9,6.0,0
2130,YouTube,Documentaire,2017,12,29,USA,449,227,10,1,83.5,3.2,0
2131,YouTube,Biopic,2022,11,23,France,78059,230125,39794,4455,58.1,7.9,1
2132,YouTube,Romance,2022,4,41,USA,956,5169,340,0,79.0,2.4,0
2133,YouTube,Thriller,2022,6,54,Canada,330386,100,10,1,48.9,5.8,0
2134,YouTube,SF,2015,10,55,Allemagne,33426,188870,10713,100,92.9,7.8,1
2135,YouTube,Animation,2019,3,28,USA,8718,3018,199,1,75.7,7.7,0
2136,YouTube,Romance,2020,1,50,USA,159581,1109,60,11,89.6,4.1,0
2137,YouTube,Action,2022,4,42,Canada,44667,655,74,1,39.4,8.0,0
2138,YouTube,Romance,2017,8,14,Canada,311718,8944,1017,1,44.8,8.7,0
2139,YouTube,SF,2017,2,48,Canada,25872,323,14,1,75.5,7.6,0
2140,YouTube,Documentaire,2016,5,22,USA,29075,704,106,2,62.3,6.2,0
2141,YouTube,Horreur,2021,12,38,UK,12450,748,11,6,58.0,7.3,0
2142,YouTube,Biopic,2023,1,44,Allemagne,37269,1435,135,7,92.6,5.5,0
2143,YouTube,Animation,2016,1,56,France,657303,822,56,5,48.8,8.2,0
2144,YouTube,Thriller,2017,6,57,USA,8058,25135,3324,299,58.3,8.9,0
2145,YouTube,SF,2017,1,48,France,80491,5870,636,149,75.5,6.0,0
2146,YouTube,Comedie,2023,1,31,USA,3786,7963,389,21,71.6,7.8,0
2147,YouTube,Biopic,2019,3,25,Canada,353,13718,913,148,87.5,8.1,0
2148,YouTube,Horreur,2017,2,28,France,33353,2362,159,15,87.2,6.3,0
2149,YouTube,Horreur,2017,10,57,USA,46203,232,5,0,66.7,3.2,0
2150,YouTube,Thriller,2020,2,14,France,17674,271829,6044,1492,80.9,6.8,1
2151,YouTube,Thriller,2018,7,32,Allemagne,1105,30297,651,171,66.8,1.9,0
2152,YouTube,Horreur,2016,9,41,Canada,40481,168058,12498,24,88.9,9.0,1
2153,YouTube,Romance,2022,8,4,USA,37519,39590,3373,1037,65.6,7.5,0
2154,YouTube,Documentaire,2018,8,39,UK,3723,943,62,32,55.5,6.2,0
2155,YouTube,SF,2017,5,17,France,1469,100,16,0,89.7,8.0,0
2156,YouTube,SF,2021,11,18,Canada,13296,138,18,3,75.0,4.8,0
2157,YouTube,Animation,2021,1,38,UK,81296,14636,2168,118,63.5,8.3,0
2158,YouTube,Horreur,2016,2,3,France,50681,2311,93,33,81.3,6.9,0
2159,YouTube,Thriller,2015,11,11,Espagne,3783,1043,242,5,72.2,7.0,0
2160,YouTube,Horreur,2015,1,28,France,28965,100,13,1,67.4,5.9,0
2161,YouTube,Drame,2021,3,36,UK,129865,2884,101,26,81.5,6.1,0
2162,YouTube,SF,2020,3,9,France,2110,199,7,9,64.2,7.4,0
2163,YouTube,Biopic,2022,1,23,UK,24991,487,80,4,70.8,5.2,0
2164,YouTube,Biopic,2020,2,20,France,321027,24965,559,298,85.7,4.7,0
2165,YouTube,Biopic,2018,7,33,France,1720,227,28,2,49.8,8.1,0
2166,YouTube,Thriller,2020,8,20,USA,222137,288,27,4,69.0,7.3,0
2167,YouTube,Horreur,2021,1,3,Espagne,561504,4740,584,64,75.7,5.1,0
2168,YouTube,Biopic,2018,12,33,France,14123,26394,3249,10,91.3,6.7,0
2169,YouTube,Biopic,2023,2,51,UK,11092,1089,14,9,44.2,6.6,0
2170,YouTube,Action,2023,9,36,USA,173891,116778,17206,1251,89.9,5.4,1
2171,YouTube,Documentaire,2022,10,23,Canada,15180,121,11,2,64.4,6.8,0
2172,YouTube,Biopic,2023,7,30,France,199,100,17,1,85.0,6.5,0
2173,YouTube,Documentaire,2018,6,10,USA,18077,100,2,1,95.0,7.9,0
2174,YouTube,Drame,2016,2,16,Espagne,56432,100,6,4,22.3,7.1,0
2175,YouTube,Documentaire,2019,3,27,USA,96777,6914,306,37,58.9,5.7,0
2176,YouTube,Comedie,2021,11,36,USA,3784,258,56,15,89.7,5.7,0
2177,YouTube,SF,2022,5,30,Allemagne,12840,100,17,0,30.9,7.2,0
2178,YouTube,Animation,2018,1,57,USA,155408,7703,323,39,93.1,3.8,0
2179,YouTube,SF,2017,9,39,USA,19535,23385,2189,393,35.0,4.8,0
2180,YouTube,Animation,2019,9,4,USA,1035,41239,766,20,56.4,6.2,0
2181,YouTube,Drame,2022,1,32,Canada,261784,26587,1043,164,91.4,6.3,0
2182,YouTube,Animation,2015,1,36,Espagne,14353,300,49,2,87.6,8.0,0
2183,YouTube,Animation,2017,2,5,UK,195328,5944,84,85,59.6,4.4,0
2184,YouTube,Animation,2017,1,24,UK,1351,10323,925,89,37.3,5.8,0
2185,YouTube,Drame,2022,8,52,USA,17292,909,70,20,71.1,6.5,0
2186,YouTube,Thriller,2019,2,23,France,61051,4500,1019,17,49.7,6.0,0
2187,YouTube,Drame,2015,8,29,France,18503,130,11,1,54.4,5.4,0
2188,YouTube,SF,2017,3,15,France,2067,620,182,4,60.8,5.5,0
2189,YouTube,Romance,2015,12,7,France,186,7551,364,13,59.3,6.9,0
2190,YouTube,Thriller,2019,9,21,UK,463485,129166,6044,48,76.7,6.1,1
2191,YouTube,SF,2023,5,47,France,36173,53029,123,31,66.4,5.9,0
2192,YouTube,Drame,2020,6,59,France,227203,15555,1473,39,72.7,4.7,0
2193,YouTube,Drame,2022,1,40,USA,141116,3638,242,1,69.5,9.9,0
2194,YouTube,Animation,2021,1,50,France,72670,2469,46,3,69.7,6.7,0
2195,YouTube,Horreur,2022,7,40,France,11583,100,8,0,73.2,8.9,0
2196,YouTube,Drame,2017,1,40,France,58661,369,24,1,64.9,6.1,0
2197,YouTube,Horreur,2023,8,27,France,386572,400,36,5,57.3,6.7,0
2198,YouTube,Romance,2017,5,6,USA,26004,12542,735,279,53.4,7.3,0
2199,YouTube,Comedie,2018,2,26,Canada,987964,31646,1880,1157,95.0,6.3,0
2200,YouTube,Thriller,2021,7,52,Allemagne,1097,18796,1239,152,68.6,6.7,0
2201,YouTube,Action,2017,7,33,Canada,885,57334,3138,381,94.2,6.9,0
2202,YouTube,Action,2017,9,46,UK,158919,3571,459,31,72.7,6.2,0
2203,YouTube,Thriller,2016,3,5,Allemagne,4283,255,18,1,82.2,6.4,0
2204,YouTube,SF,2015,7,14,USA,1311489,2631,257,22,33.8,8.1,0
2205,YouTube,Documentaire,2019,11,20,UK,319554,486,31,5,70.1,5.0,0
2206,YouTube,Comedie,2023,4,23,USA,527098,15438,846,435,46.2,9.1,0
2207,YouTube,Horreur,2016,11,59,USA,129168,1214,41,12,53.2,7.4,0
2208,YouTube,Drame,2018,9,29,USA,3487,2330,303,24,62.5,6.1,0
2209,YouTube,Comedie,2023,6,40,France,797,16882,647,439,66.8,7.9,0
2210,YouTube,Animation,2021,11,39,Canada,438269,467,12,1,66.7,7.8,0
2211,YouTube,Documentaire,2015,12,26,France,1097,33187,14029,76,86.9,7.0,0
2212,YouTube,Animation,2019,3,58,UK,524274,102,9,2,37.8,6.4,0
2213,YouTube,Comedie,2016,12,15,Allemagne,84055,6414,1608,117,76.8,4.1,0
2214,YouTube,Comedie,2017,1,4,USA,18910,2374,120,7,65.8,5.5,0
2215,YouTube,Thriller,2017,2,45,France,53321,23584,459,345,74.3,6.6,0
2216,YouTube,SF,2020,1,40,USA,55858,100,1,2,36.9,7.3,0
2217,YouTube,Biopic,2016,5,17,USA,14693,100,19,0,67.6,6.6,0
2218,YouTube,Drame,2017,12,52,Espagne,381312,19440,519,31,84.5,7.1,0
2219,YouTube,Comedie,2017,8,12,UK,356041,1121,47,19,57.4,6.2,0
2220,YouTube,Biopic,2018,8,17,UK,30071,2375,113,66,84.6,7.5,0
2221,YouTube,Comedie,2020,2,11,USA,6634,572,85,6,80.7,9.8,0
2222,YouTube,Action,2018,7,13,UK,300111,29202,2931,16,72.5,6.8,0
2223,YouTube,SF,2017,5,44,UK,385,6298,349,49,65.9,6.3,0
2224,YouTube,SF,2019,6,43,France,53518,5440,188,7,63.7,6.5,0
2225,YouTube,Animation,2020,4,39,France,96678,160,2,1,75.8,7.8,0
2226,YouTube,Horreur,2015,3,52,France,4201,10443,1872,83,59.7,6.5,0
2227,YouTube,Biopic,2023,12,6,USA,154441,249,14,4,52.3,7.7,0
2228,YouTube,Drame,2023,7,38,Allemagne,20894,574,2,1,84.1,7.9,0
2229,YouTube,Biopic,2020,5,9,UK,7395,100,12,0,73.6,9.2,0
2230,YouTube,Animation,2020,1,57,USA,151213,2015,159,9,53.0,7.2,0
2231,YouTube,Action,2021,10,39,Allemagne,2511,42667,11175,140,73.4,6.7,0
2232,YouTube,Biopic,2018,6,46,France,125290,5253,651,87,89.9,7.1,0
2233,YouTube,Comedie,2018,5,35,France,417,987,34,2,64.2,6.5,0
2234,YouTube,Romance,2018,9,24,Allemagne,39003,3916,439,23,89.0,6.8,0
2235,YouTube,Documentaire,2016,2,42,Allemagne,24045,3862,182,14,45.9,8.6,0
2236,YouTube,Drame,2022,7,50,UK,7484,3516,446,5,25.5,5.8,0
2237,YouTube,Drame,2017,11,13,France,48014,4644,505,17,49.0,4.6,0
2238,YouTube,SF,2017,6,52,Espagne,18785,221,8,3,69.0,6.7,0
2239,YouTube,Horreur,2023,1,44,Canada,181569,3890,577,77,41.9,6.8,0
2240,YouTube,Drame,2019,3,7,UK,67528,100,9,4,49.9,8.0,0
2241,YouTube,Animation,2020,1,56,France,54469,12569,361,75,63.9,6.3,0
2242,YouTube,SF,2017,7,13,USA,39486,189,7,3,72.3,5.9,0
2243,YouTube,Comedie,2017,5,37,Canada,8566,56613,711,624,87.1,5.6,0
2244,YouTube,Documentaire,2021,2,10,Allemagne,12044,100,12,3,55.8,5.6,0
2245,YouTube,Horreur,2019,9,14,USA,36186,196037,9102,1140,57.0,5.3,1
2246,YouTube,Romance,2016,3,39,USA,15572,100,4,1,56.6,4.7,0
2247,YouTube,Comedie,2022,5,41,UK,203395,148,7,4,95.0,3.2,0
2248,YouTube,Comedie,2018,12,42,USA,26553,6295,624,27,41.0,7.8,0
2249,YouTube,SF,2021,1,22,USA,46720,13999,538,106,80.6,6.8,0
2250,YouTube,Romance,2018,3,49,France,1332,1467,141,4,81.7,9.7,0
2251,YouTube,Romance,2020,4,5,France,145286,27764,6207,49,83.4,4.3,0
2252,YouTube,Drame,2021,7,51,Canada,6888,406,52,1,86.0,9.5,0
2253,YouTube,Romance,2022,3,20,France,2737,1097,42,5,51.9,6.3,0
2254,YouTube,Drame,2016,12,38,France,592657,1400,65,32,65.8,4.1,0
2255,YouTube,Animation,2021,1,54,Allemagne,88897,775,53,0,64.8,3.5,0
2256,YouTube,Documentaire,2023,12,17,UK,155467,100,16,1,47.0,5.7,0
2257,YouTube,Animation,2020,7,26,France,54665,2802,447,35,73.5,7.9,0
2258,YouTube,Action,2016,1,50,USA,18282,2236,741,14,85.8,6.9,0
2259,YouTube,Biopic,2016,2,52,Canada,12591,44154,2396,279,83.2,6.0,0
2260,YouTube,Action,2016,2,16,USA,104633,119,4,2,26.3,8.2,0
2261,YouTube,Biopic,2015,4,31,USA,212147,602,45,16,61.0,6.7,0
2262,YouTube,Action,2021,4,21,USA,19218,60399,1420,503,55.0,4.1,0
2263,YouTube,Romance,2023,8,32,France,1390377,6205,796,106,65.5,8.4,0
2264,YouTube,Comedie,2019,4,24,UK,14844,11771,1716,251,92.5,4.9,0
2265,YouTube,Action,2020,9,3,France,1355,9261,516,69,64.6,4.9,0
2266,YouTube,Animation,2021,4,55,USA,704,9364,615,47,71.9,6.2,0
2267,YouTube,Documentaire,2018,4,39,France,753,282836,20852,2196,21.7,7.0,1
2268,YouTube,Comedie,2019,4,29,France,9627,3747,268,15,81.5,5.5,0
2269,YouTube,Biopic,2020,4,9,France,13848,237,28,2,80.8,3.9,0
2270,YouTube,Thriller,2017,11,7,Allemagne,86266,14720,553,87,65.1,5.6,0
2271,YouTube,Thriller,2015,3,30,France,20801,723,87,0,93.7,8.0,0
2272,YouTube,Drame,2020,4,39,France,118983,2264,428,25,10.0,6.5,0
2273,YouTube,SF,2022,12,17,France,24095,7520,434,12,57.1,8.2,0
2274,YouTube,Comedie,2015,8,45,UK,22630,382,36,1,61.1,7.3,0
2275,YouTube,SF,2016,3,25,USA,6939,832,48,5,43.5,5.7,0
2276,YouTube,Drame,2017,11,3,Espagne,378956,9794,2022,9,74.2,5.4,0
2277,YouTube,Action,2022,3,33,UK,1029,756,78,14,65.9,6.8,0
2278,YouTube,Thriller,2019,2,13,USA,40240,33977,421,469,81.7,6.8,0
2279,YouTube,Animation,2019,6,3,UK,15316,253,67,1,65.9,6.7,0
2280,YouTube,Documentaire,2020,9,10,France,105188,251,14,4,48.3,6.8,0
2281,YouTube,Thriller,2017,3,19,Espagne,21127,349807,11881,1870,62.7,6.3,1
2282,YouTube,Thriller,2021,10,32,Espagne,22410,100,10,1,73.4,6.3,0
2283,YouTube,Documentaire,2015,2,59,France,12922,2788,237,25,79.0,5.3,0
2284,YouTube,Animation,2016,10,15,UK,357364,305196,9856,2038,44.1,4.9,1
2285,YouTube,Horreur,2022,2,6,France,22132,2775,144,87,75.3,7.6,0
2286,YouTube,Biopic,2020,6,13,USA,1131780,86415,11846,263,50.3,5.0,1
2287,YouTube,Horreur,2016,8,21,Canada,37967,15232,1722,87,74.2,3.7,0
2288,YouTube,Biopic,2018,4,14,Espagne,23006,2927,45,136,92.4,6.0,0
2289,YouTube,SF,2015,8,21,USA,16470,2150,42,0,77.6,6.9,0
2290,YouTube,Thriller,2021,9,58,UK,68083,100,17,0,61.8,6.2,0
2291,YouTube,Thriller,2021,8,24,UK,6790,1342,66,7,46.9,4.7,0
2292,YouTube,Drame,2017,5,39,France,29480,5327,199,116,61.4,8.2,0
2293,YouTube,Documentaire,2018,10,42,UK,22387,5319,583,151,87.0,6.8,0
2294,YouTube,Documentaire,2017,9,10,UK,42213,1417842,89479,17573,59.9,8.2,1
2295,YouTube,Horreur,2018,4,17,Canada,44358,6017,347,73,72.3,6.4,0
2296,YouTube,Comedie,2017,9,26,Espagne,49216,14405,843,178,60.0,7.2,0
2297,YouTube,SF,2017,12,29,France,26630,54852,3966,1479,74.3,4.8,0
2298,YouTube,Drame,2018,10,3,France,507822,11513,486,85,95.0,1.9,0
2299,YouTube,Horreur,2022,9,39,France,51284,2403,180,19,48.2,6.6,0
2300,YouTube,Drame,2021,10,20,France,4040878,2433,425,7,91.6,4.5,0
2301,YouTube,Comedie,2017,10,21,USA,24335,1240,268,14,40.0,7.8,0
2302,YouTube,Romance,2023,4,37,Allemagne,149915,9050,1119,24,81.7,7.9,0
2303,YouTube,Horreur,2016,9,57,USA,5155,1947,162,3,63.7,7.0,0
2304,YouTube,Biopic,2023,3,52,UK,362789,14219,1486,267,65.2,5.2,0
2305,YouTube,Action,2017,5,58,USA,5385,239,31,1,54.5,6.5,0
2306,YouTube,Thriller,2019,12,26,USA,54817,4303,551,54,87.9,7.3,0
2307,YouTube,Comedie,2016,4,9,Canada,12979,144374,5968,3219,85.1,7.1,1
2308,YouTube,Thriller,2021,11,15,UK,54394,1700,209,39,82.5,5.1,0
2309,YouTube,Romance,2017,6,22,USA,13772,298792,13424,1578,72.3,3.7,1
2310,YouTube,Drame,2022,3,20,Allemagne,4543,4488,253,19,88.0,7.1,0
2311,YouTube,Action,2015,2,14,USA,12795,2588,401,1,76.0,6.5,0
2312,YouTube,Romance,2019,7,11,France,480777,3989,616,19,77.9,7.4,0
2313,YouTube,Action,2016,6,13,USA,56081,1368,122,9,70.3,6.5,0
2314,YouTube,Drame,2023,7,40,UK,1672,100,9,1,44.3,6.3,0
2315,YouTube,Action,2018,1,30,USA,196961,26914,2154,344,87.7,6.2,0
2316,YouTube,Action,2021,4,5,Canada,3703,716248,41544,9593,83.1,6.0,1
2317,YouTube,SF,2022,1,35,USA,97413,9907,550,183,74.2,10.0,0
2318,YouTube,Horreur,2019,4,51,USA,66591,11536,1190,12,59.4,6.1,0
2319,YouTube,Documentaire,2015,12,27,Allemagne,75555,1888,48,18,40.5,6.0,0
2320,YouTube,Action,2016,2,21,USA,896611,53877,2823,1351,67.2,7.6,0
2321,YouTube,Action,2016,9,18,USA,4199,2702,120,19,68.7,7.2,0
2322,YouTube,Thriller,2023,1,24,France,74726,5814,310,149,46.7,6.6,0
2323,YouTube,Animation,2023,7,18,USA,273532,100,18,1,56.7,5.2,0
2324,YouTube,Documentaire,2019,12,55,USA,6083,793,58,11,79.0,4.5,0
2325,YouTube,Horreur,2023,5,59,France,4956,7468,296,73,94.6,6.4,0
2326,YouTube,Thriller,2017,3,22,USA,12402,28797,1991,226,68.9,6.2,0
2327,YouTube,Comedie,2021,7,55,France,42170,30864,973,88,84.0,5.7,0
2328,YouTube,Action,2018,4,51,France,1311,100,2,1,76.5,7.7,0
2329,YouTube,Comedie,2017,11,7,USA,66356,100,9,0,81.9,7.9,0
2330,YouTube,Action,2017,11,30,France,1317,12840,1763,69,82.6,8.2,0
2331,YouTube,Horreur,2018,8,40,UK,292629,460,64,4,31.9,5.0,0
2332,YouTube,Drame,2018,8,27,UK,61545,27902,4583,195,62.1,8.1,0
2333,YouTube,Horreur,2016,8,29,USA,1010827,100,9,0,72.7,3.7,0
2334,YouTube,Romance,2018,9,31,France,83915,2330,48,18,25.5,6.4,0
2335,YouTube,Romance,2016,6,42,USA,11973,2736,114,3,33.6,7.8,0
2336,YouTube,SF,2023,12,19,France,4458,9908,585,10,67.9,5.0,0
2337,YouTube,Horreur,2018,5,37,USA,35517,226,10,6,79.3,4.5,0
2338,YouTube,Action,2015,1,16,UK,20733,100,4,0,42.7,6.4,0
2339,YouTube,Action,2020,9,53,UK,236163,4574,480,35,87.1,9.0,0
2340,YouTube,SF,2022,8,7,USA,3438,11115,1498,74,65.6,9.1,0
2341,YouTube,Thriller,2018,12,6,Espagne,1253943,36998,9608,285,52.3,8.3,0
2342,YouTube,Romance,2022,5,5,France,281969,1216,64,35,61.0,5.0,0
2343,YouTube,Documentaire,2020,6,22,Allemagne,14661,20727,2549,21,87.6,6.5,0
2344,YouTube,Romance,2021,7,37,Canada,802624,10041,305,26,39.9,9.9,0
2345,YouTube,Drame,2017,5,59,USA,4599,81309,7384,498,70.7,7.9,1
2346,YouTube,Thriller,2015,10,28,France,33229,2595,136,8,53.2,4.2,0
2347,YouTube,Documentaire,2018,6,13,France,1714,100,11,2,87.9,7.7,0
2348,YouTube,Drame,2023,10,23,Allemagne,884819,2517,282,58,80.9,5.4,0
2349,YouTube,Romance,2022,6,10,France,816,3718,505,33,41.2,6.1,0
2350,YouTube,Romance,2022,3,29,Allemagne,1235,10888,191,56,81.9,7.6,0
2351,YouTube,Documentaire,2022,12,44,USA,6189,100,12,1,38.9,6.0,0
2352,YouTube,Documentaire,2018,7,5,USA,310099,1366,121,16,64.4,5.7,0
2353,YouTube,SF,2017,9,47,UK,148700,26114,3705,131,40.3,8.1,0
2354,YouTube,Thriller,2023,8,16,France,28116,2297,237,27,59.7,7.6,0
2355,YouTube,Thriller,2020,5,41,USA,169033,1388,43,2,44.7,7.0,0
2356,YouTube,SF,2017,12,49,Espagne,17486,350044,22615,6728,82.8,9.7,1
2357,YouTube,Drame,2017,5,47,France,51269,205,18,1,62.3,6.8,0
2358,YouTube,Animation,2022,12,41,Allemagne,599260,65048,12617,640,78.5,7.0,0
2359,YouTube,Drame,2015,6,42,Espagne,13450,38296,976,475,92.1,6.0,0
2360,YouTube,Animation,2015,1,13,France,4756,1697,96,24,68.8,5.1,0
2361,YouTube,Documentaire,2021,1,10,USA,56429,2745,109,10,62.9,4.4,0
2362,YouTube,Biopic,2015,12,24,France,96814,2721,425,9,65.1,7.8,0
2363,YouTube,Comedie,2016,7,37,UK,27471,4697,299,30,75.0,5.8,0
2364,YouTube,Documentaire,2023,5,38,Espagne,163859,674,83,1,72.2,10.0,0
2365,YouTube,Action,2018,10,47,Allemagne,14727,1022,68,10,67.0,5.2,0
2366,YouTube,Thriller,2021,8,20,Allemagne,28426,1226,21,19,69.5,5.4,0
2367,YouTube,Comedie,2019,8,52,France,46590,1328,99,8,65.9,7.0,0
2368,YouTube,Comedie,2015,9,28,USA,39133,1370,130,15,49.0,5.0,0
2369,YouTube,Comedie,2016,3,17,France,554900,100,5,1,64.1,4.3,0
2370,YouTube,Action,2021,2,44,Allemagne,46125,3805,569,38,81.4,7.5,0
2371,YouTube,Horreur,2015,9,10,France,11994,797,63,13,92.4,3.2,0
2372,YouTube,Action,2020,1,26,France,63320,100,8,1,93.2,6.8,0
2373,YouTube,Thriller,2018,9,47,France,165661,1242,31,9,81.4,6.8,0
2374,YouTube,Animation,2018,2,46,France,103618,1150,42,20,77.6,7.9,0
2375,YouTube,Biopic,2023,4,17,France,92745,72266,3536,908,67.2,7.2,0
2376,YouTube,Horreur,2020,9,12,France,1100,774,74,4,71.5,10.0,0
2377,YouTube,Comedie,2020,8,4,Allemagne,150,15827,203,130,82.6,5.9,0
2378,YouTube,Biopic,2018,10,8,Canada,282244,94563,5341,3060,56.3,4.5,1
2379,YouTube,Animation,2018,8,50,France,52982,620,15,6,86.1,10.0,0
2380,YouTube,Comedie,2021,1,47,Canada,21096,2647,72,3,71.3,6.7,0
2381,YouTube,SF,2015,11,31,USA,88311,224522,11451,26,73.7,5.2,1
2382,YouTube,Biopic,2017,3,35,Canada,1039884,5284,593,45,61.1,4.1,0
2383,YouTube,Thriller,2020,2,21,USA,372153,7588,1679,26,62.1,6.0,0
2384,YouTube,Comedie,2020,11,13,USA,150910,1076,86,3,88.1,5.3,0
2385,YouTube,Horreur,2015,3,3,USA,3738,16607,1751,218,34.9,5.3,0
2386,YouTube,Biopic,2022,7,41,France,4848,2699,412,4,86.5,3.4,0
2387,YouTube,Biopic,2019,6,5,USA,186,100,23,1,74.7,5.9,0
2388,YouTube,Biopic,2017,10,8,Canada,78200,1226,283,7,61.8,7.1,0
2389,YouTube,Horreur,2021,1,48,Canada,202248,154,10,0,51.7,5.0,0
2390,YouTube,SF,2023,2,36,USA,238078,3946,68,61,83.9,5.8,0
2391,YouTube,Comedie,2018,5,30,USA,85038,301,12,2,62.0,5.8,0
2392,YouTube,Animation,2017,6,15,Canada,16185,9850,267,260,12.9,6.6,0
2393,YouTube,Drame,2017,10,11,France,7125,3333,176,19,59.4,9.0,0
2394,YouTube,SF,2020,8,29,France,4227,131,5,2,76.9,6.8,0
2395,YouTube,Animation,2015,2,23,USA,15885,870,37,26,89.0,4.8,0
2396,YouTube,Biopic,2019,12,33,France,3116,14064,1695,19,55.9,6.3,0
2397,YouTube,Drame,2015,6,12,USA,738154,52574,1299,161,45.6,7.0,0
2398,YouTube,Drame,2015,12,16,France,1628,312,42,2,59.1,4.7,0
2399,YouTube,Documentaire,2018,12,9,USA,14852,191,13,2,44.2,5.1,0
2400,YouTube,Action,2021,1,27,UK,458,391391,6609,4198,74.5,5.1,1
2401,YouTube,Romance,2022,7,18,Canada,39859,2909,269,55,52.7,6.2,0
2402,YouTube,Documentaire,2015,6,15,UK,21921,3746,145,19,57.2,5.9,0
2403,YouTube,Romance,2017,6,34,USA,10790,469,94,4,25.9,4.0,0
2404,YouTube,Thriller,2018,4,31,Espagne,3409,5105,251,13,81.7,5.6,0
2405,YouTube,Horreur,2020,7,14,UK,22135,217018,49909,2572,68.8,6.4,1
2406,YouTube,Thriller,2023,6,42,USA,7413,5630,665,26,72.1,8.1,0
2407,YouTube,Documentaire,2021,3,22,France,16751,42719,4739,1688,60.4,4.5,0
2408,YouTube,SF,2019,4,22,UK,1104452,3204,117,14,56.7,5.1,0
2409,YouTube,Action,2015,2,30,USA,31081,229,23,0,78.8,4.8,0
2410,YouTube,Romance,2015,11,10,UK,63942,540,38,5,56.8,4.0,0
2411,YouTube,Action,2016,9,26,Canada,8699,182,13,0,48.9,2.5,0
2412,YouTube,Biopic,2020,5,36,Allemagne,4587,5138,645,5,50.4,7.2,0
2413,YouTube,Animation,2017,5,10,Espagne,21037,63558,15323,1415,54.3,6.7,0
2414,YouTube,Thriller,2017,1,35,UK,3294786,4458,698,33,56.7,7.1,0
2415,YouTube,SF,2021,4,5,Espagne,12396,1380,108,20,86.3,6.9,0
2416,YouTube,Animation,2022,12,37,Allemagne,45382,414,18,2,80.6,5.8,0
2417,YouTube,Drame,2018,1,5,France,4201,7248,516,218,77.6,5.5,0
2418,YouTube,Drame,2022,2,12,UK,100,134,31,2,49.5,8.1,0
2419,YouTube,SF,2021,11,22,France,4538,174,8,2,76.9,7.5,0
2420,YouTube,Drame,2021,7,38,France,2575151,28294,2503,236,50.4,6.3,0
2421,YouTube,Documentaire,2022,1,43,France,72459,1488,100,5,87.8,5.0,0
2422,YouTube,Comedie,2016,6,29,USA,586453,1417,89,14,61.3,6.6,0
2423,YouTube,Horreur,2021,9,10,France,10987,1953,55,35,77.1,6.8,0
2424,YouTube,Thriller,2023,5,25,France,197,18300,1117,83,82.6,5.6,0
2425,YouTube,Romance,2023,5,47,France,2398,4508,537,58,64.2,6.9,0
2426,YouTube,Comedie,2020,8,8,UK,48729,465,36,3,66.3,7.4,0
2427,YouTube,Thriller,2021,8,43,Allemagne,35426,508,63,1,55.4,7.1,0
2428,YouTube,Documentaire,2022,11,24,Espagne,21572,1830,156,2,86.6,7.9,0
2429,YouTube,Drame,2022,3,3,USA,7627,6345,865,26,78.1,7.8,0
2430,YouTube,Comedie,2023,4,42,France,144268,2727,191,11,69.0,8.0,0
2431,YouTube,Romance,2022,2,4,Allemagne,8081,2183,161,19,77.3,5.7,0
2432,YouTube,Comedie,2018,8,24,France,40767,3346,341,29,73.8,7.7,0
2433,YouTube,Thriller,2021,7,14,Espagne,32554,2722,352,21,95.0,7.2,0
2434,YouTube,SF,2018,5,36,UK,10540,423,145,6,43.1,7.7,0
2435,YouTube,Romance,2022,9,6,USA,3779,47459,2310,584,48.3,6.7,0
2436,YouTube,Animation,2022,5,8,France,9370,892,113,1,76.4,7.2,0
2437,YouTube,Animation,2023,3,33,France,934011,4117,516,65,81.5,5.0,0
2438,YouTube,Horreur,2020,7,59,USA,203800,100,10,0,81.1,7.2,0
2439,YouTube,Action,2019,6,5,USA,169528,1740,20,8,90.7,8.3,0
2440,YouTube,Thriller,2016,5,29,Canada,4569,190,12,3,63.9,9.0,0
2441,YouTube,Action,2020,6,48,UK,1242,257,14,0,42.0,6.3,0
2442,YouTube,Action,2020,11,19,USA,197400,1271191,39164,41371,79.2,9.2,1
2443,YouTube,Drame,2019,3,31,France,134528,5562,694,6,79.9,6.3,0
2444,YouTube,Romance,2021,4,50,USA,28983,63898,9642,345,67.3,7.5,0
2445,YouTube,Horreur,2022,7,44,France,10497,25292,2384,41,73.8,6.6,0
2446,YouTube,Documentaire,2016,1,19,UK,1178,34825,789,51,54.8,8.4,0
2447,YouTube,Animation,2018,2,45,UK,124841,1812,450,7,79.1,6.8,0
2448,YouTube,Documentaire,2021,7,41,Canada,236161,165380,14215,863,57.8,5.6,1
2449,YouTube,Comedie,2022,7,31,USA,5663,24753,989,85,54.5,8.1,0
2450,YouTube,Horreur,2022,8,28,France,4792,3305,593,44,72.2,5.8,0
2451,YouTube,Horreur,2022,2,55,Canada,263583,5757,1497,87,85.1,7.0,0
2452,YouTube,Action,2022,11,52,UK,6101,2117,166,16,79.4,4.0,0
2453,YouTube,SF,2023,6,59,UK,773066,3396,84,27,64.5,7.7,0
2454,YouTube,Horreur,2020,2,41,USA,17710,2673,203,33,70.5,3.7,0
2455,YouTube,SF,2017,4,23,Allemagne,10166,7737,979,267,81.9,5.8,0
2456,YouTube,Horreur,2020,3,9,France,24105,230944,28910,1564,90.8,4.5,1
2457,YouTube,Biopic,2021,6,10,USA,10165,146,16,1,44.1,4.8,0
2458,YouTube,SF,2015,6,57,Canada,209488,51838,3502,390,76.0,6.4,0
2459,YouTube,Action,2021,6,23,France,129523,1187,114,0,71.5,5.5,0
2460,YouTube,Thriller,2019,6,9,Canada,194116,71264,6473,177,91.4,7.6,0
2461,YouTube,Drame,2023,11,15,USA,31857,1295,53,35,70.3,6.1,0
2462,YouTube,SF,2016,12,4,France,8842,8365,722,141,86.6,6.8,0
2463,YouTube,Romance,2023,6,33,France,21630,2003,18,4,95.0,5.3,0
2464,YouTube,SF,2019,12,36,Canada,9401,100,13,0,68.6,7.6,0
2465,YouTube,Comedie,2020,10,24,Canada,413822,230370,14719,3117,57.0,6.8,1
2466,YouTube,Thriller,2020,10,45,France,163496,282,22,0,50.3,7.3,0
2467,YouTube,Animation,2020,3,30,France,18342,3676,353,167,76.0,7.6,0
2468,YouTube,Action,2023,6,57,France,3453,214,19,0,70.8,7.8,0
2469,YouTube,Drame,2016,5,46,France,480066,105,4,1,38.3,7.1,0
2470,YouTube,Horreur,2021,2,7,UK,28951,1785,91,11,62.6,6.8,0
2471,YouTube,Action,2023,1,18,France,16977,676,37,3,68.2,8.2,0
2472,YouTube,SF,2016,8,45,France,488602,160,10,0,94.3,6.7,0
2473,YouTube,Drame,2017,6,33,France,7943,2728,108,3,84.0,5.9,0
2474,YouTube,Comedie,2019,10,45,USA,11639,100,8,1,67.8,7.9,0
2475,YouTube,SF,2021,9,22,UK,13883,4079,813,178,72.7,8.1,0
2476,YouTube,Romance,2023,2,5,UK,1582,2168,261,53,55.0,6.4,0
2477,YouTube,Comedie,2022,11,47,USA,41417,100,13,1,51.0,7.4,0
2478,YouTube,Action,2022,6,47,Espagne,4794,806,15,7,62.7,7.2,0
2479,YouTube,Comedie,2018,7,39,USA,7034,9614,80,200,68.4,6.6,0
2480,YouTube,Animation,2020,12,26,Allemagne,5383,208,17,0,84.1,4.3,0
2481,YouTube,Horreur,2016,8,3,UK,6808,10715,940,3,49.3,4.8,0
2482,YouTube,Comedie,2019,1,44,France,4114,8792,1716,28,62.3,5.9,0
2483,YouTube,Thriller,2016,3,40,Canada,36113,234,8,1,67.9,6.6,0
2484,YouTube,Thriller,2015,6,41,USA,16136,2890,163,4,46.5,4.7,0
2485,YouTube,Thriller,2022,1,12,UK,24246,23446,2342,106,91.7,3.4,0
2486,YouTube,Drame,2022,3,44,France,2440164,333,7,3,83.5,6.3,0
2487,YouTube,Action,2019,10,44,USA,16137,1781,93,31,92.3,6.5,0
2488,YouTube,Romance,2015,2,51,Allemagne,73857,52870,3472,265,66.3,7.8,0
2489,YouTube,Thriller,2015,3,35,France,92734,349,22,5,90.0,9.4,0
2490,YouTube,Thriller,2016,7,44,France,19424,9394,905,5,67.6,4.5,0
2491,YouTube,Drame,2021,2,25,France,38085,200,9,0,79.5,7.0,0
2492,YouTube,Biopic,2016,4,42,USA,22957,1993,249,3,49.8,10.0,0
2493,YouTube,Animation,2017,12,42,Canada,33028,9107,870,15,70.5,4.5,0
2494,YouTube,SF,2022,8,47,UK,6815,100,3,0,80.9,5.0,0
2495,YouTube,Drame,2022,12,51,Allemagne,8197,783,48,5,61.0,8.0,0
2496,YouTube,Horreur,2021,5,3,USA,22784,8719,331,5,35.6,6.8,0
2497,YouTube,Horreur,2017,8,47,USA,426,5242,85,31,74.8,6.9,0
2498,YouTube,Action,2020,3,48,France,438952,807,66,6,84.1,7.4,0
2499,YouTube,Biopic,2016,5,34,France,1658984,188,17,1,37.5,7.6,0
2500,YouTube,Animation,2022,3,32,UK,30967,14345,2629,224,72.0,7.1,0
2501,YouTube,Action,2015,10,44,France,83361,1331,26,1,18.7,7.3,0
2502,YouTube,Documentaire,2021,3,28,France,191398,11653,883,50,68.8,4.7,0
2503,YouTube,Comedie,2019,3,26,Allemagne,1557,7712,470,71,48.5,8.0,0
2504,YouTube,Action,2021,6,48,USA,141005,974,93,11,83.3,8.8,0
2505,YouTube,Comedie,2019,6,47,France,9387,43538,5555,182,95.0,8.2,0
2506,YouTube,SF,2016,4,14,UK,2151010,674,105,2,78.1,7.2,0
2507,YouTube,Animation,2021,5,50,USA,15115,58462,9009,550,75.6,9.3,0
2508,YouTube,SF,2020,4,21,Allemagne,135450,81083,3019,1331,88.0,6.8,1
2509,YouTube,Comedie,2019,11,10,UK,15416,41162,6694,119,74.0,8.0,0
2510,YouTube,Comedie,2018,7,53,France,1782247,1898,472,10,92.8,9.0,0
2511,YouTube,Horreur,2018,12,16,France,7905,1737048,129593,38935,64.9,6.0,1
2512,YouTube,Biopic,2019,12,14,France,226426,4357,335,10,47.4,8.5,0
2513,YouTube,Documentaire,2017,8,18,UK,77138,5446,676,81,95.0,4.8,0
2514,YouTube,Comedie,2017,10,31,USA,49445,2820,272,70,60.7,5.2,0
2515,YouTube,Horreur,2017,2,12,UK,34822,176,22,1,23.3,5.0,0
2516,YouTube,Animation,2015,12,12,USA,5802,75938,2336,95,65.2,3.3,0
2517,YouTube,Romance,2023,6,25,USA,124,712,242,1,83.9,5.4,0
2518,YouTube,Comedie,2017,9,15,France,188864,29703,1760,124,65.4,6.6,0
2519,YouTube,Biopic,2016,3,14,France,8285,54115,8922,464,65.7,6.0,0
2520,YouTube,SF,2016,2,54,USA,228479,13471,587,227,80.8,4.6,0
2521,YouTube,Action,2023,11,36,USA,44506,528,104,18,67.3,2.8,0
2522,YouTube,Drame,2019,6,3,Espagne,242926,1270,186,7,66.8,5.4,0
2523,YouTube,SF,2017,2,8,France,109511,100,18,0,74.4,5.2,0
2524,YouTube,Action,2018,8,49,UK,159,2227,264,1,54.6,9.3,0
2525,YouTube,Thriller,2015,1,18,France,75341,22176,1757,142,78.2,6.5,0
2526,YouTube,SF,2017,6,11,UK,11077,1646,526,12,86.4,9.1,0
2527,YouTube,Biopic,2017,9,40,France,226391,681,66,4,55.8,5.4,0
2528,YouTube,Action,2022,9,50,UK,71855,1416,35,7,73.7,8.1,0
2529,YouTube,Romance,2015,6,25,France,73565,62218,10477,3152,72.3,6.9,0
2530,YouTube,Biopic,2018,5,45,France,12778,2602,162,2,87.0,5.3,0
2531,YouTube,Horreur,2022,11,27,USA,3550,310143,33580,240,88.6,6.9,1
2532,YouTube,Biopic,2022,3,9,USA,9267,715,8,1,55.9,6.2,0
2533,YouTube,Comedie,2019,1,48,USA,601,5131,550,78,56.3,6.0,0
2534,YouTube,Horreur,2017,2,55,USA,6763,1008,98,10,75.2,4.0,0
2535,YouTube,Biopic,2018,10,59,Espagne,1178,532967,38491,5330,79.2,9.5,1
2536,YouTube,Thriller,2017,6,8,France,1242,4671,135,0,62.9,7.3,0
2537,YouTube,SF,2020,1,35,USA,27804,609375,72192,3999,55.7,4.8,1
2538,YouTube,Romance,2017,3,38,Allemagne,64093,1042,45,11,58.1,7.1,0
2539,YouTube,SF,2020,1,7,UK,20669,135801,11919,854,83.2,6.0,1
2540,YouTube,Drame,2020,10,57,USA,8122,4003,375,17,84.0,8.6,0
2541,YouTube,Biopic,2023,6,8,USA,3311,24140,2361,120,61.0,6.1,0
2542,YouTube,Biopic,2018,1,18,France,11679,141,12,1,68.1,6.4,0
2543,YouTube,Thriller,2023,3,58,USA,4253,7122,645,47,90.2,5.6,0
2544,YouTube,Horreur,2018,8,34,USA,19425,205,15,2,71.7,7.2,0
2545,YouTube,Thriller,2021,8,41,Canada,1050,5668,556,27,59.0,6.5,0
2546,YouTube,Documentaire,2020,10,31,Canada,89557,100,16,1,67.1,8.4,0
2547,YouTube,Romance,2022,1,45,France,7086,2356,164,12,95.0,7.0,0
2548,YouTube,SF,2019,1,7,France,46747,46121,8163,0,82.9,10.0,0
2549,YouTube,Comedie,2022,1,41,USA,129890,11718,872,222,60.7,6.3,0
2550,YouTube,Animation,2018,5,6,USA,42435,136,5,2,64.0,5.3,0
2551,YouTube,Thriller,2019,9,13,USA,108907,100,21,0,59.8,5.4,0
2552,YouTube,Drame,2019,8,31,UK,353,10325,1471,3,91.0,5.4,0
2553,YouTube,Comedie,2021,3,28,USA,8219,155281,10265,6092,66.4,5.3,1
2554,YouTube,Biopic,2020,8,11,Espagne,200016,267,22,0,65.7,8.8,0
2555,YouTube,Comedie,2015,8,48,USA,60989,564395,35605,1456,61.9,6.1,1
2556,YouTube,Documentaire,2022,3,20,France,888177,2932,55,9,37.9,7.0,0
2557,YouTube,Horreur,2021,9,52,USA,665810,100,22,2,56.4,4.6,0
2558,YouTube,Action,2015,6,3,UK,40102,100,15,1,87.4,6.5,0
2559,YouTube,Romance,2023,1,16,France,13306,20432,459,107,51.9,3.0,0
2560,YouTube,Romance,2020,5,19,France,3239,4121,760,29,70.5,7.0,0
2561,YouTube,Thriller,2015,10,36,USA,8504,121243,14377,604,46.3,5.7,1
2562,YouTube,Animation,2019,9,25,UK,9735,149,4,2,95.0,8.9,0
2563,YouTube,SF,2022,4,11,Espagne,6724,4008,366,15,79.8,7.8,0
2564,YouTube,SF,2017,10,35,USA,3509,3031,198,75,75.8,7.7,0
2565,YouTube,SF,2023,5,57,France,49175,2084,164,13,55.0,5.2,0
2566,YouTube,Horreur,2018,6,10,USA,655582,1145,51,33,51.7,7.1,0
2567,YouTube,Animation,2017,2,17,USA,142416,1203,40,4,73.8,9.4,0
2568,YouTube,Thriller,2018,12,30,Espagne,11558,4612,467,19,46.8,5.4,0
2569,YouTube,Biopic,2019,11,44,USA,167385,6351,796,33,80.4,5.3,0
2570,YouTube,Horreur,2021,3,10,UK,44059,5605,372,38,65.7,6.6,0
2571,YouTube,Biopic,2023,7,16,Allemagne,20304,60777,19266,1021,87.8,6.9,0
2572,YouTube,Documentaire,2016,10,16,UK,17921,147,16,1,68.2,7.5,0
2573,YouTube,Thriller,2023,7,38,France,14766,100,22,0,40.9,7.3,0
2574,YouTube,Documentaire,2019,3,7,UK,80994,37888,1334,618,67.5,6.9,0
2575,YouTube,Thriller,2016,12,40,USA,29124,281,11,6,77.6,5.5,0
2576,YouTube,Drame,2023,4,27,USA,5131,1154,84,23,58.7,9.5,0
2577,YouTube,SF,2018,5,21,Espagne,4657,645,76,7,67.7,8.8,0
2578,YouTube,Biopic,2020,5,52,France,40611,611,65,3,74.2,7.2,0
2579,YouTube,Romance,2021,11,49,USA,51911,100,18,1,89.9,8.4,0
2580,YouTube,Thriller,2015,7,48,France,11775,717,8,9,79.2,6.5,0
2581,YouTube,SF,2016,9,53,France,2289,15113,1581,109,65.9,4.7,0
2582,YouTube,Drame,2021,11,16,UK,268855,2951,1081,17,30.7,7.9,0
2583,YouTube,Animation,2017,12,51,Canada,175818,10522,176,254,72.7,4.7,0
2584,YouTube,Thriller,2015,11,13,UK,413,862,87,3,77.1,9.7,0
2585,YouTube,Romance,2015,11,21,USA,320990,28484,2081,94,80.5,4.9,0
2586,YouTube,Thriller,2022,12,34,France,14502,836,44,2,79.4,8.7,0
2587,YouTube,Thriller,2016,12,45,USA,32208,100,2,0,64.6,9.4,0
2588,YouTube,Biopic,2015,8,35,USA,214581,6578,1323,1,95.0,4.5,0
2589,YouTube,Thriller,2020,2,34,Canada,600235,20301,902,173,54.7,4.4,0
2590,YouTube,Action,2016,2,24,UK,163690,736,19,1,39.3,7.3,0
2591,YouTube,Thriller,2020,10,36,Allemagne,35669,59755,2699,129,60.2,8.9,0
2592,YouTube,Romance,2019,4,30,Canada,1406,355,13,1,84.8,7.7,0
2593,YouTube,Action,2020,10,30,USA,382,15943,354,84,53.5,5.4,0
2594,YouTube,Thriller,2019,12,36,UK,127556,233734,18530,2071,86.7,8.9,1
2595,YouTube,Comedie,2022,8,37,UK,322565,3267,573,74,40.0,10.0,0
2596,YouTube,Romance,2020,10,21,Espagne,4318,1692,201,19,54.7,5.2,0
2597,YouTube,Documentaire,2018,4,10,USA,12841,2288,98,11,82.1,7.2,0
2598,YouTube,Biopic,2015,6,20,UK,7226,174684,13588,1247,73.6,7.6,1
2599,YouTube,Thriller,2017,12,26,USA,6851,8159,614,6,91.8,6.2,0
2600,YouTube,Horreur,2016,10,12,UK,189079,634445,42554,864,59.3,5.3,1
2601,YouTube,Drame,2015,3,13,Allemagne,34089,5991,165,30,75.3,5.0,0
2602,YouTube,Documentaire,2017,12,57,Allemagne,13927,581,33,7,65.2,3.9,0
2603,YouTube,Romance,2016,6,18,France,4479580,693,48,0,38.0,7.9,0
2604,YouTube,Documentaire,2015,11,45,France,1250,3477,207,36,95.0,5.8,0
2605,YouTube,Documentaire,2017,7,10,Canada,65895,100,17,1,60.2,9.1,0
2606,YouTube,Romance,2019,8,58,UK,2702,909,113,12,58.6,7.4,0
2607,YouTube,Drame,2016,2,15,Allemagne,16076,961,174,20,24.7,6.5,0
2608,YouTube,Romance,2017,5,25,USA,29651,5428,1228,23,95.0,8.8,0
2609,YouTube,Horreur,2015,9,47,Canada,119275,382523,33839,8742,50.5,6.5,1
2610,YouTube,Biopic,2015,11,14,UK,13064,3418,124,67,59.8,5.8,0
2611,YouTube,Biopic,2016,2,34,France,10573,100,2,1,56.4,7.7,0
2612,YouTube,Comedie,2019,1,47,France,12604,303,17,2,61.2,5.8,0
2613,YouTube,Romance,2020,9,4,UK,2540,5742,363,33,82.7,6.8,0
2614,YouTube,Comedie,2022,6,4,France,78012,3761,302,122,62.9,7.1,0
2615,YouTube,Animation,2020,11,47,Canada,38664,173015,17431,201,55.5,6.7,1
2616,YouTube,Biopic,2020,1,17,USA,52592,32865,1329,132,84.4,7.1,0
2617,YouTube,Action,2023,5,54,USA,19166,30494,1445,120,85.8,7.1,0
2618,YouTube,Animation,2017,1,55,France,14976,1732,144,12,79.1,6.8,0
2619,YouTube,Biopic,2022,9,53,Espagne,231237,46527,264,435,65.4,5.8,0
2620,YouTube,Horreur,2023,11,59,UK,170003,317,4,5,83.0,5.0,0
2621,YouTube,Thriller,2020,2,49,Canada,373099,33548,8160,478,53.5,5.4,0
2622,YouTube,Comedie,2022,4,24,Canada,46406,1471,9,7,25.4,5.5,0
2623,YouTube,Biopic,2016,11,59,USA,329498,100,7,1,54.4,7.5,0
2624,YouTube,Biopic,2022,1,22,Espagne,9583,13135,62,15,54.6,9.1,0
2625,YouTube,Romance,2020,12,36,USA,14739,98111,1406,13,54.3,6.5,1
2626,YouTube,Biopic,2016,11,3,USA,240434,1078,38,53,45.9,8.4,0
2627,YouTube,Action,2015,2,57,France,118995,148286,549,2278,78.9,5.5,1
2628,YouTube,Animation,2021,2,36,France,12321,100,4,1,71.5,6.3,0
2629,YouTube,Action,2018,9,57,UK,2717,149,19,0,59.4,6.3,0
2630,YouTube,Biopic,2017,1,23,USA,14648,2065,163,3,49.3,7.4,0
2631,YouTube,Animation,2018,7,20,UK,5598,1179,81,11,73.8,5.6,0
2632,YouTube,Biopic,2023,1,32,Espagne,693153,562,17,13,53.6,7.7,0
2633,YouTube,Romance,2018,7,52,USA,100718,4163,781,4,66.2,7.1,0
2634,YouTube,Action,2015,5,34,France,4760,795,90,18,66.8,6.8,0
2635,YouTube,Action,2017,9,48,UK,2724,1215,52,9,52.9,5.7,0
2636,YouTube,Thriller,2016,11,15,France,4644,5979,479,44,75.0,4.0,0
2637,YouTube,Documentaire,2021,6,47,Canada,7203,561,60,20,60.8,5.9,0
2638,YouTube,Comedie,2022,8,44,USA,15781,2286,77,1,76.3,7.7,0
2639,YouTube,Horreur,2022,8,54,USA,204657,593,9,4,82.6,3.9,0
2640,YouTube,Drame,2020,12,6,USA,3187,146,5,0,26.0,4.2,0
2641,YouTube,SF,2021,3,24,USA,2145910,20115,4900,27,85.9,6.1,0
2642,YouTube,Drame,2018,3,8,USA,3338,213093,11377,4253,58.5,5.3,1
2643,YouTube,SF,2020,5,25,France,1315,42677,1630,1151,72.5,10.0,0
2644,YouTube,SF,2015,9,46,USA,644744,6831,277,2,88.9,6.9,0
2645,YouTube,Action,2019,11,39,Allemagne,309437,599,24,4,73.3,5.9,0
2646,YouTube,Romance,2020,4,45,France,15295,1454,75,6,74.3,8.2,0
2647,YouTube,Documentaire,2015,2,45,USA,47224,41879,844,294,72.3,6.4,0
2648,YouTube,Biopic,2019,8,59,France,49669,100,21,0,84.6,6.4,0
2649,YouTube,Thriller,2021,8,53,USA,28952,1202,37,11,21.2,9.2,0
2650,YouTube,Horreur,2018,5,36,France,1647,18681,1088,55,56.8,3.4,0
2651,YouTube,Horreur,2019,3,52,Canada,153,173,4,2,38.0,5.1,0
2652,YouTube,Biopic,2017,11,5,France,4066,8591,204,19,86.2,7.3,0
2653,YouTube,Thriller,2017,11,44,UK,832600,7650,296,104,62.9,5.1,0
2654,YouTube,Horreur,2016,9,32,France,900609,100,37,0,92.0,5.1,0
2655,YouTube,Romance,2017,7,57,USA,13047,3705,175,53,65.9,7.7,0
2656,YouTube,Action,2022,4,31,France,3242,636,14,1,41.8,5.5,0
2657,YouTube,Drame,2023,5,13,UK,38416,8435,1087,19,85.7,7.1,0
2658,YouTube,Animation,2020,1,44,Espagne,52995,15906,2136,142,77.0,6.1,0
2659,YouTube,Comedie,2020,3,57,France,73235,8081,899,32,89.1,7.0,0
2660,YouTube,SF,2020,6,3,Espagne,140,3574,92,36,46.3,6.4,0
2661,YouTube,Documentaire,2019,6,6,USA,12182516,6137,151,32,73.4,7.8,0
2662,YouTube,Comedie,2018,1,40,USA,212128,157,21,0,75.3,7.9,0
2663,YouTube,SF,2020,12,34,UK,14828,2760,425,87,62.7,5.5,0
2664,YouTube,Drame,2022,4,34,France,5234,406,7,11,40.5,4.1,0
2665,YouTube,Romance,2018,7,8,USA,158674,39294,570,88,55.5,6.3,0
2666,YouTube,Drame,2020,6,35,France,59325,16450,1483,3,80.4,5.6,0
2667,YouTube,Biopic,2019,6,35,UK,26483,16333,611,12,42.7,5.4,0
2668,YouTube,Action,2017,11,51,USA,55087,216150,22095,2928,64.9,3.9,1
2669,YouTube,Biopic,2017,9,25,Allemagne,17580,1306,120,28,75.8,5.9,0
2670,YouTube,Documentaire,2015,11,22,France,49203,755,100,0,88.0,6.6,0
2671,YouTube,Horreur,2018,5,7,Allemagne,94157,1231,81,12,80.7,5.6,0
2672,YouTube,Horreur,2021,4,35,France,43766,100,10,0,77.9,6.4,0
2673,YouTube,Comedie,2021,6,39,UK,39412,100,9,1,43.3,7.5,0
2674,YouTube,Biopic,2023,7,19,USA,357081,14083,1227,416,76.0,8.6,0
2675,YouTube,Romance,2015,5,44,France,903,100,6,1,67.3,8.8,0
2676,YouTube,Biopic,2021,6,56,France,4465,202,6,1,80.1,5.5,0
2677,YouTube,Horreur,2022,2,12,UK,23228,2311,223,42,73.4,5.4,0
2678,YouTube,Romance,2018,8,35,France,5116,1063,196,1,64.8,4.4,0
2679,YouTube,Thriller,2017,9,42,USA,9975,27286,1602,34,56.3,7.7,0
2680,YouTube,Comedie,2018,7,4,Espagne,289376,3467,417,18,82.6,6.8,0
2681,YouTube,Comedie,2021,11,13,USA,16351,404,49,5,15.6,8.6,0
2682,YouTube,Thriller,2022,12,25,France,567,33829,2078,74,65.5,6.8,0
2683,YouTube,Horreur,2020,11,10,France,9445,18434,2489,496,73.2,5.7,0
2684,YouTube,Romance,2019,2,23,France,24741,100,4,0,68.4,6.4,0
2685,YouTube,SF,2020,11,11,USA,23846,5600,424,2,54.2,6.2,0
2686,YouTube,Drame,2015,5,54,UK,66975,498,73,6,42.1,5.4,0
2687,YouTube,Romance,2020,6,37,France,56884,467,21,10,37.3,6.6,0
2688,YouTube,Animation,2015,5,21,France,16686,319268,34078,2053,43.8,5.2,1
2689,YouTube,Biopic,2023,4,47,UK,2026,4067,364,12,72.0,8.6,0
2690,YouTube,Documentaire,2023,11,4,USA,9115,1730,79,26,79.7,3.9,0
2691,YouTube,Animation,2019,8,37,USA,6338,3686,132,18,74.3,8.3,0
2692,YouTube,Biopic,2018,12,41,Espagne,12453,26518,1821,884,76.6,5.7,0
2693,YouTube,SF,2021,12,49,France,87757,515,20,7,64.7,2.1,0
2694,YouTube,Biopic,2020,6,15,USA,49424,790,86,0,82.5,3.8,0
2695,YouTube,Thriller,2021,9,36,Canada,114463,15393,338,136,75.9,6.4,0
2696,YouTube,Comedie,2019,7,46,UK,10217,100,9,1,84.7,5.9,0
2697,YouTube,SF,2017,6,48,Canada,449873,35487,776,121,83.5,7.1,0
2698,YouTube,Comedie,2015,9,13,Canada,84598,100,1,1,39.3,5.9,0
2699,YouTube,Comedie,2017,9,58,USA,27569,1612,200,24,55.1,7.4,0
2700,YouTube,Horreur,2019,11,18,USA,73621,100,2,2,95.0,6.5,0
2701,YouTube,Documentaire,2018,10,25,UK,5701,212,67,4,66.2,7.5,0
2702,YouTube,Drame,2019,8,13,UK,324,76432,5385,572,52.5,7.8,0
2703,YouTube,Horreur,2017,12,11,UK,6545,40584,5005,1043,79.8,7.3,0
2704,YouTube,Action,2023,2,17,USA,98214,53013,6409,854,78.6,6.1,0
2705,YouTube,Drame,2018,10,10,Canada,25859,100,8,2,92.3,8.6,0
2706,YouTube,Documentaire,2022,5,44,France,16752,215,3,2,90.5,6.4,0
2707,YouTube,Thriller,2018,6,37,France,4041,6972,193,21,94.7,5.4,0
2708,YouTube,Documentaire,2018,10,25,USA,440,17823,2637,36,43.2,5.9,0
2709,YouTube,Horreur,2020,4,34,France,380671,403,42,5,91.6,7.1,0
2710,YouTube,Action,2017,11,37,UK,14533,701,168,14,80.8,8.0,0
2711,YouTube,Action,2016,6,13,France,9329,176,13,2,71.0,7.5,0
2712,YouTube,Biopic,2018,5,19,UK,5748,188266,27950,1855,81.1,7.5,1
2713,YouTube,Romance,2022,4,53,USA,270775,909,67,7,65.5,5.9,0
2714,YouTube,Romance,2016,6,3,France,128373,3223,262,67,53.1,8.1,0
2715,YouTube,SF,2018,12,57,France,3182,3674,566,14,77.0,6.5,0
2716,YouTube,SF,2021,2,57,USA,226179,47289,1008,98,93.7,5.7,0
2717,YouTube,Animation,2021,7,17,UK,16479,275,32,2,41.1,3.6,0
2718,YouTube,Romance,2018,11,21,USA,6495,55306,5395,1475,71.7,7.4,0
2719,YouTube,Comedie,2015,6,14,France,12243,121,6,6,75.1,5.6,0
2720,YouTube,Animation,2015,7,34,France,4598,54956,2177,55,57.6,4.9,0
2721,YouTube,Animation,2019,5,15,France,1569,100,4,0,91.9,4.6,0
2722,YouTube,Comedie,2022,2,48,France,104012,2295,549,17,95.0,7.8,0
2723,YouTube,Thriller,2015,8,25,Espagne,14165,173441,10534,367,65.2,6.8,1
2724,YouTube,Documentaire,2022,12,58,France,75691,17036,2515,218,65.4,7.3,0
2725,YouTube,Animation,2021,7,51,France,39121,8545,596,300,83.4,6.2,0
2726,YouTube,Comedie,2015,6,25,Allemagne,65978,216,16,1,68.5,6.6,0
2727,YouTube,Action,2018,2,36,UK,367,474,17,1,70.5,6.4,0
2728,YouTube,Romance,2016,12,4,USA,3891,85904,5741,367,67.2,4.8,1
2729,YouTube,SF,2023,11,6,UK,68784,9709,601,3,41.1,7.7,0
2730,YouTube,Biopic,2019,11,31,Espagne,1720,27601,3888,411,75.4,5.2,0
2731,YouTube,Romance,2017,5,29,France,46449,3584,225,38,95.0,5.7,0
2732,YouTube,Biopic,2017,8,25,France,1364,1473,276,13,39.3,7.1,0
2733,YouTube,Drame,2020,6,8,Allemagne,22762,20265,2054,481,64.9,8.1,0
2734,YouTube,SF,2015,3,50,Canada,551270,5700,861,147,81.0,5.6,0
2735,YouTube,Comedie,2017,3,26,Espagne,103694,1949,390,1,56.1,7.6,0
2736,YouTube,Romance,2016,5,29,USA,543,100,7,2,56.5,7.0,0
2737,YouTube,Comedie,2020,7,26,Espagne,120179,32362,8263,753,82.8,6.2,0
2738,YouTube,SF,2021,2,31,USA,842792,8955,1217,135,59.8,6.4,0
2739,YouTube,Thriller,2019,9,39,UK,5921095,654,40,3,62.3,6.4,0
2740,YouTube,Comedie,2016,6,46,Allemagne,56962,56847,5956,403,62.7,6.8,0
2741,YouTube,Action,2018,11,34,France,1438,5483,1251,225,90.2,8.2,0
2742,YouTube,Romance,2022,4,12,France,52541,5758,784,19,77.8,6.9,0
2743,YouTube,Biopic,2016,1,52,USA,536095,27166,2359,506,35.2,6.1,0
2744,YouTube,Comedie,2016,4,19,Canada,15151,15863,1417,260,74.4,5.8,0
2745,YouTube,SF,2016,12,3,France,177409,6211,709,45,74.3,6.7,0
2746,YouTube,Drame,2022,4,5,Allemagne,4108,1860,256,15,76.3,5.8,0
2747,YouTube,Horreur,2016,9,47,USA,46383,424709,35474,1648,42.7,3.8,1
2748,YouTube,SF,2020,11,25,USA,151,476,67,0,82.6,8.2,0
2749,YouTube,Biopic,2023,4,4,USA,3292,19243,2052,1,64.5,6.3,0
2750,YouTube,Drame,2020,8,49,Allemagne,21758,2417,452,5,57.4,6.2,0
2751,YouTube,Action,2018,3,20,France,10649,9290,1235,85,63.6,8.5,0
2752,YouTube,Romance,2016,5,58,USA,1633,65092,10783,121,58.5,5.7,0
2753,YouTube,Animation,2015,4,53,France,8108,1367,84,30,57.9,7.1,0
2754,YouTube,Biopic,2016,9,5,Allemagne,42587,13421,1217,7,72.5,6.5,0
2755,YouTube,Horreur,2023,11,42,Canada,18537,5790,325,14,77.4,7.0,0
2756,YouTube,Horreur,2016,4,37,France,24881,599,3,8,45.3,5.6,0
2757,YouTube,Animation,2015,4,12,France,95219,69234,7741,259,80.1,7.9,0
2758,YouTube,Thriller,2022,10,22,USA,11088,17640,733,537,94.9,9.2,0
2759,YouTube,SF,2018,6,30,USA,333819,1005,80,6,74.9,5.1,0
2760,YouTube,Comedie,2018,7,11,Canada,3045,47050,4340,568,52.4,7.6,0
2761,YouTube,SF,2021,9,44,USA,1041325,372,43,13,42.1,6.7,0
2762,YouTube,Thriller,2019,2,18,USA,204041,2772,70,44,82.0,7.1,0
2763,YouTube,Action,2023,11,56,UK,10807,1019,61,12,78.0,7.2,0
2764,YouTube,Drame,2019,5,48,USA,12349,19502,893,213,50.9,4.6,0
2765,YouTube,Romance,2021,8,39,France,33305,898,25,5,51.5,5.3,0
2766,YouTube,Thriller,2022,6,9,France,72936,19854,2561,159,45.6,6.1,0
2767,YouTube,Biopic,2019,10,4,USA,196633,13175,1017,1,78.0,8.3,0
2768,YouTube,SF,2017,8,11,UK,1508,1166,268,1,49.9,6.0,0
2769,YouTube,Biopic,2023,3,31,France,52832,289032,22965,352,45.8,7.2,1
2770,YouTube,Animation,2017,3,47,USA,319,462,48,1,72.9,6.6,0
2771,YouTube,Action,2015,11,11,France,15450,100,9,0,69.4,6.6,0
2772,YouTube,Drame,2020,7,43,UK,403456,25342,4003,361,59.0,6.7,0
2773,YouTube,Documentaire,2023,4,5,France,1293,100,7,1,60.0,5.3,0
2774,YouTube,Romance,2015,2,18,USA,899,124186,4528,876,68.9,6.3,1
2775,YouTube,Thriller,2022,2,37,France,34255,3844,160,14,63.9,5.9,0
2776,YouTube,Romance,2022,12,50,USA,353224,100,4,1,59.0,6.4,0
2777,YouTube,Biopic,2023,12,47,France,42225,278,12,5,93.9,5.5,0
2778,YouTube,Thriller,2018,5,33,USA,488,100,26,1,83.0,9.2,0
2779,YouTube,Action,2017,3,5,Canada,760,7763,1041,245,92.0,3.9,0
2780,YouTube,Thriller,2019,6,19,France,26782,108,6,2,40.5,4.0,0
2781,YouTube,Biopic,2016,2,47,UK,2082,10459,523,46,66.9,7.1,0
2782,YouTube,Documentaire,2022,7,7,USA,28951,1391,66,7,60.5,7.7,0
2783,YouTube,Horreur,2020,8,43,USA,32597,908,83,1,61.9,8.9,0
2784,YouTube,Biopic,2019,12,43,USA,8270,10650,2183,158,53.8,6.1,0
2785,YouTube,Comedie,2019,4,45,USA,830271,14168,2029,292,67.6,6.5,0
2786,YouTube,Drame,2021,3,15,UK,71749,52287,7725,909,95.0,7.3,0
2787,YouTube,Action,2019,2,16,Canada,248495,611,64,0,55.2,8.6,0
2788,YouTube,Action,2022,5,14,Canada,138851,2766,40,34,35.3,4.5,0
2789,YouTube,Horreur,2023,8,25,France,16315,608,33,2,61.5,6.8,0
2790,YouTube,Biopic,2023,1,32,UK,14929,4480,522,1,79.9,7.5,0
2791,YouTube,Comedie,2020,10,9,France,12146,425,107,9,52.8,6.0,0
2792,YouTube,Documentaire,2021,6,35,USA,86008,1032,299,11,65.2,7.2,0
2793,YouTube,Romance,2017,10,16,France,5998,1045,243,22,60.4,5.6,0
2794,YouTube,Action,2015,6,35,France,693888,6206,160,19,61.5,8.3,0
2795,YouTube,Biopic,2018,2,20,UK,4955,3003,34,2,57.4,3.9,0
2796,YouTube,Horreur,2022,1,57,Allemagne,33824,10569,890,274,92.0,6.1,0
2797,YouTube,Romance,2016,7,21,France,13930,2281,314,7,91.0,7.4,0
2798,YouTube,Documentaire,2019,7,52,USA,8941,699,34,2,82.3,6.1,0
2799,YouTube,Thriller,2016,10,12,UK,1697545,4808,522,18,70.7,7.8,0
2800,YouTube,Documentaire,2018,11,7,Espagne,9153,300,68,2,80.7,6.6,0
2801,YouTube,SF,2016,2,13,UK,11974,12368,1879,13,83.1,7.0,0
2802,YouTube,Biopic,2021,4,26,France,5835,1460,245,10,66.0,7.3,0
2803,YouTube,Action,2022,3,54,France,23910,4970,388,8,67.2,6.4,0
2804,YouTube,Comedie,2021,2,13,UK,17986,5167,419,35,45.7,4.0,0
2805,YouTube,Biopic,2021,1,47,France,2348,163384,16646,952,60.2,9.1,1
2806,YouTube,Drame,2017,1,42,Allemagne,9426,7738,289,25,73.6,8.6,0
2807,YouTube,Thriller,2019,7,22,Allemagne,74561,3579,495,13,50.9,7.6,0
2808,YouTube,Documentaire,2015,2,22,Espagne,171780,527,111,1,82.0,6.0,0
2809,YouTube,Comedie,2018,3,57,France,23109,22158,323,631,74.5,7.2,0
2810,YouTube,Romance,2019,2,43,UK,24784,1516,25,16,78.4,3.9,0
2811,YouTube,Drame,2021,9,16,UK,10700,100,12,0,93.5,4.2,0
2812,YouTube,Comedie,2015,8,54,France,8063,1830,55,1,68.0,10.0,0
2813,YouTube,Biopic,2022,12,26,France,3501,4811,311,41,38.7,4.6,0
2814,YouTube,Comedie,2019,2,7,France,979,385,94,4,54.0,6.0,0
2815,YouTube,Action,2022,3,49,USA,5405,2218,139,5,78.6,6.7,0
2816,YouTube,Animation,2019,6,52,Espagne,134336,2493,440,11,45.9,7.0,0
2817,YouTube,Horreur,2019,8,28,Canada,9425,2592,233,22,54.3,6.5,0
2818,YouTube,Comedie,2021,2,43,France,11025,65290,6762,1055,22.2,5.9,0
2819,YouTube,Documentaire,2022,3,16,USA,10604,112,14,6,74.2,6.3,0
2820,YouTube,Romance,2016,6,51,France,265512,481425,62953,1150,80.4,8.2,1
2821,YouTube,Horreur,2019,1,24,France,3440,2746,113,16,95.0,7.5,0
2822,YouTube,Comedie,2015,5,18,France,38334,12714,1708,145,83.6,7.5,0
2823,YouTube,Biopic,2019,10,31,UK,19207,4103,50,28,64.1,3.6,0
2824,YouTube,Animation,2022,7,18,UK,25231,100,10,0,67.9,7.3,0
2825,YouTube,Horreur,2022,6,38,Canada,35907,212,9,5,91.0,6.7,0
2826,YouTube,Thriller,2017,6,45,Allemagne,24694,803,199,1,65.7,5.5,0
2827,YouTube,Biopic,2018,12,26,France,107585,35749,3056,215,41.8,9.3,0
2828,YouTube,Animation,2019,7,47,UK,20774,100,3,0,77.8,4.3,0
2829,YouTube,Comedie,2018,7,27,France,721258,350,32,1,80.7,6.4,0
2830,YouTube,Biopic,2016,12,58,USA,24075,4501,552,2,72.7,8.3,0
2831,YouTube,Documentaire,2017,2,18,USA,730,9721,645,35,56.1,6.7,0
2832,YouTube,Thriller,2018,2,43,France,78954,9016,1520,77,58.6,3.6,0
2833,YouTube,Romance,2019,6,33,France,48252,254,14,0,77.2,8.7,0
2834,YouTube,Thriller,2023,4,56,France,23507,100,12,3,50.0,3.9,0
2835,YouTube,Romance,2019,3,15,France,13106,11471,821,31,91.9,4.7,0
2836,YouTube,Biopic,2018,2,14,Espagne,320,107238,26689,310,86.0,8.0,1
2837,YouTube,Horreur,2020,11,52,France,448,1257,107,8,91.0,5.1,0
2838,YouTube,Drame,2021,8,54,USA,594239,170,36,2,82.4,6.1,0
2839,YouTube,Biopic,2018,9,45,Espagne,6829,1017,21,7,75.4,5.0,0
2840,YouTube,SF,2019,2,30,USA,151939,7983,804,16,41.9,6.6,0
2841,YouTube,Documentaire,2016,5,26,USA,892,1664,24,5,73.9,8.3,0
2842,YouTube,Documentaire,2022,8,40,Allemagne,2714,100507,15278,1604,67.5,4.1,1
2843,YouTube,SF,2022,7,45,France,85586,30104,3770,63,36.4,6.9,0
2844,YouTube,SF,2016,9,18,France,17943,4726,562,32,65.5,3.9,0
2845,YouTube,SF,2018,9,3,USA,64558,100,6,3,66.1,9.6,0
2846,YouTube,Horreur,2017,5,7,USA,21434,528,8,10,82.5,5.1,0
2847,YouTube,Thriller,2023,10,22,Canada,14539,757,149,9,50.9,7.3,0
2848,YouTube,Drame,2015,4,41,France,5652,461,9,1,62.4,6.9,0
2849,YouTube,Thriller,2016,1,28,UK,2022,4803,353,64,72.1,6.7,0
2850,YouTube,Comedie,2017,11,38,UK,364179,5057,1048,55,76.4,5.8,0
2851,YouTube,Thriller,2020,1,29,Espagne,506165,100,8,1,69.5,4.4,0
2852,YouTube,Comedie,2017,4,17,France,2758,22281,794,201,57.6,8.7,0
2853,YouTube,Action,2019,2,45,France,2420,3103,340,69,40.8,5.1,0
2854,YouTube,Documentaire,2021,3,44,Espagne,10986,7288,641,138,65.8,6.3,0
2855,YouTube,Action,2022,5,57,UK,43515,19188,644,17,71.3,6.0,0
2856,YouTube,Romance,2015,2,50,France,15311,438,92,8,78.8,8.0,0
2857,YouTube,Documentaire,2016,6,24,France,59816,69373,5605,486,68.4,9.9,0
2858,YouTube,Documentaire,2015,12,43,Canada,19960,2091,218,14,56.7,5.5,0
2859,YouTube,SF,2023,2,22,USA,17513,130792,7295,4451,87.6,6.7,1
2860,YouTube,Comedie,2020,12,52,USA,2747377,318,29,1,92.2,8.1,0
2861,YouTube,Biopic,2019,5,37,Allemagne,7704,108620,6016,695,90.8,8.5,1
2862,YouTube,Horreur,2022,8,50,France,585308,311,24,9,34.2,6.3,0
2863,YouTube,Animation,2020,6,19,France,397808,1744455,283814,11134,72.1,6.3,1
2864,YouTube,Action,2017,4,3,UK,60366,276,68,1,30.8,8.4,0
2865,YouTube,Action,2019,2,11,Allemagne,467,41834,2086,6,45.0,3.7,0
2866,YouTube,Thriller,2021,8,33,France,23438,1204,119,2,40.3,7.9,0
2867,YouTube,Comedie,2015,11,57,UK,7868,17810,1717,287,53.0,5.3,0
2868,YouTube,Horreur,2020,7,38,France,22929,2693,238,3,46.3,6.7,0
2869,YouTube,Drame,2019,8,49,France,2628,194,6,2,52.7,6.6,0
2870,YouTube,Drame,2015,8,29,Allemagne,99959,100,1,1,67.5,5.6,0
2871,YouTube,Biopic,2017,5,57,France,157939,1573728,74093,915,37.2,7.0,1
2872,YouTube,Horreur,2019,2,56,France,228673,3578,448,5,58.4,6.0,0
2873,YouTube,Drame,2018,7,15,Canada,10256,100,21,0,89.4,8.0,0
2874,YouTube,Thriller,2017,11,52,USA,2646,6351,76,79,46.3,5.4,0
2875,YouTube,Romance,2020,4,4,USA,44505,16713,1911,103,62.1,4.9,0
2876,YouTube,Animation,2018,11,36,Canada,738331,498,18,1,82.8,6.7,0
2877,YouTube,Biopic,2019,11,27,France,25305,507,124,4,69.2,6.4,0
2878,YouTube,Horreur,2022,3,20,UK,54425,2836,180,42,64.6,8.8,0
2879,YouTube,Biopic,2015,7,56,USA,13768,60263,9236,827,26.2,6.5,0
2880,YouTube,Action,2018,9,40,France,8047,3827,279,5,60.9,6.5,0
2881,YouTube,Drame,2015,6,10,UK,82170,115619,16013,1085,42.0,4.7,1
2882,YouTube,Romance,2023,9,10,USA,17816,50415,3964,102,64.1,6.8,0
2883,YouTube,Action,2016,11,9,Allemagne,49367,1682,84,36,53.7,4.8,0
2884,YouTube,Thriller,2022,8,20,Allemagne,60779,100,1,0,82.4,6.2,0
2885,YouTube,Comedie,2016,11,6,Canada,44136,1691,182,12,73.2,5.1,0
2886,YouTube,Biopic,2017,10,18,USA,67218,11116,2643,288,85.9,7.3,0
2887,YouTube,Action,2020,10,46,France,3999,3462,164,6,76.8,6.3,0
2888,YouTube,Comedie,2022,11,52,Allemagne,3540,14560,1776,36,90.8,8.2,0
2889,YouTube,Comedie,2016,3,47,USA,20226,25810,1336,540,82.8,5.0,0
2890,YouTube,Comedie,2016,1,31,UK,21223,11239,481,137,63.0,6.6,0
2891,YouTube,Romance,2022,2,42,Canada,7749,1497,35,20,80.2,6.7,0
2892,YouTube,Thriller,2017,3,56,France,35667,10934,1220,34,82.4,6.3,0
2893,YouTube,Biopic,2016,9,6,France,135460,797080,100249,5976,62.7,8.1,1
2894,YouTube,Drame,2021,7,54,UK,236812,100,15,0,55.6,6.4,0
2895,YouTube,Romance,2015,6,44,USA,371210,10079,569,217,74.2,4.9,0
2896,YouTube,Animation,2022,1,25,France,1588,290688,57504,835,88.7,7.1,1
2897,YouTube,Animation,2022,9,28,USA,2151,158,2,0,78.4,9.2,0
2898,YouTube,Documentaire,2022,5,27,Canada,12341,36415,703,164,68.5,5.5,0
2899,YouTube,Drame,2017,10,11,USA,25863,50858,4369,305,54.7,6.4,0
2900,YouTube,Romance,2016,2,16,France,13672,100,1,1,61.9,6.8,0
2901,YouTube,Horreur,2018,4,19,UK,7293,17692,920,332,58.3,7.9,0
2902,YouTube,Horreur,2018,1,3,Canada,11982,1512,198,1,73.4,7.6,0
2903,YouTube,Animation,2023,4,31,Espagne,57908,2562,100,2,70.3,6.7,0
2904,YouTube,Animation,2020,12,30,France,1541,1322,214,2,44.8,5.9,0
2905,YouTube,Horreur,2023,6,21,Allemagne,2389785,79357,6133,2549,89.7,5.8,0
2906,YouTube,Animation,2021,6,13,Canada,22970,2252,144,171,70.6,7.2,0
2907,YouTube,Biopic,2021,4,58,UK,180176,936,20,9,77.9,5.4,0
2908,YouTube,Comedie,2016,4,41,USA,6904,976,69,12,70.6,4.4,0
2909,YouTube,Thriller,2015,9,30,France,69473,1270,94,6,84.5,6.1,0
2910,YouTube,Comedie,2015,12,44,USA,26908,200,26,11,41.2,5.7,0
2911,YouTube,Action,2020,9,24,France,122224,915,267,1,81.5,5.9,0
2912,YouTube,SF,2016,9,15,France,14804,4000,514,89,87.8,7.3,0
2913,YouTube,Drame,2023,6,41,Allemagne,490473,8192,360,194,24.6,6.6,0
2914,YouTube,SF,2016,2,46,France,1114,60481,9771,916,63.3,6.1,0
2915,YouTube,SF,2023,9,40,Espagne,147082,5444,401,13,71.3,4.7,0
2916,YouTube,Animation,2021,10,35,USA,27929,910,103,9,53.2,5.9,0
2917,YouTube,Biopic,2015,7,3,Canada,2873,238,11,2,48.4,4.1,0
2918,YouTube,Horreur,2015,2,39,France,1092666,6224,607,39,45.5,5.3,0
2919,YouTube,Thriller,2018,9,38,UK,888593,2222,293,24,88.6,5.3,0
2920,YouTube,Thriller,2018,12,26,USA,348,2414,82,46,76.7,6.5,0
2921,YouTube,Documentaire,2017,3,16,Allemagne,31368,5746,43,79,49.3,6.6,0
2922,YouTube,Comedie,2019,2,58,France,90339,10921,980,285,72.4,6.1,0
2923,YouTube,Romance,2016,9,24,France,53284,5850,816,55,51.7,4.8,0
2924,YouTube,SF,2016,4,18,Espagne,456370,1946,182,11,26.7,3.9,0
2925,YouTube,Comedie,2021,9,43,France,301120,402,25,9,67.5,8.5,0
2926,YouTube,Animation,2023,9,30,UK,37435,644,122,14,84.3,5.2,0
2927,YouTube,Thriller,2017,4,34,France,2093205,24850,2132,156,95.0,6.1,0
2928,YouTube,Comedie,2023,1,39,France,143443,1033,11,3,47.8,5.8,0
2929,YouTube,Animation,2018,7,24,USA,10907,103,10,2,85.8,7.8,0
2930,YouTube,Comedie,2018,5,11,USA,7297,54118,7305,443,45.4,6.9,0
2931,YouTube,Animation,2015,11,12,USA,264787,282,44,5,95.0,5.4,0
2932,YouTube,Comedie,2018,5,56,USA,4510,3255,194,13,41.6,7.3,0
2933,YouTube,SF,2019,3,31,UK,9706,10177,1003,194,80.9,4.5,0
2934,YouTube,Horreur,2020,11,26,Espagne,13641,3005,114,15,41.5,6.3,0
2935,YouTube,Drame,2016,9,21,France,44860,100,20,1,73.3,2.0,0
2936,YouTube,Documentaire,2016,8,44,USA,14959,7912,161,9,67.5,7.0,0
2937,YouTube,Documentaire,2018,12,55,USA,1581,82138,6377,1676,83.8,5.9,1
2938,YouTube,Biopic,2015,10,46,Canada,225068,21297,2352,806,90.0,6.2,0
2939,YouTube,Comedie,2016,11,33,USA,9810,100,1,1,87.6,8.3,0
2940,YouTube,Documentaire,2020,10,30,UK,1251521,608109,36937,2541,80.3,5.4,1
2941,YouTube,Biopic,2023,5,52,USA,40456,108,12,0,46.2,5.4,0
2942,YouTube,Documentaire,2020,1,51,UK,277732,201,20,5,83.5,4.3,0
2943,YouTube,Comedie,2016,8,25,Canada,77786,21050,3566,46,46.8,6.6,0
2944,YouTube,Horreur,2023,10,57,USA,305624,9247,636,28,52.2,6.4,0
2945,YouTube,Comedie,2019,12,50,USA,68918,3644,672,20,56.8,7.6,0
2946,YouTube,Romance,2021,9,51,France,35254,718,88,3,53.9,6.4,0
2947,YouTube,SF,2016,7,6,USA,196117,83045,9004,925,63.5,7.0,1
2948,YouTube,Romance,2020,7,10,France,3178577,2701,191,18,82.4,7.3,0
2949,YouTube,Romance,2015,2,19,Canada,12841,100,11,1,85.2,7.0,0
2950,YouTube,Action,2020,1,46,USA,107996,64909,720,226,93.9,6.3,0
2951,YouTube,Romance,2016,1,7,France,21796,5157,739,15,60.8,7.3,0
2952,YouTube,Biopic,2023,11,7,France,60604,48412,4691,1306,77.0,7.5,0
2953,YouTube,SF,2015,10,4,USA,23964,12473,64,134,90.4,8.0,0
2954,YouTube,Drame,2020,4,13,Allemagne,294,1177679,107517,2336,29.0,9.9,1
2955,YouTube,Biopic,2016,6,55,USA,14759,1373,140,19,86.6,5.0,0
2956,YouTube,Action,2021,6,44,France,162610,3103,183,106,78.3,7.3,0
2957,YouTube,SF,2019,3,43,USA,4767,18026,1226,6,65.8,6.5,0
2958,YouTube,Romance,2023,6,19,Espagne,138953,1394,34,10,49.1,6.8,0
2959,YouTube,SF,2020,5,38,Canada,31799,22172,662,207,79.3,7.6,0
2960,YouTube,Biopic,2018,9,47,France,15018,100,7,1,59.4,6.8,0
2961,YouTube,SF,2015,10,33,UK,134811,2485,166,12,41.0,4.9,0
2962,YouTube,Biopic,2020,2,51,Canada,85996,2304,133,63,35.5,5.7,0
2963,YouTube,Action,2018,6,35,Canada,51077,2104,246,5,91.1,7.4,0
2964,YouTube,Documentaire,2015,12,21,USA,168013,332,65,6,78.3,5.3,0
2965,YouTube,Romance,2020,11,39,UK,33063,28718,3440,21,84.4,4.8,0
2966,YouTube,Drame,2016,10,56,USA,821,844,29,6,65.6,6.0,0
2967,YouTube,Drame,2017,9,50,France,10339,4918,244,14,45.4,4.3,0
2968,YouTube,Documentaire,2015,1,31,France,596,2716,156,84,93.9,5.4,0
2969,YouTube,Animation,2018,12,37,USA,82020,10414,1918,19,75.3,9.4,0
2970,YouTube,Animation,2016,9,58,France,132243,106660,12504,2188,95.0,5.7,1
2971,YouTube,Action,2015,11,45,USA,144842,4854,1361,61,71.9,7.1,0
2972,YouTube,Romance,2018,11,31,Canada,58582,24428,4831,103,76.7,5.3,0
2973,YouTube,Biopic,2016,4,19,Canada,152641,4281,310,61,75.4,7.4,0
2974,YouTube,Action,2016,1,54,France,940,841,53,6,13.6,6.1,0
2975,YouTube,SF,2019,8,58,France,17762,2092,143,20,48.2,7.7,0
2976,YouTube,SF,2015,6,7,UK,1300,1467,39,48,76.9,6.0,0
2977,YouTube,Horreur,2023,1,4,USA,10757,12337,1459,59,41.7,5.8,0
2978,YouTube,Drame,2019,4,9,France,558217,3891,313,15,80.5,6.3,0
2979,YouTube,SF,2023,12,25,Canada,196118,409,20,8,48.4,6.5,0
2980,YouTube,Documentaire,2022,5,12,France,82832,1711,25,12,24.2,6.8,0
2981,YouTube,Action,2023,4,53,France,15317,100,18,0,34.8,5.5,0
2982,YouTube,Horreur,2019,8,55,UK,3019,1878,36,58,79.6,5.2,0
2983,YouTube,Horreur,2018,8,13,UK,32018,2990,171,42,79.5,4.4,0
2984,YouTube,Documentaire,2021,4,50,USA,203079,274064,13677,11867,90.4,5.6,1
2985,YouTube,Animation,2015,11,11,UK,49998,86779,2860,53,87.0,4.0,1
2986,YouTube,Documentaire,2022,7,47,Allemagne,923,224,16,1,88.7,4.6,0
2987,YouTube,Documentaire,2017,2,23,France,27152,4936,352,19,36.2,6.1,0
2988,YouTube,Biopic,2015,4,5,UK,479,5157,474,0,83.1,7.4,0
2989,YouTube,SF,2017,11,27,France,110014,1675,176,0,76.0,6.0,0
2990,YouTube,SF,2017,2,49,USA,5508,1965,415,50,88.0,9.5,0
2991,YouTube,Animation,2015,1,56,USA,1907,1230,199,11,42.9,7.0,0
2992,YouTube,Comedie,2021,8,9,USA,113081,321827,11693,7025,91.9,6.8,1
2993,YouTube,Horreur,2015,6,50,France,67423,1053,95,1,74.0,4.8,0
2994,YouTube,Documentaire,2022,4,19,Canada,35059,6990,172,77,88.9,7.4,0
2995,YouTube,Animation,2019,6,29,USA,1764567,100,7,1,69.2,7.4,0
2996,YouTube,Thriller,2021,3,9,Allemagne,78432,23363,1463,0,95.0,5.1,0
2997,YouTube,Thriller,2018,5,58,USA,6063,57563,1062,47,71.3,6.6,0
2998,YouTube,SF,2016,3,48,Canada,62218,214,14,2,37.2,8.8,0
2999,YouTube,Animation,2016,8,39,USA,12429,829,124,2,69.6,6.9,0
3000,YouTube,Documentaire,2020,9,44,USA,277483,9216,1006,30,46.9,7.8,0
3001,YouTube,Animation,2021,11,52,UK,38636,3129,180,102,84.0,6.0,0
3002,YouTube,Biopic,2017,1,11,Canada,47091,9565,2469,80,71.0,3.9,0
3003,YouTube,Biopic,2018,4,17,USA,1230,1453,247,33,50.4,7.2,0
3004,YouTube,Documentaire,2023,4,5,USA,24901,314318,41574,2823,95.0,6.3,1
3005,YouTube,Thriller,2022,7,30,USA,19682,558,19,5,54.9,6.9,0
3006,YouTube,Romance,2018,7,31,USA,2840,2492848,121073,10052,80.9,6.6,1
3007,YouTube,SF,2017,11,4,USA,14143,66490,2254,106,30.6,5.3,0
3008,YouTube,Animation,2017,12,40,Canada,52654,23867,282,36,85.3,6.6,0
3009,YouTube,Horreur,2019,10,3,USA,21835,221,21,1,46.8,5.5,0
3010,YouTube,Thriller,2020,3,48,USA,1307,28975,708,655,66.3,5.0,0
3011,YouTube,Romance,2016,1,43,UK,12753,13491,1973,76,91.6,7.7,0
3012,YouTube,Action,2015,11,49,Espagne,8638,100,10,0,76.3,5.2,0
3013,YouTube,Documentaire,2019,12,9,France,32436,100,14,3,78.6,6.3,0
3014,YouTube,SF,2022,4,52,France,26135,7288,406,141,74.0,5.2,0
3015,YouTube,SF,2016,1,34,France,9669,2136,216,1,79.1,8.7,0
3016,YouTube,Romance,2018,9,52,UK,8943,819,123,9,41.0,7.2,0
3017,YouTube,Drame,2016,8,42,USA,25196,44239,2252,117,79.9,5.0,0
3018,YouTube,Romance,2017,11,40,USA,151138,327,37,1,52.1,6.5,0
3019,YouTube,Documentaire,2020,7,4,France,38456,955,105,22,82.5,6.5,0
3020,YouTube,Thriller,2017,10,42,Allemagne,379321,591,98,6,73.6,6.7,0
3021,YouTube,Comedie,2017,10,28,USA,212433,10672,663,59,78.4,5.6,0
3022,YouTube,Thriller,2023,1,51,UK,439487,100,7,1,42.7,5.5,0
3023,YouTube,Comedie,2016,2,41,France,340188,859,20,3,82.5,8.7,0
3024,YouTube,Thriller,2016,10,7,France,501770,100,6,1,68.5,5.2,0
3025,YouTube,Animation,2023,3,53,France,2194,1363,16,9,61.4,4.9,0
3026,YouTube,Comedie,2019,3,6,USA,80406,18171,1856,128,49.8,3.8,0
3027,YouTube,Documentaire,2015,10,20,USA,251863,19000,323,253,60.1,6.1,0
3028,YouTube,Drame,2018,3,15,France,361513,483,58,4,62.9,4.6,0
3029,YouTube,Horreur,2020,2,58,USA,4715,11308,2796,148,66.5,9.8,0
3030,YouTube,Documentaire,2017,1,11,France,82023,1876,330,7,62.3,4.5,0
3031,YouTube,Drame,2019,6,51,USA,25601,89564,5278,477,83.6,5.3,1
3032,YouTube,Romance,2020,8,15,France,885688,2154,82,19,83.5,9.8,0
3033,YouTube,Comedie,2017,9,40,France,1373,100,16,1,92.1,8.1,0
3034,YouTube,Action,2022,11,8,France,4728,27908,750,53,89.8,3.8,0
3035,YouTube,Biopic,2019,8,25,UK,589,946,34,19,35.9,6.5,0
3036,YouTube,Horreur,2023,10,38,Espagne,29414,1501,124,11,57.3,6.9,0
3037,YouTube,Comedie,2015,3,43,UK,2038409,6903,777,107,43.7,5.0,0
3038,YouTube,Drame,2017,5,52,France,20157,100,23,2,56.1,7.4,0
3039,YouTube,Comedie,2021,4,49,Espagne,26958,3592,164,1,41.0,4.4,0
3040,YouTube,Thriller,2023,1,32,Espagne,66202,11341,960,131,71.0,3.9,0
3041,YouTube,Drame,2016,12,20,USA,17455,7406,434,25,41.2,7.9,0
3042,YouTube,Thriller,2023,3,17,France,45800,666,14,1,77.6,7.3,0
3043,YouTube,Romance,2016,6,59,UK,48263,35590,2134,588,47.0,9.3,0
3044,YouTube,Comedie,2018,5,37,Espagne,4059,246,20,2,71.2,6.3,0
3045,YouTube,Horreur,2017,1,54,Canada,18249,624,25,0,74.3,8.8,0
3046,YouTube,Documentaire,2018,11,27,UK,97135,2121,288,1,74.1,5.6,0
3047,YouTube,Documentaire,2023,3,30,UK,141089,6239,174,10,49.5,8.2,0
3048,YouTube,Comedie,2021,2,50,Espagne,295671,1324,47,3,43.5,9.3,0
3049,YouTube,Documentaire,2022,5,44,France,43082,64309,5804,260,87.5,5.1,0
3050,YouTube,Horreur,2017,2,14,France,44872,6236,1694,22,58.6,3.8,0
3051,YouTube,Comedie,2023,12,32,Canada,98752,3601,244,43,74.7,6.8,0
3052,YouTube,Documentaire,2018,3,15,France,6703,5712,72,1,70.0,6.8,0
3053,YouTube,Thriller,2020,4,46,USA,6176,18625,2691,228,58.4,6.2,0
3054,YouTube,Documentaire,2021,4,4,France,17161,5442,337,25,88.6,7.9,0
3055,YouTube,SF,2020,1,50,France,1719,100,12,1,51.7,4.8,0
3056,YouTube,Horreur,2020,1,55,France,49702,45422,9977,1800,55.6,6.3,0
3057,YouTube,Comedie,2019,7,4,USA,179541,4020,100,17,54.4,5.3,0
3058,YouTube,Thriller,2020,3,38,USA,5323,16516,1110,64,67.7,8.9,0
3059,YouTube,Drame,2023,2,7,USA,52590,1080,172,32,82.6,7.6,0
3060,YouTube,Drame,2018,4,23,USA,6258,100,6,0,66.9,5.4,0
3061,YouTube,Thriller,2019,4,22,Espagne,2883,100,9,1,57.9,6.6,0
3062,YouTube,Thriller,2016,6,32,USA,1343947,281,31,8,66.3,6.2,0
3063,YouTube,Comedie,2018,12,55,Espagne,2967,10864,2,537,87.0,4.5,0
3064,YouTube,Documentaire,2021,4,29,USA,1705,76475,8434,1165,59.4,8.9,0
3065,YouTube,Romance,2020,9,25,France,33841,6341,567,37,71.0,5.8,0
3066,YouTube,Horreur,2016,10,8,Canada,37685,214,24,2,71.6,10.0,0
3067,YouTube,Documentaire,2019,1,53,Canada,83655,419,24,1,40.8,6.5,0
3068,YouTube,Comedie,2022,7,20,France,1205561,89496,8338,3,75.0,8.4,1
3069,YouTube,Action,2016,6,29,UK,4655,112,25,0,39.8,6.5,0
3070,YouTube,SF,2015,7,8,UK,6926,570593,4527,5104,83.5,7.0,1
3071,YouTube,SF,2018,3,19,France,549965,324517,39696,941,45.5,5.9,1
3072,YouTube,Drame,2020,6,34,USA,144097,619584,33770,3331,32.9,3.8,1
3073,YouTube,Documentaire,2017,2,54,France,109115,7721,394,18,50.3,9.0,0
3074,YouTube,Romance,2022,12,21,France,6770,1269,71,26,53.9,5.6,0
3075,YouTube,Documentaire,2022,8,34,Allemagne,209352,7265,1135,90,88.8,8.7,0
3076,YouTube,Comedie,2019,1,52,USA,109794,28896,1802,738,65.0,9.6,0
3077,YouTube,Horreur,2018,7,23,Canada,32179,585,15,10,20.0,5.5,0
3078,YouTube,Drame,2015,12,19,UK,6837,189,32,0,23.7,5.2,0
3079,YouTube,SF,2022,9,5,Espagne,27265,1465,204,13,77.0,5.6,0
3080,YouTube,SF,2023,4,54,USA,595391,432,45,2,76.9,3.6,0
3081,YouTube,Horreur,2018,11,9,USA,2470,66317,3329,78,84.9,7.0,0
3082,YouTube,Drame,2019,3,15,France,4448,638,15,1,53.5,8.4,0
3083,YouTube,Drame,2021,3,10,UK,6275,3786,438,17,77.0,5.1,0
3084,YouTube,Thriller,2021,2,43,USA,9685,34807,638,294,85.4,7.2,0
3085,YouTube,Thriller,2016,12,23,UK,21344,73101,5390,1694,67.2,6.2,0
3086,YouTube,Comedie,2021,9,43,USA,149812,5021,477,38,26.1,6.2,0
3087,YouTube,Comedie,2023,7,37,France,55427,7791,752,25,74.4,6.5,0
3088,YouTube,Drame,2021,9,3,Allemagne,24876,234,12,2,57.0,7.0,0
3089,YouTube,SF,2019,4,20,Canada,38329,38470,4769,593,63.3,5.5,0
3090,YouTube,Thriller,2019,1,3,USA,76724,70179,4964,2134,87.9,6.5,0
3091,YouTube,Thriller,2017,11,6,UK,762,100,6,0,67.7,5.6,0
3092,YouTube,Documentaire,2020,12,29,USA,187806,244596,20294,1211,79.0,6.7,1
3093,YouTube,Drame,2017,1,18,Canada,4218,517,60,1,51.8,5.1,0
3094,YouTube,Biopic,2018,1,8,USA,9072,13181,1829,209,30.7,7.9,0
3095,YouTube,Documentaire,2017,7,26,USA,43515,3618,25,50,36.9,6.0,0
3096,YouTube,Comedie,2018,1,28,France,18942,2563,480,54,61.6,4.6,0
3097,YouTube,Thriller,2018,9,59,France,58329,1778,178,13,68.8,6.2,0
3098,YouTube,Comedie,2015,12,40,Canada,29250,249,74,3,66.6,6.4,0
3099,YouTube,Drame,2021,4,25,USA,12349,11043,474,49,53.1,5.8,0
3100,YouTube,Thriller,2018,4,29,France,468605,1458,32,1,55.3,4.1,0
3101,YouTube,Comedie,2023,11,8,France,90774,112,6,1,92.4,6.3,0
3102,YouTube,Action,2016,5,25,USA,40305,224,22,1,63.7,6.7,0
3103,YouTube,SF,2021,3,36,UK,87995,117,2,0,41.0,7.1,0
3104,YouTube,Documentaire,2016,2,4,USA,5374,803,31,29,83.0,8.0,0
3105,YouTube,Thriller,2019,11,55,UK,1705797,10024,1212,211,60.3,7.2,0
3106,YouTube,Horreur,2019,12,32,Allemagne,2501,503,2,18,70.8,7.0,0
3107,YouTube,Thriller,2019,1,47,USA,27621,34152,1774,823,61.4,7.4,0
3108,YouTube,Biopic,2020,10,18,Canada,12421,2212,217,3,58.2,5.6,0
3109,YouTube,Drame,2022,2,50,France,11512,1445,76,2,84.9,7.9,0
3110,YouTube,Romance,2017,2,23,USA,8879,3108,150,18,95.0,6.4,0
3111,YouTube,Documentaire,2022,5,55,France,4705,97527,12130,31,95.0,6.2,1
3112,YouTube,Action,2016,6,32,France,237206,100,1,1,69.1,4.6,0
3113,YouTube,Biopic,2017,11,39,France,1979,187384,42542,1459,71.9,7.2,1
3114,YouTube,Thriller,2017,9,14,France,157491,32872,1528,126,38.1,7.0,0
3115,YouTube,SF,2023,2,59,Canada,80585,2823,32,46,93.9,7.6,0
3116,YouTube,Animation,2016,8,13,USA,10282,57386,8819,630,67.2,4.4,0
3117,YouTube,Animation,2018,11,4,Espagne,63908,1331,274,7,52.0,7.6,0
3118,YouTube,Action,2018,8,28,USA,16061,6088,980,5,72.1,6.2,0
3119,YouTube,Horreur,2022,3,50,UK,2435,770,33,5,57.7,5.2,0
3120,YouTube,Animation,2019,2,55,France,2487,33395,5331,949,18.9,5.8,0
3121,YouTube,Biopic,2023,6,51,USA,81706,508,34,12,63.3,5.3,0
3122,YouTube,SF,2021,6,34,USA,73654,2621,442,6,76.1,7.0,0
3123,YouTube,Animation,2021,5,55,Espagne,35739,16282,935,59,52.2,5.8,0
3124,YouTube,SF,2021,2,31,Espagne,10066,40965,11011,384,75.7,6.4,0
3125,YouTube,Horreur,2016,2,30,France,15050,382,54,0,53.5,5.8,0
3126,YouTube,Horreur,2019,7,13,UK,11486,19591,5812,125,44.9,6.3,0
3127,YouTube,Biopic,2020,12,47,UK,669,255,2,4,58.2,4.8,0
3128,YouTube,Romance,2016,8,21,USA,24897,100,17,2,81.7,3.5,0
3129,YouTube,Documentaire,2016,6,14,France,62624,459,27,4,85.7,10.0,0
3130,YouTube,Thriller,2016,12,24,UK,25215,24020,4423,978,61.8,6.6,0
3131,YouTube,SF,2022,9,37,Canada,757893,2891,183,1,88.0,10.0,0
3132,YouTube,Documentaire,2020,9,18,USA,2953,782,75,50,82.4,6.4,0
3133,YouTube,Action,2017,7,23,USA,5871,3424,305,39,84.0,6.5,0
3134,YouTube,Documentaire,2021,10,21,France,28739,3152,171,6,45.7,6.1,0
3135,YouTube,Action,2021,7,36,Espagne,35865,14111,1168,176,89.7,7.3,0
3136,YouTube,Romance,2022,8,43,France,491,100,7,1,64.6,6.6,0
3137,YouTube,SF,2023,8,41,France,73526,2307,164,14,95.0,4.5,0
3138,YouTube,SF,2022,10,11,France,36193,4067,756,10,95.0,4.9,0
3139,YouTube,SF,2016,11,22,Canada,317,100,10,1,51.4,4.7,0
3140,YouTube,SF,2021,4,39,UK,17441,100,12,2,84.8,6.7,0
3141,YouTube,SF,2018,9,15,France,4371,1197,153,2,57.4,6.7,0
3142,YouTube,SF,2018,1,6,France,8895,3045,463,51,53.6,6.6,0
3143,YouTube,Romance,2020,7,21,Canada,1515,3072,81,7,83.7,5.4,0
3144,YouTube,Documentaire,2020,11,41,USA,50633,741,20,3,61.4,4.7,0
3145,YouTube,Romance,2018,8,40,France,746800,669,99,6,74.8,8.2,0
3146,YouTube,Animation,2023,4,10,Espagne,37423,1109,201,8,44.8,6.8,0
3147,YouTube,Horreur,2016,8,41,France,293,6287,625,21,62.5,7.3,0
3148,YouTube,Biopic,2015,5,14,USA,38995,66940,12582,1011,45.9,7.9,0
3149,YouTube,Comedie,2015,6,45,France,14923,100,3,0,77.4,3.4,0
3150,YouTube,Documentaire,2022,3,35,UK,2435,14150,3122,15,79.4,6.6,0
3151,YouTube,Drame,2018,8,10,Canada,44678,2257,79,22,85.6,8.2,0
3152,YouTube,Comedie,2018,3,22,USA,127967,11095,489,7,71.7,4.6,0
3153,YouTube,Documentaire,2020,6,49,UK,5784,57748,5455,218,71.0,4.8,0
3154,YouTube,Action,2018,12,27,Allemagne,822,451,30,19,31.5,4.7,0
3155,YouTube,Horreur,2020,10,42,Canada,394,31595,933,238,92.9,4.2,0
3156,YouTube,Documentaire,2015,5,45,USA,5817,129,4,1,53.5,7.3,0
3157,YouTube,Biopic,2016,12,4,USA,16138,4101,383,99,84.6,6.7,0
3158,YouTube,Animation,2023,1,56,Allemagne,7847,1625,318,35,10.0,4.6,0
3159,YouTube,Horreur,2019,12,22,France,5616,3346,328,35,95.0,3.7,0
3160,YouTube,Comedie,2016,5,48,France,68582,251,14,0,35.1,5.2,0
3161,YouTube,Horreur,2018,10,29,France,55584,8885,667,27,35.0,8.1,0
3162,YouTube,Comedie,2018,12,35,Canada,32832,157269,22715,3260,65.2,4.7,1
3163,YouTube,Thriller,2017,8,23,France,112755,262,27,0,58.6,3.8,0
3164,YouTube,Comedie,2017,8,51,France,5927,4789,253,13,80.6,6.2,0
3165,YouTube,SF,2021,9,9,UK,2467,25328,2011,469,87.1,4.6,0
3166,YouTube,Documentaire,2015,3,54,France,7749,1419,330,7,56.8,8.9,0
3167,YouTube,Drame,2017,3,14,USA,6750,89409,2445,187,84.3,6.6,1
3168,YouTube,Horreur,2019,5,53,USA,364,1018,199,23,39.1,5.8,0
3169,YouTube,Animation,2019,6,4,France,7397,2228,266,3,50.2,5.8,0
3170,YouTube,Animation,2022,9,3,Espagne,200727,248,7,2,67.5,5.5,0
3171,YouTube,Biopic,2023,4,8,France,109284,4090,198,78,62.7,5.6,0
3172,YouTube,SF,2017,7,34,Canada,62967,3003,316,49,46.9,10.0,0
3173,YouTube,Thriller,2019,1,18,USA,28659,14614,1877,238,85.5,7.8,0
3174,YouTube,Biopic,2015,1,37,France,399431,607,66,4,85.2,6.0,0
3175,YouTube,Romance,2020,12,49,France,2642,541,34,28,42.4,6.7,0
3176,YouTube,Animation,2016,11,4,USA,3198,9473,1024,32,63.0,5.2,0
3177,YouTube,Drame,2015,11,33,USA,208686,98024,1074,787,90.7,7.8,1
3178,YouTube,Drame,2021,4,45,France,23276,14364,2421,248,45.2,1.3,0
3179,YouTube,Comedie,2016,7,27,Espagne,5753,302105,50653,586,50.7,5.4,1
3180,YouTube,Drame,2019,9,55,USA,66426,11947,757,202,68.7,4.7,0
3181,YouTube,Comedie,2015,4,40,Allemagne,9164,10918,984,21,50.3,7.6,0
3182,YouTube,Documentaire,2021,9,4,France,4125,16288,443,83,83.6,6.2,0
3183,YouTube,Action,2021,9,33,France,3902,123059,15626,451,76.1,3.6,1
3184,YouTube,Animation,2020,5,24,USA,41902,65770,2985,101,53.2,6.0,0
3185,YouTube,Biopic,2022,6,10,France,33244,197,19,2,78.6,6.2,0
3186,YouTube,Documentaire,2018,4,57,France,457482,22058,1127,258,92.5,8.4,0
3187,YouTube,SF,2016,10,15,France,12330,5787,743,0,60.9,6.6,0
3188,YouTube,Action,2016,12,7,France,11916,1835,266,30,54.1,6.1,0
3189,YouTube,Horreur,2016,12,15,Canada,392097,100,6,1,83.8,6.2,0
3190,YouTube,Action,2016,10,49,France,158149,100,10,0,93.4,2.7,0
3191,YouTube,Animation,2017,5,37,Espagne,29430,1198,71,8,80.0,4.9,0
3192,YouTube,Animation,2016,10,49,France,970,100,3,1,80.4,3.2,0
3193,YouTube,Comedie,2020,3,29,USA,4342,1262,194,3,78.4,9.2,0
3194,YouTube,Documentaire,2016,11,9,USA,2675,17780,1610,167,64.0,5.4,0
3195,YouTube,Comedie,2020,4,25,USA,23692,697,35,7,46.1,7.1,0
3196,YouTube,Drame,2018,5,14,Allemagne,7969,3672,281,52,74.1,4.6,0
3197,YouTube,Horreur,2021,2,34,Canada,543513,205,7,1,56.4,5.6,0
3198,YouTube,Biopic,2019,1,18,France,950,6291,894,20,65.9,5.6,0
3199,YouTube,Drame,2023,5,58,USA,2158,10618,1091,20,75.7,6.9,0
3200,YouTube,Biopic,2018,7,24,Canada,35927,100,9,1,59.9,5.9,0
3201,YouTube,Biopic,2017,1,20,France,62496,454,25,8,57.9,5.1,0
3202,YouTube,Documentaire,2020,11,59,USA,124,125,5,0,48.6,3.0,0
3203,YouTube,Comedie,2020,2,32,France,684,10647,688,102,86.7,9.5,0
3204,YouTube,Drame,2018,12,12,USA,13001,4491,298,31,29.4,5.3,0
3205,YouTube,Animation,2020,4,30,USA,331733,2632,246,32,85.4,5.5,0
3206,YouTube,Biopic,2019,5,17,USA,960800,2163,127,1,59.5,5.2,0
3207,YouTube,Horreur,2017,2,43,Allemagne,9614,6681,510,28,43.3,8.2,0
3208,YouTube,SF,2017,10,35,USA,15657,7024,250,33,54.9,5.1,0
3209,YouTube,Drame,2023,9,44,Allemagne,4130,863,10,14,10.3,5.4,0
3210,YouTube,Biopic,2021,1,56,UK,78152,608,31,1,66.1,6.4,0
3211,YouTube,Drame,2015,2,44,USA,468391,2572,314,37,60.6,7.9,0
3212,YouTube,Thriller,2023,8,22,USA,271587,1855,49,1,52.4,6.1,0
3213,YouTube,Biopic,2021,11,14,USA,20785,514888,50756,9781,44.1,6.2,1
3214,YouTube,Romance,2015,2,33,Canada,4117,1141,32,6,88.8,5.9,0
3215,YouTube,Drame,2021,3,28,France,22390,6149,543,159,37.4,5.4,0
3216,YouTube,Action,2020,7,20,Espagne,348562,9554,187,197,46.0,8.9,0
3217,YouTube,SF,2023,2,49,USA,9886,98845,7482,1948,84.6,4.9,1
3218,YouTube,Biopic,2019,4,54,UK,583,392,75,1,80.4,6.7,0
3219,YouTube,SF,2019,1,24,USA,10721,84890,3573,1878,34.0,5.3,1
3220,YouTube,Animation,2017,6,41,USA,12606,2062,193,25,71.3,7.0,0
3221,YouTube,Drame,2017,9,59,UK,576,1549376,158483,6350,69.8,6.0,1
3222,YouTube,Documentaire,2020,5,3,UK,35034,7379,364,367,47.7,6.5,0
3223,YouTube,Documentaire,2022,4,23,France,60597,138,4,1,79.0,6.3,0
3224,YouTube,Animation,2023,6,45,USA,908713,1820,55,1,57.6,4.5,0
3225,YouTube,Documentaire,2021,7,31,USA,1533,84176,6249,1333,41.5,6.0,1
3226,YouTube,Romance,2020,2,48,UK,94944,3655,55,45,81.5,3.4,0
3227,YouTube,Thriller,2019,2,30,USA,152309,2568,667,53,73.1,6.5,0
3228,YouTube,Documentaire,2018,3,6,France,62270,17988,2337,6,58.5,5.4,0
3229,YouTube,Horreur,2021,12,27,UK,2940,1258,270,2,10.7,5.8,0
3230,YouTube,Horreur,2017,9,26,USA,2617,1760,189,21,93.9,6.2,0
3231,YouTube,Drame,2017,2,51,USA,26752,280,8,2,64.5,6.3,0
3232,YouTube,Animation,2022,4,11,UK,26379,224594,18773,3325,59.0,2.7,1
3233,YouTube,Action,2020,5,11,UK,7194,140,11,2,42.7,5.6,0
3234,YouTube,Romance,2018,3,11,UK,291639,4553,650,0,65.4,6.5,0
3235,YouTube,Romance,2022,11,35,France,9882,9894,1047,102,86.5,8.5,0
3236,YouTube,Thriller,2023,12,59,France,498,2880,410,62,46.8,10.0,0
3237,YouTube,Biopic,2017,3,38,UK,14071,129,26,1,77.6,9.1,0
3238,YouTube,Horreur,2019,1,49,France,57557,245,41,0,56.7,5.0,0
3239,YouTube,Action,2019,4,51,France,43648,11007,288,160,83.0,7.0,0
3240,YouTube,Drame,2021,7,37,France,42978,424,23,0,79.6,7.8,0
3241,YouTube,Drame,2023,10,37,USA,437126,100,12,0,80.4,7.2,0
3242,YouTube,Horreur,2019,5,16,Espagne,2369,7843,373,52,35.3,6.1,0
3243,YouTube,Romance,2022,4,57,France,9438,336,15,5,70.9,6.6,0
3244,YouTube,Documentaire,2020,3,47,France,484129,14444,2027,63,61.0,6.8,0
3245,YouTube,Horreur,2022,1,52,Allemagne,430,1800,323,42,57.3,5.3,0
3246,YouTube,Documentaire,2018,1,59,Espagne,19783,1596,273,22,84.8,6.6,0
3247,YouTube,Action,2018,6,22,France,257259,3396,209,30,78.9,4.4,0
3248,YouTube,Comedie,2018,8,11,Allemagne,249704,173,16,5,52.7,9.8,0
3249,YouTube,Thriller,2023,1,52,France,82473,378,28,4,68.0,5.7,0
3250,YouTube,Thriller,2020,3,29,Canada,86758,1556,100,36,88.3,7.1,0
3251,YouTube,Documentaire,2016,11,57,France,2746,170,50,0,69.3,6.7,0
3252,YouTube,Comedie,2015,12,42,USA,343298,17757,2281,2,84.1,6.5,0
3253,YouTube,Thriller,2019,8,17,France,1997,1382,11,1,60.4,7.3,0
3254,YouTube,Drame,2022,7,23,UK,2251,100,6,1,92.7,8.0,0
3255,YouTube,Comedie,2019,7,37,France,47846,736,84,22,49.1,6.5,0
3256,YouTube,Comedie,2020,5,25,USA,8217,3839,422,21,59.4,7.6,0
3257,YouTube,Comedie,2022,3,19,UK,33302,977,43,9,69.2,7.1,0
3258,YouTube,Romance,2019,5,14,France,52131,8099,1009,570,85.2,4.4,0
3259,YouTube,SF,2023,9,40,Allemagne,771598,12520,1406,73,81.0,6.4,0
3260,YouTube,SF,2020,8,5,USA,52441,1207727,152156,9295,55.8,6.0,1
3261,YouTube,SF,2021,9,8,France,6392,52923,7650,891,72.5,7.3,0
3262,YouTube,Documentaire,2022,8,5,France,85218,100,5,0,75.9,7.4,0
3263,YouTube,Horreur,2020,1,44,USA,4173,1211,73,9,28.0,6.6,0
3264,YouTube,Romance,2015,8,4,France,136804,1530,93,29,81.4,7.0,0
3265,YouTube,Animation,2018,11,26,USA,25065,12552,1313,247,43.7,6.6,0
3266,YouTube,Documentaire,2016,8,9,UK,49074,288,36,1,27.6,5.5,0
3267,YouTube,Animation,2019,7,36,USA,625,789,40,15,51.3,8.3,0
3268,YouTube,Comedie,2016,3,4,USA,244,132,8,3,89.2,7.3,0
3269,YouTube,Biopic,2019,10,4,Canada,1093,661,70,6,59.1,9.3,0
3270,YouTube,Comedie,2018,6,26,USA,723272,726,34,11,84.3,6.2,0
3271,YouTube,SF,2015,4,42,UK,2216,1363,36,12,30.6,5.6,0
3272,YouTube,Animation,2016,6,9,Allemagne,95284,153,13,1,57.3,3.3,0
3273,YouTube,SF,2019,2,31,France,6100,34719,1634,81,26.3,9.9,0
3274,YouTube,Drame,2015,12,49,UK,13628,9706,583,53,59.2,7.2,0
3275,YouTube,Biopic,2022,9,38,Espagne,20141,100,14,1,23.5,7.6,0
3276,YouTube,Action,2021,4,45,USA,589810,3180,84,1,93.6,9.0,0
3277,YouTube,Drame,2021,10,20,Espagne,70898,100,11,3,54.5,6.7,0
3278,YouTube,Biopic,2016,1,56,USA,47575,85445,5423,66,27.0,5.4,1
3279,YouTube,Documentaire,2022,5,11,USA,294606,168597,15071,681,83.3,7.8,1
3280,YouTube,Action,2020,8,37,USA,6208,2593,462,14,81.8,6.1,0
3281,YouTube,Documentaire,2018,1,27,France,186593,353,38,5,80.8,3.7,0
3282,YouTube,Biopic,2015,9,4,Espagne,133599,566,34,7,86.6,8.8,0
3283,YouTube,Action,2019,10,56,France,130587,958,134,3,46.6,4.8,0
3284,YouTube,SF,2022,8,43,Espagne,16154,2282,282,17,83.2,5.4,0
3285,YouTube,SF,2015,3,15,UK,9185,91690,11412,4244,44.9,7.6,1
3286,YouTube,Comedie,2015,9,5,Allemagne,3867,32500,1000,453,90.1,3.5,0
3287,YouTube,Drame,2018,5,41,Espagne,4383,33776,1961,1416,95.0,6.6,0
3288,YouTube,Comedie,2019,9,34,USA,3519,4566,742,35,70.6,6.9,0
3289,YouTube,Comedie,2019,8,5,Espagne,45875,166,13,2,63.1,8.1,0
3290,YouTube,SF,2018,2,59,Canada,13951,434,22,6,53.5,7.4,0
3291,YouTube,SF,2017,2,43,USA,52198,3469,524,7,63.4,7.6,0
3292,YouTube,Drame,2015,1,29,UK,58440,148,6,0,50.9,7.8,0
3293,YouTube,Drame,2015,1,16,France,2645,6373,334,34,59.9,8.7,0
3294,YouTube,Comedie,2015,4,18,France,2491,22310,1703,307,24.6,5.8,0
3295,YouTube,Documentaire,2021,1,28,France,13942,11653,1701,71,59.2,5.0,0
3296,YouTube,Drame,2022,12,6,USA,4673,10540,539,95,28.9,5.1,0
3297,YouTube,Biopic,2018,11,23,France,3786,100,5,0,56.3,7.4,0
3298,YouTube,Romance,2015,3,15,USA,654334,83565,1522,961,50.1,6.0,1
3299,YouTube,Horreur,2018,4,9,UK,1025,100,10,2,93.7,5.6,0
3300,YouTube,Animation,2023,9,10,UK,1259378,2034,72,39,85.4,8.1,0
3301,YouTube,Drame,2017,8,22,Allemagne,39251,13993,1154,19,91.1,7.3,0
3302,YouTube,Animation,2019,7,24,Espagne,158336,7306,133,56,80.5,8.8,0
3303,YouTube,Drame,2019,12,22,Allemagne,125074,122,5,1,66.0,6.9,0
3304,YouTube,Comedie,2017,8,42,UK,75653,191,8,4,56.0,7.3,0
3305,YouTube,Drame,2018,9,32,France,611495,6109,733,97,52.5,5.9,0
3306,YouTube,Drame,2019,7,13,Espagne,2527,10690,1049,158,39.4,3.3,0
3307,YouTube,Comedie,2019,7,58,France,16110,187,6,2,69.8,5.7,0
3308,YouTube,Action,2021,4,44,France,4001,7954,1389,91,54.2,5.4,0
3309,YouTube,Biopic,2020,7,29,USA,740,100,15,2,62.2,4.5,0
3310,YouTube,Romance,2015,12,5,USA,5869,14199,1006,25,73.5,6.7,0
3311,YouTube,SF,2015,5,55,UK,932006,327,31,1,79.4,7.9,0
3312,YouTube,Biopic,2018,2,45,France,15569,3645,90,107,68.3,5.8,0
3313,YouTube,Drame,2023,8,29,Canada,1163602,2395,107,31,51.3,7.1,0
3314,YouTube,SF,2015,10,12,France,1427812,54265,472,100,37.1,5.6,0
3315,YouTube,Horreur,2015,12,9,France,8799986,5460,351,20,38.8,6.3,0
3316,YouTube,Animation,2021,7,19,USA,995485,666,112,10,73.9,5.6,0
3317,YouTube,Thriller,2019,10,16,USA,2461456,7324,1360,203,54.7,6.9,0
3318,YouTube,Drame,2017,4,14,Canada,42206,631613,15104,23963,53.5,7.4,1
3319,YouTube,Action,2016,6,26,France,34775,18964,784,34,54.9,9.1,0
3320,YouTube,Action,2020,6,5,France,39722,2571,216,6,48.0,5.6,0
3321,YouTube,Comedie,2019,4,21,France,22029,370,37,7,67.0,6.2,0
3322,YouTube,Documentaire,2020,9,52,Canada,29712,638,82,20,50.2,8.2,0
3323,YouTube,Animation,2017,11,52,Espagne,99147,16317,1280,119,85.6,6.0,0
3324,YouTube,SF,2019,4,3,UK,8676,325,69,0,92.8,7.3,0
3325,YouTube,Documentaire,2022,2,41,USA,1400,3001,243,9,68.5,5.7,0
3326,YouTube,Comedie,2017,10,59,Allemagne,45580,108450,16775,1111,49.6,7.1,1
3327,YouTube,Drame,2018,11,35,France,5510,4341,802,45,40.9,7.4,0
3328,YouTube,Thriller,2016,12,25,France,6778,200,50,0,43.5,8.5,0
3329,YouTube,Biopic,2020,4,31,USA,16555,690119,31679,7550,45.3,5.4,1
3330,YouTube,Animation,2015,9,15,France,10464,244292,26311,3295,91.4,7.2,1
3331,YouTube,Horreur,2017,9,25,USA,202822,10435,393,7,47.6,6.3,0
3332,YouTube,Drame,2021,10,56,USA,15780,72358,5174,45,77.3,4.0,0
3333,YouTube,Horreur,2015,10,37,USA,224335,1529,32,8,75.1,5.6,0
3334,YouTube,Action,2023,12,27,USA,33257,18235,823,31,77.0,5.4,0
3335,YouTube,Drame,2018,6,10,USA,18452,1033,257,11,82.7,7.1,0
3336,YouTube,Romance,2018,1,54,France,30225,100,9,0,46.2,5.2,0
3337,YouTube,Action,2019,3,12,Allemagne,1663,1943122,153559,38987,87.7,6.6,1
3338,YouTube,Horreur,2020,11,44,UK,43310,100,7,2,87.2,6.5,0
3339,YouTube,Horreur,2019,11,20,France,120376,6272,873,5,71.9,7.5,0
3340,YouTube,Romance,2022,1,18,France,159803,6091,589,44,87.9,5.8,0
3341,YouTube,Thriller,2023,5,12,France,1473,10829,272,35,62.0,4.3,0
3342,YouTube,Action,2016,3,24,France,1055,2382,91,43,49.0,7.9,0
3343,YouTube,Animation,2021,4,41,France,7527,2445,114,2,68.2,5.7,0
3344,YouTube,Romance,2017,8,26,France,351275,4213,247,18,83.6,8.1,0
3345,YouTube,Documentaire,2023,7,4,Canada,34267,9893,890,4,63.6,6.5,0
3346,YouTube,Animation,2017,6,18,Canada,4677,2967,66,5,27.6,6.6,0
3347,YouTube,Comedie,2017,6,12,Canada,1204,2512,181,1,95.0,7.4,0
3348,YouTube,Comedie,2021,8,25,UK,5608,109,8,2,74.0,7.5,0
3349,YouTube,Documentaire,2022,9,54,UK,4899,457808,18010,416,60.6,6.4,1
3350,YouTube,Comedie,2016,1,57,UK,143090,11375,926,183,54.3,5.8,0
3351,YouTube,Biopic,2020,2,59,Allemagne,166889,5025,267,9,67.6,6.4,0
3352,YouTube,Comedie,2018,5,9,UK,2697,625,42,3,79.5,3.8,0
3353,YouTube,Documentaire,2020,6,30,UK,99342,242,13,0,59.1,8.0,0
3354,YouTube,Biopic,2020,12,5,Canada,80944,25590,2165,266,57.2,5.2,0
3355,YouTube,SF,2023,11,31,USA,2081,1998,107,32,59.2,5.7,0
3356,YouTube,Action,2023,8,35,France,18626,14082,2058,215,35.4,5.9,0
3357,YouTube,Horreur,2020,1,47,France,43548,101,3,4,58.2,7.1,0
3358,YouTube,Comedie,2021,2,22,USA,30530,142505,15396,501,21.3,6.3,1
3359,YouTube,Romance,2023,6,5,France,719,28380,2625,1295,73.8,7.5,0
3360,YouTube,Biopic,2016,8,28,France,28634,2434,309,34,79.7,7.3,0
3361,YouTube,Documentaire,2021,8,27,France,78631,9595,1199,45,27.4,5.3,0
3362,YouTube,Action,2021,2,38,USA,518755,19006,518,25,39.2,5.3,0
3363,YouTube,Horreur,2016,11,8,Espagne,5781,105,3,1,74.0,6.1,0
3364,YouTube,Comedie,2022,6,37,USA,7398,197712,9702,806,50.6,7.6,1
3365,YouTube,Documentaire,2021,8,25,France,14505,9978,454,33,55.3,7.3,0
3366,YouTube,Animation,2018,1,45,USA,39435,512,45,6,38.0,7.5,0
3367,YouTube,Drame,2019,10,59,USA,26743,192,7,2,51.2,6.1,0
3368,YouTube,SF,2019,7,15,UK,73763,35162,2072,569,54.7,8.0,0
3369,YouTube,Comedie,2023,3,45,UK,2320,5053,449,31,39.6,7.0,0
3370,YouTube,Biopic,2023,4,10,France,48713,9961,675,162,64.1,5.6,0
3371,YouTube,Drame,2022,5,59,USA,4991,3186,57,48,81.0,6.1,0
3372,YouTube,Thriller,2020,1,30,France,16536,243,11,1,67.5,7.7,0
3373,YouTube,Romance,2015,12,45,UK,670666,10631,1044,149,57.3,8.8,0
3374,YouTube,Animation,2023,10,47,Espagne,1344,1819,39,8,58.7,3.9,0
3375,YouTube,Romance,2016,11,37,Allemagne,12595,2823,339,20,75.2,6.9,0
3376,YouTube,Romance,2016,5,24,France,1721,1135412,11970,15504,33.7,4.1,1
3377,YouTube,Romance,2015,7,45,UK,29915,26177,938,312,84.9,5.4,0
3378,YouTube,Horreur,2023,6,30,Canada,179237,30239,2332,1061,72.2,7.2,0
3379,YouTube,Thriller,2019,6,40,Allemagne,30924,2679947,189433,6360,85.2,6.7,1
3380,YouTube,Horreur,2017,8,37,France,17440,7796,2245,88,60.3,5.3,0
3381,YouTube,Documentaire,2015,6,29,USA,313892,4020,353,58,77.5,5.8,0
3382,YouTube,Biopic,2018,10,9,France,42659,545,66,2,68.6,7.9,0
3383,YouTube,Biopic,2021,1,19,France,113451,961,46,35,55.8,6.6,0
3384,YouTube,Documentaire,2023,3,56,UK,92089,100,15,1,95.0,6.5,0
3385,YouTube,Drame,2019,11,32,USA,100,21505,694,642,80.1,8.0,0
3386,YouTube,Documentaire,2020,11,39,France,18895,125,32,2,53.8,7.7,0
3387,YouTube,Documentaire,2022,10,17,Canada,2550,28476,2789,41,57.1,5.9,0
3388,YouTube,Drame,2023,5,43,USA,4193,2676,231,39,89.5,7.4,0
3389,YouTube,Animation,2017,6,30,Espagne,420488,4105,841,2,61.3,6.1,0
3390,YouTube,Drame,2023,1,15,Canada,10408,2681,41,27,27.1,6.6,0
3391,YouTube,Romance,2019,4,11,Allemagne,970082,95338,9107,391,65.4,3.9,1
3392,YouTube,Documentaire,2023,9,25,Canada,1318,61304,4265,47,69.2,5.6,0
3393,YouTube,Comedie,2016,5,35,France,2521,2773,320,35,23.3,6.7,0
3394,YouTube,Thriller,2015,6,18,France,101184,314,38,13,75.0,4.8,0
3395,YouTube,Documentaire,2022,2,16,Allemagne,11128,30023,3525,500,70.6,6.0,0
3396,YouTube,SF,2021,6,18,France,40727,260,5,2,63.5,4.1,0
3397,YouTube,Biopic,2016,9,19,USA,17595,100,11,2,66.1,7.6,0
3398,YouTube,Action,2023,7,45,UK,16561,10361,1363,245,33.0,8.6,0
3399,YouTube,Documentaire,2015,7,31,France,11986,62706,1641,124,83.9,5.0,0
3400,YouTube,Horreur,2021,11,29,France,31539,1082,267,2,86.6,4.1,0
3401,YouTube,Biopic,2016,3,12,USA,79481,8195,632,71,65.0,7.3,0
3402,YouTube,Comedie,2015,4,34,USA,556178,1054,20,2,89.7,6.9,0
3403,YouTube,Biopic,2022,8,57,UK,14690,18123,3487,11,84.5,7.2,0
3404,YouTube,Thriller,2022,6,45,France,10023,46054,766,1154,38.7,7.6,0
3405,YouTube,Thriller,2015,12,28,USA,7747,1545,78,4,93.2,6.7,0
3406,YouTube,Thriller,2015,1,20,France,416469,228,10,2,44.3,8.5,0
3407,YouTube,Animation,2020,2,23,UK,87609,100,9,1,83.4,8.7,0
3408,YouTube,Animation,2015,5,4,France,493,30158,1142,624,80.7,9.4,0
3409,YouTube,SF,2021,6,4,France,452,173,23,2,90.6,9.6,0
3410,YouTube,Action,2023,11,47,Canada,4187,7555,1114,1,72.7,5.4,0
3411,YouTube,Biopic,2021,6,51,France,34901,20816,1560,26,95.0,8.1,0
3412,YouTube,Drame,2017,6,58,UK,20600,851,75,4,43.0,6.8,0
3413,YouTube,Action,2016,3,38,France,61670,1967,138,9,76.3,3.6,0
3414,YouTube,Romance,2021,6,55,France,15508,36228,794,323,79.8,7.3,0
3415,YouTube,SF,2015,7,26,France,360352,395,22,0,93.6,5.4,0
3416,YouTube,Animation,2019,8,17,Allemagne,103179,306,13,3,58.5,6.5,0
3417,YouTube,Horreur,2019,8,16,USA,25723,1659,145,13,75.6,4.8,0
3418,YouTube,Action,2021,6,16,France,217657,72749,3622,66,69.1,8.5,0
3419,YouTube,Drame,2016,2,45,USA,814,167180,14367,97,87.6,5.2,1
3420,YouTube,Romance,2021,2,3,USA,18580,2328,432,12,54.6,5.4,0
3421,YouTube,Documentaire,2021,2,56,Canada,28999,502,60,10,55.5,8.2,0
3422,YouTube,Animation,2017,8,47,Espagne,73428,42628,2185,114,95.0,6.9,0
3423,YouTube,Thriller,2018,11,24,USA,713,100,2,1,30.4,9.2,0
3424,YouTube,Animation,2015,11,43,USA,13084,5535,612,97,36.2,7.8,0
3425,YouTube,Biopic,2019,4,10,USA,49065,2671,374,12,83.7,8.1,0
3426,YouTube,SF,2017,1,27,Espagne,57200,75702,2729,129,72.4,4.9,0
3427,YouTube,Horreur,2016,8,9,USA,236158,97494,2531,566,88.7,7.0,1
3428,YouTube,Documentaire,2020,1,9,France,101013,282,16,4,86.8,9.2,0
3429,YouTube,Thriller,2020,8,3,Espagne,19502,4533,1054,178,72.8,4.9,0
3430,YouTube,Drame,2015,5,48,Espagne,84960,715,169,17,41.5,6.5,0
3431,YouTube,Documentaire,2016,11,45,USA,14724,1431,165,1,86.7,6.4,0
3432,YouTube,Drame,2015,8,53,USA,29541,13953,2505,230,88.8,6.9,0
3433,YouTube,Thriller,2021,9,58,UK,107969,1290,231,1,86.5,7.6,0
3434,YouTube,Drame,2018,5,57,Canada,20118,4840,222,64,39.2,6.7,0
3435,YouTube,Animation,2015,11,59,USA,45432,32636,6804,532,39.9,9.5,0
3436,YouTube,Drame,2016,7,3,USA,150635,131650,11626,279,38.9,3.0,1
3437,YouTube,Animation,2023,8,47,USA,91521,6134,329,139,65.8,2.5,0
3438,YouTube,Biopic,2017,5,44,USA,259612,4001,267,90,77.2,6.1,0
3439,YouTube,Horreur,2021,6,12,France,2319579,187,15,7,93.3,8.4,0
3440,YouTube,Biopic,2019,11,10,Canada,89846,157077,35864,841,25.1,6.3,1
3441,YouTube,Action,2016,5,58,France,8755,10293,1262,91,54.1,5.9,0
3442,YouTube,SF,2017,1,53,USA,61306,4190,140,2,66.0,3.7,0
3443,YouTube,Drame,2015,5,21,Canada,56254,3687,168,53,68.2,6.0,0
3444,YouTube,Biopic,2021,5,7,USA,75133,7343,646,67,93.2,5.7,0
3445,YouTube,Documentaire,2018,6,22,France,438025,20526,2672,513,95.0,6.2,0
3446,YouTube,Thriller,2019,1,3,Espagne,758,27969,5549,35,49.5,6.3,0
3447,YouTube,Romance,2016,2,42,France,454828,167209,14572,1511,84.7,7.5,1
3448,YouTube,Animation,2022,4,24,Allemagne,891654,5468,133,74,84.6,5.8,0
3449,YouTube,SF,2016,6,5,France,68606,239307,27573,995,63.0,5.2,1
3450,YouTube,SF,2020,1,58,USA,71989,41953,7589,373,63.2,6.5,0
3451,YouTube,Action,2022,5,50,UK,13584,2564,108,72,28.2,6.5,0
3452,YouTube,SF,2021,4,54,USA,22306,100,20,0,57.8,4.7,0
3453,YouTube,Thriller,2020,1,59,USA,88956,3691,100,219,90.5,7.1,0
3454,YouTube,Horreur,2022,4,3,France,78206,146707,11474,315,74.7,4.6,1
3455,YouTube,Horreur,2016,4,47,USA,93099,429,1,0,75.3,7.5,0
3456,YouTube,Documentaire,2023,2,47,France,77136,3663,255,25,65.9,5.7,0
3457,YouTube,Action,2020,10,47,Canada,132823,4505,767,160,64.0,4.8,0
3458,YouTube,Horreur,2018,1,18,USA,106223,31423,1642,222,73.3,10.0,0
3459,YouTube,Thriller,2017,7,25,USA,2839,1130,120,5,61.1,6.7,0
3460,YouTube,SF,2021,8,55,France,116370,339,28,8,74.1,8.1,0
3461,YouTube,Biopic,2023,10,6,USA,906343,12394,818,146,62.1,6.4,0
3462,YouTube,Horreur,2021,7,39,USA,20884,464,27,1,85.6,8.5,0
3463,YouTube,Action,2015,7,48,France,441953,100,8,1,32.8,7.6,0
3464,YouTube,Thriller,2019,10,48,UK,3517,296834,17928,7730,64.8,6.1,1
3465,YouTube,Documentaire,2021,11,37,France,20753,30259,136,11,74.9,8.0,0
3466,YouTube,Romance,2018,3,46,France,6110,330535,30286,3211,83.3,8.3,1
3467,YouTube,Drame,2021,10,54,UK,347473,26503,4780,49,75.1,5.9,0
3468,YouTube,Romance,2021,6,46,France,585928,16332,2676,360,79.1,6.5,0
3469,YouTube,Horreur,2015,2,9,France,18062,7508,574,81,53.5,9.6,0
3470,YouTube,Drame,2020,8,16,UK,229147,1872,122,7,94.0,6.8,0
3471,YouTube,Documentaire,2016,12,20,UK,597944,10724,1024,95,44.2,8.2,0
3472,YouTube,Documentaire,2019,2,22,France,20623,747,98,11,65.4,7.7,0
3473,YouTube,Horreur,2018,1,23,France,28552,205,21,2,62.1,8.1,0
3474,YouTube,Drame,2022,11,15,USA,95533,1299,66,10,66.3,8.0,0
3475,YouTube,Drame,2022,8,41,USA,4084,75262,7697,430,55.4,2.4,0
3476,YouTube,Romance,2019,3,9,USA,27452,136,11,1,78.4,5.7,0
3477,YouTube,Romance,2019,10,47,UK,1600096,142,9,1,82.3,6.0,0
3478,YouTube,SF,2020,5,40,Canada,8102,13072,701,8,65.5,6.9,0
3479,YouTube,Documentaire,2020,4,57,Espagne,121497,1056,54,6,85.4,5.2,0
3480,YouTube,Documentaire,2020,4,3,USA,62793,10034,751,8,49.5,6.3,0
3481,YouTube,Drame,2022,8,19,France,15874,35406,1970,262,23.1,4.6,0
3482,YouTube,Documentaire,2023,2,54,France,34314,9450,963,18,72.6,3.5,0
3483,YouTube,Drame,2022,5,31,France,733248,613,110,2,74.1,10.0,0
3484,YouTube,SF,2016,4,34,USA,66648,73668,10345,1303,75.2,5.9,0
3485,YouTube,Action,2019,1,4,Allemagne,91093,19059,2123,267,64.6,8.4,0
3486,YouTube,Thriller,2019,10,46,USA,541297,3187,19,11,72.2,7.8,0
3487,YouTube,Biopic,2019,1,17,France,12347,2824,269,9,33.7,5.9,0
3488,YouTube,SF,2019,12,57,USA,2713,7592,369,9,56.7,8.8,0
3489,YouTube,Documentaire,2021,2,24,Espagne,756679,1366,28,13,87.6,5.2,0
3490,YouTube,Comedie,2018,5,13,France,28941,100,12,1,76.5,6.4,0
3491,YouTube,Animation,2017,2,36,Canada,131557,19445,1928,32,57.1,7.4,0
3492,YouTube,Thriller,2019,5,30,Canada,4795,16761,681,317,47.3,6.5,0
3493,YouTube,Documentaire,2022,8,29,USA,47908,100,5,3,90.0,6.3,0
3494,YouTube,Biopic,2017,2,57,UK,2455,10686,704,45,79.3,3.6,0
3495,YouTube,Romance,2015,7,23,USA,25021,240676,946,4716,76.0,7.7,1
3496,YouTube,Comedie,2023,10,25,France,6027,177,12,1,59.3,7.9,0
3497,YouTube,SF,2016,6,38,USA,3807,2481,387,51,85.9,5.8,0
3498,YouTube,Comedie,2020,2,12,France,12013,1891,74,28,54.8,7.9,0
3499,YouTube,SF,2022,9,50,UK,224,189288,21324,101,40.2,6.9,1
3500,YouTube,Action,2017,3,16,Canada,2165,49137,11061,31,33.5,8.2,0
3501,YouTube,Animation,2018,1,16,USA,105327,331,26,1,73.1,7.7,0
3502,YouTube,Thriller,2017,6,3,USA,44149,7011,1084,93,69.7,6.1,0
3503,YouTube,Drame,2016,4,22,France,2569,942866,85293,9936,83.2,9.6,1
3504,YouTube,Action,2016,1,36,France,65890,625,17,23,63.8,5.2,0
3505,YouTube,Horreur,2016,10,43,UK,3803,2898,91,30,82.3,2.0,0
3506,YouTube,Horreur,2019,8,54,France,93332,10761,505,7,70.4,2.6,0
3507,YouTube,Horreur,2019,11,47,Canada,17478,648,69,13,82.9,7.2,0
3508,YouTube,Action,2015,6,21,France,11495,244753,18989,971,70.8,3.1,1
3509,YouTube,Thriller,2022,6,50,Canada,18358,914,132,2,48.6,5.5,0
3510,YouTube,Biopic,2021,11,14,USA,3682332,100,13,0,59.6,8.2,0
3511,YouTube,Romance,2015,1,14,USA,4829,802,61,4,81.5,2.7,0
3512,YouTube,Comedie,2022,5,23,Canada,34652,15253,1306,12,78.1,6.1,0
3513,YouTube,Comedie,2015,10,33,USA,105107,405,11,16,61.9,6.4,0
3514,YouTube,Drame,2020,4,14,France,3213,6345,1330,328,55.2,4.2,0
3515,YouTube,Biopic,2019,11,54,Allemagne,908,12165,380,133,67.7,6.9,0
3516,YouTube,Comedie,2019,4,18,USA,6619,145,23,2,71.1,6.2,0
3517,YouTube,Biopic,2023,5,25,France,100601,728,49,14,41.7,7.4,0
3518,YouTube,Animation,2023,11,37,USA,11114,7132,202,40,50.6,6.4,0
3519,YouTube,Biopic,2017,3,27,USA,13874,17257,1877,139,95.0,5.8,0
3520,YouTube,Horreur,2020,12,26,UK,136153,775,26,6,73.8,7.0,0
3521,YouTube,Thriller,2023,1,59,Canada,4391,4356,605,51,47.8,8.4,0
3522,YouTube,Horreur,2021,4,27,USA,18443,1465,21,14,74.5,8.6,0
3523,YouTube,Comedie,2022,8,9,France,1066,18391,2109,80,49.9,7.4,0
3524,YouTube,Drame,2018,8,44,France,41832,10921,1182,139,78.8,7.7,0
3525,YouTube,Drame,2017,11,43,France,34857,1171,34,14,47.4,5.5,0
3526,YouTube,Comedie,2019,12,15,UK,108128,9858,104,104,74.5,6.1,0
3527,YouTube,Action,2022,9,51,France,2229,1062,65,61,23.0,7.2,0
3528,YouTube,Comedie,2023,8,25,UK,15006,9352,695,255,87.1,6.9,0
3529,YouTube,Comedie,2021,4,11,USA,1707,9684,1022,28,64.0,7.4,0
3530,YouTube,Thriller,2021,10,12,Canada,13464,1118631,23697,7269,58.0,8.7,1
3531,YouTube,Action,2019,8,43,France,426588,1286,13,0,51.4,6.3,0
3532,YouTube,Action,2017,1,15,France,11596,2093,595,1,47.9,4.3,0
3533,YouTube,Biopic,2018,10,29,Allemagne,1433,591,79,2,71.3,5.2,0
3534,YouTube,Action,2019,5,44,USA,5654,225,43,1,53.8,6.8,0
3535,YouTube,Action,2022,6,51,USA,878,952,115,1,82.9,5.9,0
3536,YouTube,Action,2019,6,30,UK,1649,15720,465,548,73.0,4.7,0
3537,YouTube,Comedie,2022,10,54,Allemagne,84286,18838,2119,89,81.2,6.4,0
3538,YouTube,Romance,2015,4,20,France,1221,6242,1107,23,60.5,5.4,0
3539,YouTube,Horreur,2021,5,52,Allemagne,41136,1423,306,18,54.9,7.4,0
3540,YouTube,Documentaire,2019,1,17,France,23190,868,20,5,48.3,8.8,0
3541,YouTube,Romance,2023,5,6,Espagne,7607,301,27,1,49.4,8.3,0
3542,YouTube,Action,2019,2,44,France,34707,740,38,8,73.8,5.1,0
3543,YouTube,Documentaire,2019,7,46,France,3376,117,1,2,80.6,5.6,0
3544,YouTube,Action,2016,11,55,France,118383,88844,9954,1133,91.2,4.2,1
3545,YouTube,Animation,2022,6,55,Canada,5449,294454,14596,3523,62.0,8.2,1
3546,YouTube,SF,2021,11,8,Espagne,10170,100,25,0,82.8,6.7,0
3547,YouTube,Horreur,2022,12,38,France,8016,6143,470,26,24.0,8.9,0
3548,YouTube,Thriller,2015,1,43,USA,87460,5894,799,15,87.0,7.4,0
3549,YouTube,Animation,2016,7,37,France,65439,5024,532,37,95.0,5.8,0
3550,YouTube,SF,2022,7,4,France,116,677,15,9,94.6,3.8,0
3551,YouTube,Romance,2015,5,5,Canada,36624,38418,3285,454,69.2,7.0,0
3552,YouTube,Biopic,2019,10,41,France,672,8318,1653,4,63.1,9.7,0
3553,YouTube,Documentaire,2018,5,51,Espagne,11129,39549,5058,110,67.1,7.8,0
3554,YouTube,SF,2023,1,13,Allemagne,17741,471,13,1,43.7,6.3,0
3555,YouTube,SF,2022,7,5,France,10893,100,17,1,56.6,7.8,0
3556,YouTube,Documentaire,2023,3,26,USA,59972,8841,1007,41,70.7,7.6,0
3557,YouTube,Thriller,2017,5,20,Espagne,92981,268,22,1,38.6,8.4,0
3558,YouTube,Comedie,2020,7,59,Allemagne,4689,41626,2191,120,70.6,5.2,0
3559,YouTube,SF,2021,9,55,UK,4360,100,11,1,68.3,7.2,0
3560,YouTube,Action,2023,4,34,France,20497,923,33,2,62.5,4.3,0
3561,YouTube,Comedie,2015,5,57,France,1004,639,97,7,48.6,3.7,0
3562,YouTube,SF,2023,1,16,Canada,8484,1298,176,4,63.0,7.6,0
3563,YouTube,Documentaire,2018,5,59,USA,326490,5725,82,5,72.1,8.4,0
3564,YouTube,Documentaire,2016,7,28,UK,1082,8027,686,0,85.5,6.5,0
3565,YouTube,Drame,2020,8,30,UK,11156,14755,1550,657,90.7,6.4,0
3566,YouTube,SF,2022,4,5,USA,6737,19682,1637,103,91.1,7.0,0
3567,YouTube,Comedie,2016,1,13,France,1215341,1941,149,35,86.4,8.2,0
3568,YouTube,Documentaire,2015,7,14,USA,7512,580567,66184,6850,95.0,7.8,1
3569,YouTube,Drame,2023,8,30,Allemagne,8436,95580,4051,311,46.2,7.0,1
3570,YouTube,Documentaire,2023,2,13,USA,2803,1366,90,5,79.9,7.5,0
3571,YouTube,Horreur,2016,7,8,France,22440,2117,399,13,85.5,7.7,0
3572,YouTube,Animation,2023,2,37,Espagne,37810,1296,135,2,51.0,4.9,0
3573,YouTube,Thriller,2023,6,52,UK,3745,7392,603,4,69.5,7.3,0
3574,YouTube,Biopic,2023,8,6,USA,159125,262,33,3,53.9,4.6,0
3575,YouTube,Animation,2016,9,34,Canada,37878,414,11,7,83.1,8.1,0
3576,YouTube,Animation,2020,9,57,USA,121030,100,5,1,85.9,7.8,0
3577,YouTube,Horreur,2023,10,26,Espagne,11426,1100,109,1,78.4,6.6,0
3578,YouTube,Horreur,2023,3,13,Allemagne,35823,42697,999,87,89.2,6.2,0
3579,YouTube,Action,2020,11,7,France,14383,2038,384,19,92.9,8.2,0
3580,YouTube,Horreur,2016,5,56,USA,406509,2343,38,14,82.7,6.9,0
3581,YouTube,Documentaire,2015,5,26,France,27792,5975,344,32,64.0,6.9,0
3582,YouTube,Drame,2017,10,8,UK,22415,243,14,1,73.2,7.0,0
3583,YouTube,Thriller,2015,4,52,UK,8808,3175,171,10,39.8,7.1,0
3584,YouTube,Documentaire,2016,1,48,USA,7848,27606,1617,20,75.1,8.3,0
3585,YouTube,Drame,2015,9,43,Espagne,35434,6415,1093,9,39.4,4.1,0
3586,YouTube,SF,2021,8,7,USA,113456,34386,5066,4,52.6,6.3,0
3587,YouTube,Animation,2020,7,7,Canada,5602,70286,695,283,86.2,3.5,0
3588,YouTube,Animation,2019,2,15,UK,28372,15622,2650,90,54.9,7.1,0
3589,YouTube,Biopic,2022,8,12,USA,31835,500,42,0,55.4,5.5,0
3590,YouTube,Comedie,2018,3,33,France,45104,1261,113,5,37.1,6.7,0
3591,YouTube,Drame,2018,7,25,UK,724,372771,54844,6813,74.6,5.3,1
3592,YouTube,Biopic,2016,7,46,UK,3465,6538,342,52,82.9,5.3,0
3593,YouTube,Romance,2019,10,8,France,1434,4686,853,251,67.4,5.8,0
3594,YouTube,Drame,2016,12,44,Canada,23523,347,53,4,89.9,6.6,0
3595,YouTube,Drame,2020,3,56,USA,3633,2371,324,5,44.3,7.5,0
3596,YouTube,Thriller,2023,2,10,USA,8164,17870,2915,133,95.0,5.4,0
3597,YouTube,Romance,2019,7,40,Canada,2021,3093,46,17,69.9,6.7,0
3598,YouTube,Drame,2017,12,32,USA,9833,813,80,6,63.7,7.1,0
3599,YouTube,Animation,2021,2,8,UK,2325,1453,118,38,35.7,5.8,0
3600,YouTube,SF,2022,6,19,UK,100289,58662,7287,197,74.6,7.1,0
3601,YouTube,Animation,2019,5,47,France,57437,15826,2550,79,85.6,4.6,0
3602,YouTube,Comedie,2017,4,52,USA,29746,11328,930,157,69.1,5.1,0
3603,YouTube,Animation,2021,8,23,France,12041,8975,1545,77,61.1,8.1,0
3604,YouTube,Biopic,2016,4,9,France,374,154,3,3,78.1,3.1,0
3605,YouTube,Comedie,2023,6,16,UK,8809,5889,599,12,52.1,6.0,0
3606,YouTube,Thriller,2017,11,51,France,4803,43045,944,283,82.1,6.6,0
3607,YouTube,Animation,2018,5,35,Espagne,36118,1552,73,63,88.2,6.9,0
3608,YouTube,Animation,2021,1,27,USA,76070,34322,6395,649,62.1,6.9,0
3609,YouTube,Animation,2015,11,3,France,42161,11650,786,438,38.1,6.2,0
3610,YouTube,Romance,2016,4,47,Allemagne,275426,23604,1049,292,58.9,5.9,0
3611,YouTube,Animation,2016,10,29,USA,7068,3385,443,28,70.9,5.2,0
3612,YouTube,Animation,2018,10,34,UK,6505,27349,3326,399,41.1,8.8,0
3613,YouTube,Action,2019,7,51,UK,175563,100,7,2,64.2,7.7,0
3614,YouTube,Documentaire,2016,2,35,Allemagne,30712,3238,462,28,67.8,6.9,0
3615,YouTube,SF,2018,12,55,France,13440,17721,2708,79,86.5,6.4,0
3616,YouTube,Action,2021,9,34,France,884733,6252,64,61,58.0,5.6,0
3617,YouTube,SF,2023,6,22,Espagne,69944,46122,1515,436,31.8,6.4,0
3618,YouTube,SF,2015,11,55,France,15046,2012,266,1,74.3,5.0,0
3619,YouTube,Action,2020,10,39,UK,5586,758,33,2,53.9,8.6,0
3620,YouTube,Biopic,2015,10,46,UK,312708,100,6,0,50.1,5.2,0
3621,YouTube,Drame,2019,3,15,USA,33322,1506,190,8,56.4,4.6,0
3622,YouTube,Thriller,2022,8,41,Canada,23133,10852,755,27,85.2,10.0,0
3623,YouTube,SF,2022,4,34,Espagne,85182,19980,779,376,60.1,6.3,0
3624,YouTube,Horreur,2017,1,8,France,128049,100,13,2,54.1,5.2,0
3625,YouTube,Documentaire,2017,5,17,UK,66153,56292,1398,304,77.8,7.6,0
3626,YouTube,Documentaire,2022,2,54,UK,129049,260,11,1,54.9,4.5,0
3627,YouTube,Drame,2022,2,35,USA,54325,2202,4,2,70.7,5.5,0
3628,YouTube,Horreur,2017,9,47,Allemagne,66821,719,56,0,87.1,7.7,0
3629,YouTube,Horreur,2015,7,12,USA,5098,8460,1139,171,90.9,9.7,0
3630,YouTube,SF,2019,5,15,France,822996,3771,267,33,80.3,8.0,0
3631,YouTube,Romance,2020,3,56,Allemagne,1868,16234,2404,363,66.9,7.6,0
3632,YouTube,Action,2018,10,26,Espagne,40894,299392,29516,2519,85.1,8.6,1
3633,YouTube,Documentaire,2023,8,53,France,1520,8059,856,3,67.0,6.1,0
3634,YouTube,Biopic,2022,8,49,Canada,18101,705,97,0,64.2,4.3,0
3635,YouTube,SF,2022,3,22,France,7026,9439,578,74,44.1,5.5,0
3636,YouTube,Romance,2015,2,57,France,28897,385712,6018,8744,80.6,8.6,1
3637,YouTube,SF,2022,2,47,France,43630,15380,1708,176,73.3,4.7,0
3638,YouTube,Action,2021,1,10,Allemagne,3252,31705,874,441,68.6,6.3,0
3639,YouTube,Animation,2018,12,8,France,20768,100,14,2,59.8,6.6,0
3640,YouTube,Documentaire,2020,5,10,France,357663,7841,266,13,68.5,7.1,0
3641,YouTube,Biopic,2022,8,45,UK,1596,1525,80,5,81.5,7.4,0
3642,YouTube,Biopic,2023,12,11,USA,3991,544,120,1,49.4,7.5,0
3643,YouTube,SF,2019,12,19,France,123193,2819,279,64,68.0,10.0,0
3644,YouTube,Biopic,2015,4,27,France,25722,3911,190,18,95.0,7.7,0
3645,YouTube,Romance,2020,6,10,Canada,29801,625,34,0,71.7,8.7,0
3646,YouTube,Animation,2021,6,21,UK,170178,4775,314,78,42.5,6.6,0
3647,YouTube,Animation,2015,1,41,Canada,4500,1931,251,2,53.2,9.5,0
3648,YouTube,Biopic,2022,10,58,France,7795,17259,961,459,77.8,5.3,0
3649,YouTube,Documentaire,2016,7,29,USA,6091,5265,209,72,46.8,8.0,0
3650,YouTube,Comedie,2023,5,45,Canada,10977,7629,439,132,81.8,6.4,0
3651,YouTube,Action,2019,7,33,France,320951,34491,5106,75,39.6,8.0,0
3652,YouTube,SF,2017,9,29,France,733,11936,1120,113,76.9,7.3,0
3653,YouTube,Romance,2015,1,32,USA,2021,2935,426,23,38.2,8.4,0
3654,YouTube,Animation,2015,8,57,USA,1434,100,24,1,68.6,7.3,0
3655,YouTube,SF,2021,11,6,France,363446,10767,1813,18,80.2,6.4,0
3656,YouTube,Romance,2018,9,32,Espagne,6445,304,32,8,57.9,8.0,0
3657,YouTube,Biopic,2022,8,5,USA,11460,2402,201,34,78.6,5.3,0
3658,YouTube,Thriller,2017,2,52,UK,871,7537,1375,14,42.3,3.9,0
3659,YouTube,SF,2023,9,37,France,13032,83497,3981,326,81.5,3.2,1
3660,YouTube,Romance,2023,10,5,UK,124622,298285,43060,1813,65.4,9.2,1
3661,YouTube,SF,2015,6,38,USA,36530,297,13,2,58.0,6.9,0
3662,YouTube,Biopic,2020,7,27,Espagne,17752,111,23,0,52.3,7.2,0
3663,YouTube,Biopic,2023,8,5,USA,963,6729,555,113,60.4,6.0,0
3664,YouTube,Romance,2017,2,58,Canada,11431,5464,1093,7,79.0,7.0,0
3665,YouTube,SF,2015,4,24,USA,29549,147,8,0,39.7,5.5,0
3666,YouTube,Romance,2022,10,4,USA,3030,2859,184,4,81.2,6.5,0
3667,YouTube,Comedie,2019,12,37,Allemagne,81616,13277,2463,69,74.4,3.8,0
3668,YouTube,SF,2015,4,24,UK,129331,137,6,0,73.3,3.7,0
3669,YouTube,Drame,2022,5,40,UK,7651,248,23,2,57.9,4.6,0
3670,YouTube,Comedie,2021,11,12,Allemagne,94057,595,138,2,36.4,5.2,0
3671,YouTube,Action,2015,2,50,Allemagne,17685,1753,208,3,29.5,8.6,0
3672,YouTube,Romance,2017,4,26,France,218442,16897,2714,383,61.0,10.0,0
3673,YouTube,Action,2015,1,26,France,1287613,1317,95,5,81.2,8.2,0
3674,YouTube,Animation,2023,3,48,USA,2471,3423,368,10,70.6,1.7,0
3675,YouTube,SF,2015,8,34,Espagne,102638,818676,98889,4894,53.7,9.2,1
3676,YouTube,Thriller,2022,5,3,USA,299517,272,13,6,88.6,5.9,0
3677,YouTube,Documentaire,2019,12,35,USA,3160,582,72,1,51.8,4.2,0
3678,YouTube,Romance,2020,11,39,USA,6972,16239,2334,97,55.3,9.4,0
3679,YouTube,Documentaire,2022,11,20,France,6817,35246,698,579,38.9,5.9,0
3680,YouTube,Documentaire,2023,9,13,France,16889,8408,1412,34,51.9,5.1,0
3681,YouTube,Action,2016,9,6,France,10799,274421,12802,15,66.8,5.7,1
3682,YouTube,Drame,2015,7,51,France,14815,6592,1751,61,64.0,6.0,0
3683,YouTube,Romance,2016,12,3,UK,117709,100,24,3,66.2,7.4,0
3684,YouTube,Biopic,2021,2,36,USA,496,3798,80,76,60.3,6.8,0
3685,YouTube,Comedie,2020,9,50,France,3140,715,11,0,72.0,5.5,0
3686,YouTube,Comedie,2015,2,23,USA,84107,94800,2344,1773,79.6,3.6,1
3687,YouTube,Biopic,2017,5,14,USA,66539,33241,3296,92,79.5,5.3,0
3688,YouTube,Biopic,2019,4,43,USA,2651,100,3,0,64.4,6.9,0
3689,YouTube,Comedie,2021,8,38,USA,67467,87185,4800,1163,92.9,5.4,1
3690,YouTube,SF,2018,10,3,France,312929,31207,2787,389,87.9,6.7,0
3691,YouTube,Animation,2023,1,35,UK,19969,1324,68,12,90.5,6.5,0
3692,YouTube,Comedie,2023,8,3,France,2933,2450,105,43,37.1,8.2,0
3693,YouTube,Thriller,2021,3,25,France,126741,96803,12253,467,49.4,6.9,1
3694,YouTube,Thriller,2019,1,20,France,691135,100,7,0,74.9,7.8,0
3695,YouTube,Animation,2022,6,50,USA,3743,9076,967,88,78.1,6.2,0
3696,YouTube,Thriller,2021,7,58,France,23825,45868,3198,771,45.1,9.0,0
3697,YouTube,SF,2019,3,42,USA,194913,2388,310,0,69.5,5.8,0
3698,YouTube,Drame,2018,5,44,France,27742,15059,231,86,76.4,5.2,0
3699,YouTube,Documentaire,2022,12,4,France,668,3857,899,85,62.2,8.5,0
3700,YouTube,Comedie,2020,5,6,Allemagne,53467,419,28,4,56.0,5.6,0
3701,YouTube,Drame,2016,12,47,USA,3110,394,30,2,82.6,4.9,0
3702,YouTube,Drame,2023,11,27,France,1734,17673,1720,235,83.9,4.8,0
3703,YouTube,Biopic,2015,5,31,USA,695,608,9,25,64.8,5.8,0
3704,YouTube,Biopic,2021,7,42,France,238187,100,15,1,89.6,6.1,0
3705,YouTube,Romance,2020,9,22,Canada,4148,4048,399,27,72.9,7.1,0
3706,YouTube,Comedie,2020,6,41,France,42901,826,124,1,83.8,7.7,0
3707,YouTube,Documentaire,2015,5,44,USA,70116,148,32,2,76.6,6.5,0
3708,YouTube,SF,2019,4,16,Espagne,30443,3566,24,23,88.9,7.9,0
3709,YouTube,Horreur,2023,2,42,France,39860,20296,1315,264,81.7,7.7,0
3710,YouTube,Thriller,2017,1,12,France,47197,3134,334,23,46.7,5.1,0
3711,YouTube,Biopic,2021,5,20,UK,29033,207,4,1,61.0,5.0,0
3712,YouTube,Horreur,2022,10,47,Espagne,4815,9941,14,91,66.3,5.8,0
3713,YouTube,Drame,2023,3,59,USA,4029,39651,5330,806,88.9,3.3,0
3714,YouTube,Documentaire,2019,3,6,UK,17854,753576,173527,10319,86.2,6.6,1
3715,YouTube,Drame,2017,4,39,France,17114,109601,3974,518,50.9,6.2,1
3716,YouTube,Thriller,2021,8,35,UK,51981,241,25,0,41.8,8.9,0
3717,YouTube,Drame,2019,3,37,France,199446,25468,3386,25,91.0,8.2,0
3718,YouTube,Animation,2020,3,47,UK,43818,5660,600,252,51.5,6.1,0
3719,YouTube,Drame,2021,2,6,France,4351,167,9,1,68.8,8.0,0
3720,YouTube,Animation,2021,4,45,USA,280,6060,1042,64,46.1,6.3,0
3721,YouTube,Romance,2017,3,18,France,4732,361021,25061,452,32.4,7.2,1
3722,YouTube,Documentaire,2021,10,11,UK,1496,59258,1808,98,70.3,3.6,0
3723,YouTube,Biopic,2019,11,28,UK,5111,236,12,0,66.9,5.7,0
3724,YouTube,Action,2023,5,4,Canada,35758,3084,456,80,79.2,6.7,0
3725,YouTube,Biopic,2020,2,38,Espagne,26076,10190,1786,4,59.7,6.1,0
3726,YouTube,Comedie,2023,2,35,USA,905602,100,8,1,67.9,8.4,0
3727,YouTube,Romance,2023,4,32,UK,57882,100,5,1,67.9,7.0,0
3728,YouTube,Thriller,2023,6,4,France,1002827,4387,67,7,75.3,7.4,0
3729,YouTube,Animation,2021,7,46,Allemagne,92067,4533,158,10,60.1,6.8,0
3730,YouTube,Documentaire,2020,4,5,UK,193186,100,14,0,56.9,6.5,0
3731,YouTube,Horreur,2016,5,17,USA,10744,7863,1187,65,74.5,7.9,0
3732,YouTube,SF,2018,4,25,USA,2568,45134,888,116,76.5,9.2,0
3733,YouTube,Biopic,2019,7,43,Canada,8973,1727,219,9,66.0,3.4,0
3734,YouTube,Thriller,2022,9,26,Canada,21509,3461,94,28,69.5,5.0,0
3735,YouTube,Drame,2020,1,49,Canada,6270,12438,1195,39,74.7,6.6,0
3736,YouTube,Thriller,2018,6,56,USA,2974,8933,1229,19,35.6,8.5,0
3737,YouTube,Romance,2016,8,46,USA,50699,100,11,2,59.7,7.7,0
3738,YouTube,Animation,2021,9,5,Espagne,2948,310,32,6,78.5,5.3,0
3739,YouTube,Horreur,2018,7,46,UK,1025,1108,72,6,36.4,5.9,0
3740,YouTube,Drame,2015,7,14,USA,2335,346,14,7,30.9,7.6,0
3741,YouTube,Thriller,2017,9,53,USA,13784,116706,1021,768,34.6,5.6,1
3742,YouTube,Biopic,2022,5,58,UK,3035,14562,1876,131,64.7,6.9,0
3743,YouTube,SF,2016,7,7,UK,13958,185,13,2,83.8,5.5,0
3744,YouTube,Drame,2018,4,8,USA,73195,1744,246,10,59.5,7.2,0
3745,YouTube,Biopic,2019,6,42,Allemagne,69486,50311,9413,568,95.0,7.5,0
3746,YouTube,SF,2015,2,11,Allemagne,5874,592,133,3,42.6,2.5,0
3747,YouTube,Biopic,2016,5,58,USA,1623,25058,1192,64,85.5,9.2,0
3748,YouTube,Biopic,2023,2,33,France,6965,94650,17071,2381,53.6,9.4,1
3749,YouTube,Biopic,2020,3,35,USA,81739,62339,6265,742,39.3,3.4,0
3750,YouTube,Romance,2016,6,52,UK,130403,4679,326,3,68.1,6.2,0
3751,YouTube,Documentaire,2016,7,15,USA,44612,68020,16284,255,85.9,4.1,0
3752,YouTube,Biopic,2018,12,34,Allemagne,243499,807,33,10,82.6,3.3,0
3753,YouTube,Drame,2021,1,59,France,699698,1490620,141288,1266,63.4,7.7,1
3754,YouTube,Action,2021,11,4,France,8379,5443,164,74,73.1,9.2,0
3755,YouTube,Thriller,2016,4,12,Allemagne,430682,52416,2098,850,70.4,6.5,0
3756,YouTube,Animation,2021,9,11,Espagne,13080,1205,129,11,81.5,8.8,0
3757,YouTube,Romance,2023,9,22,USA,169345,10389,273,19,57.8,5.5,0
3758,YouTube,Action,2017,12,10,France,90866,11598,806,318,75.3,4.3,0
3759,YouTube,Romance,2015,2,12,USA,422,292,19,0,81.6,5.9,0
3760,YouTube,Comedie,2023,12,51,USA,3189,271,17,11,49.4,5.3,0
3761,YouTube,Romance,2019,1,29,USA,1914,1787,34,11,88.9,7.1,0
3762,YouTube,Romance,2021,11,23,France,623,47255,1081,724,78.2,8.1,0
3763,YouTube,Animation,2017,8,26,USA,127852,100,6,0,35.8,4.8,0
3764,YouTube,SF,2017,6,58,UK,1379930,1203,93,11,65.9,4.5,0
3765,YouTube,SF,2017,5,31,UK,13156,78801,5571,392,87.3,7.8,0
3766,YouTube,Animation,2016,2,29,UK,121578,136,10,3,90.8,6.0,0
3767,YouTube,Documentaire,2019,10,55,USA,429016,68511,1334,572,72.4,7.7,0
3768,YouTube,Horreur,2015,9,5,USA,33411,177,33,0,43.4,5.3,0
3769,YouTube,Thriller,2022,12,30,USA,20939,301,23,6,62.2,5.5,0
3770,YouTube,SF,2019,9,45,Espagne,13475,2063,460,18,32.7,8.0,0
3771,YouTube,Thriller,2023,12,32,USA,64544,322432,21056,2915,62.4,7.7,1
3772,YouTube,Romance,2019,11,52,UK,126676,601,22,8,69.7,8.6,0
3773,YouTube,Comedie,2017,6,53,USA,55470,100,17,0,55.0,6.2,0
3774,YouTube,SF,2019,9,22,Allemagne,51788,100,16,0,72.3,8.4,0
3775,YouTube,Comedie,2016,4,49,USA,19882,30634,1617,105,71.9,7.2,0
3776,YouTube,Romance,2022,10,16,USA,910,100,9,0,48.3,7.1,0
3777,YouTube,Horreur,2021,8,16,Canada,132645,58099,297,407,63.2,5.2,0
3778,YouTube,Biopic,2016,6,58,France,1687,3549,141,19,70.4,7.5,0
3779,YouTube,SF,2020,8,3,USA,76021,2749,296,58,49.8,6.1,0
3780,YouTube,Action,2019,4,23,USA,99854,6268,1656,52,61.0,9.3,0
3781,YouTube,Drame,2016,8,38,Espagne,2251,402,7,5,82.0,6.5,0
3782,YouTube,Comedie,2016,6,26,UK,6531,4207,49,52,92.8,6.2,0
3783,YouTube,Documentaire,2021,4,51,France,1533324,151,19,0,60.9,8.4,0
3784,YouTube,Biopic,2017,12,17,Canada,18789,86875,9630,410,71.4,6.6,1
3785,YouTube,Romance,2019,1,34,UK,1919,228,9,3,59.6,5.2,0
3786,YouTube,Comedie,2017,10,10,USA,109289,8930,57,223,83.6,4.2,0
3787,YouTube,Action,2020,3,15,France,4696,224,29,2,66.4,5.2,0
3788,YouTube,Biopic,2015,3,12,France,472,786,91,5,74.6,3.8,0
3789,YouTube,Thriller,2018,2,45,UK,62288,1170,122,2,42.6,6.4,0
3790,YouTube,Comedie,2019,2,14,USA,3521,5144146,605855,203346,90.9,7.8,1
3791,YouTube,Comedie,2018,2,41,Allemagne,41872,2875,235,28,59.3,5.6,0
3792,YouTube,Drame,2020,10,22,France,4335,382,29,6,65.7,10.0,0
3793,YouTube,Animation,2016,12,35,UK,90618,981,40,12,13.9,4.4,0
3794,YouTube,Horreur,2018,8,52,France,31792,100,6,2,79.7,7.3,0
3795,YouTube,Drame,2021,1,52,UK,124,1984,144,18,79.2,7.2,0
3796,YouTube,Animation,2018,11,3,France,47288,304893,4032,759,91.8,5.9,1
3797,YouTube,Action,2016,8,47,USA,12339,6905,179,48,46.6,6.3,0
3798,YouTube,Action,2022,7,57,France,374533,28524,5650,42,31.3,9.0,0
3799,YouTube,Action,2022,12,41,UK,48553,306,30,2,86.4,8.1,0
3800,YouTube,Biopic,2021,5,13,USA,99939,1792,71,7,75.1,7.9,0
3801,YouTube,Romance,2022,5,40,Canada,5318,4962,1145,12,53.6,5.1,0
3802,YouTube,Horreur,2022,10,39,France,4536,486,7,5,73.1,7.2,0
3803,YouTube,Action,2021,7,40,USA,20925,8103,2647,64,79.6,7.7,0
3804,YouTube,Action,2019,9,27,USA,10708,13885,59,7,16.2,7.8,0
3805,YouTube,Horreur,2015,9,32,France,319981,11580,527,228,93.1,4.4,0
3806,YouTube,Comedie,2020,11,40,France,16209,2043,89,1,91.4,7.0,0
3807,YouTube,Comedie,2017,4,29,USA,1901,45582,2229,789,64.4,7.0,0
3808,YouTube,Romance,2021,1,47,UK,4208,1565,97,2,56.4,8.2,0
3809,YouTube,Animation,2019,6,43,Espagne,151767,1246,18,13,71.5,6.1,0
3810,YouTube,Drame,2023,8,20,France,15764,109518,13116,740,72.1,4.8,1
3811,YouTube,SF,2020,10,37,UK,14165,187,27,3,77.8,5.1,0
3812,YouTube,Animation,2019,4,46,UK,183574,100,11,0,46.2,7.0,0
3813,YouTube,SF,2023,9,30,UK,3535,340,16,1,81.6,8.2,0
3814,YouTube,Thriller,2019,10,43,USA,252,7848,520,42,67.7,6.0,0
3815,YouTube,Action,2018,10,10,Espagne,4000,73789,8775,1795,87.8,6.9,0
3816,YouTube,SF,2018,10,25,USA,35745,571,40,7,65.0,3.4,0
3817,YouTube,Horreur,2022,12,43,Canada,13372,278477,27508,270,65.0,3.3,1
3818,YouTube,Animation,2021,8,54,France,971,3190,68,30,93.1,7.2,0
3819,YouTube,Horreur,2016,5,39,Canada,168067,2233,118,20,49.6,7.2,0
3820,YouTube,Comedie,2019,6,40,Espagne,30546,356,56,1,95.0,7.6,0
3821,YouTube,Action,2018,9,22,Allemagne,47955,391753,41467,303,90.9,3.4,1
3822,YouTube,Romance,2020,3,42,USA,50981,2047,455,0,71.4,8.7,0
3823,YouTube,Comedie,2015,8,23,Canada,1640,106,3,0,94.8,5.7,0
3824,YouTube,Romance,2021,7,5,France,40366,1389107,187357,29453,80.8,5.6,1
3825,YouTube,Biopic,2021,8,17,UK,135253,7975,1207,64,82.8,7.5,0
3826,YouTube,Thriller,2017,6,37,USA,215479,21962,3125,43,39.0,6.6,0
3827,YouTube,Romance,2016,9,57,UK,93202,199566,18406,2735,92.9,9.0,1
3828,YouTube,Animation,2020,1,31,USA,61467,13851,1535,116,45.8,7.6,0
3829,YouTube,Comedie,2017,9,52,France,682,34105,3013,58,37.4,8.8,0
3830,YouTube,Horreur,2023,10,47,France,21378,3414,308,36,57.5,5.9,0
3831,YouTube,Drame,2021,11,34,France,3251,18663,2063,53,80.1,8.3,0
3832,YouTube,Horreur,2023,12,48,USA,286168,2736,210,4,77.6,3.2,0
3833,YouTube,Animation,2019,5,25,Canada,211241,2834,247,5,54.8,6.4,0
3834,YouTube,Comedie,2023,1,28,UK,3290,4021,51,2,95.0,4.5,0
3835,YouTube,Documentaire,2015,8,44,Canada,20091,1105,42,18,63.3,6.7,0
3836,YouTube,Comedie,2017,2,39,Canada,36207,10519,888,462,82.5,6.8,0
3837,YouTube,Romance,2015,4,33,USA,133463,10452,460,71,84.9,7.9,0
3838,YouTube,Biopic,2021,9,27,USA,771,23093,4043,67,68.0,6.9,0
3839,YouTube,Biopic,2019,8,58,USA,265,14750,1222,2,81.4,5.4,0
3840,YouTube,Horreur,2017,8,6,France,23772,442461,31700,7127,82.8,5.8,1
3841,YouTube,SF,2017,10,6,USA,139,41422,8209,199,52.1,6.8,0
3842,YouTube,Romance,2020,2,30,UK,30246,1775,117,65,73.5,5.5,0
3843,YouTube,Thriller,2016,10,4,UK,71999,9252,269,35,82.4,8.3,0
3844,YouTube,Biopic,2019,8,22,UK,260969,101899,9084,120,78.7,5.9,1
3845,YouTube,SF,2020,6,35,France,6341,277,10,2,53.0,8.0,0
3846,YouTube,Documentaire,2017,6,26,Canada,30405,458449,15761,15692,71.2,5.5,1
3847,YouTube,Thriller,2017,7,14,France,81066,429,3,5,76.2,7.4,0
3848,YouTube,Documentaire,2018,7,19,Allemagne,2097,28302,2245,126,74.6,6.2,0
3849,YouTube,Drame,2020,5,37,France,137406,3030,313,18,88.4,8.3,0
3850,YouTube,Documentaire,2017,3,57,USA,38127,2624,168,9,63.2,9.4,0
3851,YouTube,Action,2018,3,47,USA,6562,114,10,0,93.6,6.8,0
3852,YouTube,Comedie,2019,5,34,France,29224,28817,289,40,36.4,9.4,0
3853,YouTube,Thriller,2016,4,10,USA,16669,118,15,1,70.1,6.3,0
3854,YouTube,SF,2020,7,16,France,104835,100,5,1,86.8,6.8,0
3855,YouTube,Documentaire,2016,11,28,USA,10711,54136,2196,1546,69.4,6.3,0
3856,YouTube,Thriller,2016,2,17,Allemagne,34689,261454,6759,990,64.0,5.0,1
3857,YouTube,Action,2017,4,42,USA,6362,562,103,1,44.6,8.7,0
3858,YouTube,Thriller,2017,1,23,USA,3375,36598,1517,380,74.5,6.7,0
3859,YouTube,SF,2015,12,50,Allemagne,31041,21836,4245,39,93.9,5.9,0
3860,YouTube,Romance,2023,9,18,USA,3664,2371,34,38,64.6,5.4,0
3861,YouTube,Animation,2017,3,31,Canada,109224,84081,15759,189,82.5,9.3,1
3862,YouTube,Drame,2022,5,43,USA,72003,1980,562,16,70.3,6.3,0
3863,YouTube,Animation,2023,9,14,USA,4768,10870,810,116,53.2,6.3,0
3864,YouTube,Animation,2022,12,46,France,33777,129,10,2,74.8,8.0,0
3865,YouTube,Documentaire,2022,7,36,France,4724,144,25,2,71.3,8.8,0
3866,YouTube,Romance,2015,4,39,UK,890,55415,4468,952,62.5,5.7,0
3867,YouTube,Horreur,2018,9,28,Canada,6671,11825,1928,0,60.3,7.4,0
3868,YouTube,Drame,2021,9,56,France,19917,2087,218,4,95.0,7.4,0
3869,YouTube,Documentaire,2020,8,46,Allemagne,62493,351376,19973,1475,89.8,6.2,1
3870,YouTube,Action,2015,1,13,USA,29701,342247,27105,2645,82.8,5.9,1
3871,YouTube,Comedie,2020,9,34,USA,135313,8936,1359,260,93.6,5.6,0
3872,YouTube,Horreur,2022,1,54,Allemagne,3095,100,12,0,52.9,8.1,0
3873,YouTube,SF,2022,11,18,Allemagne,10369,2255,204,13,75.5,6.9,0
3874,YouTube,Animation,2018,11,33,USA,590505,371,88,2,48.9,6.6,0
3875,YouTube,Animation,2017,7,46,France,463,3728,575,14,53.5,5.4,0
3876,YouTube,Animation,2017,8,18,France,8920,286,32,1,51.2,8.1,0
3877,YouTube,Drame,2017,1,32,France,2583,149,12,1,93.7,7.0,0
3878,YouTube,Comedie,2018,11,34,Canada,14901,100,5,1,52.8,5.2,0
3879,YouTube,Action,2017,4,13,USA,9238,4528,493,13,40.4,6.0,0
3880,YouTube,Horreur,2019,4,13,UK,73446,100,2,1,82.1,7.6,0
3881,YouTube,Drame,2015,9,35,France,36718,1338,331,4,42.0,3.9,0
3882,YouTube,Romance,2017,12,13,USA,1617,16915,2060,425,37.1,6.4,0
3883,YouTube,SF,2017,6,57,USA,6793,490,118,2,66.1,7.8,0
3884,YouTube,Comedie,2016,7,32,USA,22021,197,39,5,69.5,6.9,0
3885,YouTube,SF,2022,7,43,USA,96641,2515,87,17,85.8,7.6,0
3886,YouTube,Action,2021,4,25,Espagne,2858800,375,43,2,57.0,3.4,0
3887,YouTube,Comedie,2023,8,20,Allemagne,89822,4741,101,20,81.5,4.5,0
3888,YouTube,Comedie,2020,12,30,UK,2907,225,19,1,78.6,7.8,0
3889,YouTube,Horreur,2015,5,43,France,18257,2295,113,20,68.6,7.1,0
3890,YouTube,Romance,2023,10,25,Allemagne,31632,1253,40,18,95.0,6.1,0
3891,YouTube,Biopic,2019,10,19,Allemagne,7794,2896,250,25,58.1,6.9,0
3892,YouTube,SF,2021,11,11,Allemagne,56416,177704,10834,1851,86.6,7.4,1
3893,YouTube,Drame,2018,9,33,USA,234,4912,169,30,33.7,5.8,0
3894,YouTube,Animation,2019,12,41,France,66589,10520,2546,48,75.1,5.5,0
3895,YouTube,Biopic,2019,9,33,Canada,8494,625,63,8,80.0,4.5,0
3896,YouTube,Romance,2017,12,17,USA,17687,5208,742,40,50.6,8.7,0
3897,YouTube,Action,2019,9,17,USA,413100,1499,22,0,48.5,6.6,0
3898,YouTube,Thriller,2021,11,24,USA,1766,3210,130,5,90.3,8.8,0
3899,YouTube,Biopic,2015,11,22,USA,38003,15098,2050,169,78.4,4.5,0
3900,YouTube,Romance,2016,12,14,USA,107779,853,94,11,72.7,6.7,0
3901,YouTube,Biopic,2022,8,56,UK,30966,1102,104,17,88.6,4.7,0
3902,YouTube,Romance,2020,9,21,UK,872,883,28,4,44.5,9.1,0
3903,YouTube,Action,2023,12,17,USA,328007,841,29,9,77.9,10.0,0
3904,YouTube,Horreur,2020,5,37,France,14433,4596,239,157,63.3,8.4,0
3905,YouTube,Documentaire,2020,2,48,Espagne,7668,1199,240,30,54.1,4.8,0
3906,YouTube,Documentaire,2023,11,29,USA,11837,126107,10012,1640,13.3,4.8,1
3907,YouTube,Biopic,2020,8,41,USA,10256,2416683,184902,3068,58.6,6.4,1
3908,YouTube,Comedie,2017,6,8,USA,2037,720,108,4,39.7,6.7,0
3909,YouTube,Biopic,2019,9,33,USA,30635,6216,185,317,88.6,7.3,0
3910,YouTube,Drame,2017,1,6,UK,6671,39935,1874,553,57.5,7.2,0
3911,YouTube,Biopic,2018,6,10,France,84269,1533,66,5,90.1,6.5,0
3912,YouTube,Comedie,2021,4,36,Allemagne,62018,248,37,3,45.8,6.2,0
3913,YouTube,Romance,2016,4,14,France,568831,229907,31655,595,64.6,5.3,1
3914,YouTube,Documentaire,2021,12,5,Espagne,14425,16570,938,70,56.6,7.5,0
3915,YouTube,Action,2020,7,13,UK,4418,6612,510,33,89.3,2.9,0
3916,YouTube,Action,2017,2,47,France,1165,112005,26137,479,85.2,6.6,1
3917,YouTube,Horreur,2015,5,36,USA,1770348,20446,2282,99,31.4,6.8,0
3918,YouTube,Action,2021,3,24,USA,82802,2644,300,18,83.1,6.2,0
3919,YouTube,Animation,2022,11,58,Espagne,5514,259,16,0,94.8,7.7,0
3920,YouTube,Biopic,2021,4,24,Canada,651029,868,21,1,70.1,8.0,0
3921,YouTube,Animation,2018,5,53,USA,331812,60600,5107,235,39.1,6.8,0
3922,YouTube,SF,2020,5,22,USA,1476,16402,1538,139,70.3,10.0,0
3923,YouTube,SF,2018,3,4,Espagne,4880,1869,156,17,77.2,5.5,0
3924,YouTube,Animation,2018,10,9,UK,16904,246818,50747,1762,70.5,5.8,1
3925,YouTube,Romance,2017,7,18,USA,2591,2012,407,14,94.9,5.9,0
3926,YouTube,Romance,2016,6,13,USA,18157,35199,1591,147,45.7,8.2,0
3927,YouTube,Comedie,2023,5,11,USA,91484,5167,32,72,79.7,7.0,0
3928,YouTube,Animation,2020,9,24,UK,1413,374138,10233,10257,80.4,3.6,1
3929,YouTube,Documentaire,2016,2,58,USA,39576,19586,376,48,65.0,6.0,0
3930,YouTube,Documentaire,2022,12,14,Canada,227976,3345,169,40,71.0,5.6,0
3931,YouTube,Action,2016,7,16,USA,49042,1906,58,12,72.0,9.0,0
3932,YouTube,Documentaire,2020,3,59,USA,18934,2868,538,8,45.6,5.3,0
3933,YouTube,Documentaire,2016,7,14,USA,5789,486,57,5,63.1,6.5,0
3934,YouTube,Comedie,2018,11,50,Canada,116039,100,8,3,50.0,4.1,0
3935,YouTube,Horreur,2020,3,38,USA,2092,6450,1147,3,41.2,6.7,0
3936,YouTube,Romance,2023,7,55,Allemagne,35795,785,70,13,81.8,9.3,0
3937,YouTube,SF,2023,8,34,USA,23179,780,11,1,53.7,5.3,0
3938,YouTube,Documentaire,2023,10,36,UK,209236,2387,228,22,87.3,7.9,0
3939,YouTube,Romance,2017,7,15,Allemagne,6867,3396,498,62,68.5,6.2,0
3940,YouTube,Romance,2015,9,35,Canada,8139,3036,171,79,58.3,6.5,0
3941,YouTube,Thriller,2023,10,41,USA,1837,229977,21730,3278,37.8,7.4,1
3942,YouTube,Biopic,2023,11,59,UK,52815,15614,2753,129,73.2,4.6,0
3943,YouTube,Biopic,2017,5,8,France,9436,579278,47897,3080,80.0,5.3,1
3944,YouTube,Comedie,2015,9,11,France,3927,994,187,14,87.6,5.1,0
3945,YouTube,Documentaire,2020,3,4,Canada,4752,21148,4500,107,69.6,9.0,0
3946,YouTube,Action,2015,11,48,Canada,64486,1143,147,14,27.1,8.1,0
3947,YouTube,Thriller,2015,12,7,France,2426,733,10,4,87.8,8.0,0
3948,YouTube,Biopic,2023,4,55,Espagne,2897,636574,28228,14725,39.1,8.0,1
3949,YouTube,Comedie,2019,7,23,USA,132286,436,54,1,46.5,7.7,0
3950,YouTube,Thriller,2016,10,19,Allemagne,15799,100,5,0,56.6,4.1,0
3951,YouTube,Drame,2020,1,58,Canada,148879,507,8,23,68.6,5.6,0
3952,YouTube,Documentaire,2018,9,44,Allemagne,10735,100,2,3,88.9,6.2,0
3953,YouTube,SF,2019,10,34,Canada,21976,276,38,3,46.2,6.7,0
3954,YouTube,Romance,2023,11,53,Espagne,30109,348,51,3,79.9,5.0,0
3955,YouTube,Biopic,2017,3,46,UK,353123,3255,60,1,40.5,4.4,0
3956,YouTube,Romance,2020,10,39,France,300062,100,5,1,55.0,4.9,0
3957,YouTube,Documentaire,2022,10,21,USA,221122,59271,2740,447,93.7,5.4,0
3958,YouTube,Action,2018,1,59,Canada,6262,100,9,1,58.4,5.9,0
3959,YouTube,Drame,2023,9,44,France,3060,2165,45,8,84.2,7.1,0
3960,YouTube,Biopic,2019,8,56,Allemagne,100869,1325,264,60,74.2,6.3,0
3961,YouTube,Horreur,2019,12,58,France,345766,23467,1149,65,78.0,8.3,0
3962,YouTube,Animation,2022,1,34,Allemagne,225401,7178,634,0,94.2,7.4,0
3963,YouTube,Thriller,2020,12,23,USA,22608,57941,9272,727,55.4,6.0,0
3964,YouTube,Comedie,2022,7,56,Canada,94430,1207,131,25,69.3,7.2,0
3965,YouTube,Horreur,2022,4,59,Espagne,97809,932,90,30,57.2,6.3,0
3966,YouTube,Documentaire,2021,5,9,USA,29669,8366,1260,89,75.3,5.6,0
3967,YouTube,Drame,2017,10,39,UK,32362,39065,814,141,95.0,6.6,0
3968,YouTube,Romance,2018,12,37,France,26806,23451,287,139,37.8,7.1,0
3969,YouTube,Animation,2022,4,45,Canada,4554,6664,642,29,56.9,8.0,0
3970,YouTube,SF,2020,12,58,Canada,5585,5332,753,64,49.1,9.8,0
3971,YouTube,Biopic,2017,8,17,France,5415,2722,389,5,87.4,8.4,0
3972,YouTube,Comedie,2017,3,58,France,899,8306,1052,17,87.6,5.0,0
3973,YouTube,Drame,2021,8,39,USA,29311,482789,46755,695,70.2,4.1,1
3974,YouTube,Action,2016,10,7,France,20309,1625,361,23,84.6,8.4,0
3975,YouTube,Animation,2016,1,32,Canada,101106,1198,106,4,81.6,6.3,0
3976,YouTube,Animation,2021,1,10,France,274151,989,110,2,78.2,5.4,0
3977,YouTube,Biopic,2017,1,57,Espagne,311323,7890,1380,169,50.4,8.9,0
3978,YouTube,Romance,2021,7,46,Espagne,375844,100,16,3,90.7,6.2,0
3979,YouTube,Comedie,2019,1,54,Allemagne,4845,2126,104,62,94.9,6.3,0
3980,YouTube,SF,2023,12,37,USA,1256,26946,3783,516,66.8,5.5,0
3981,YouTube,Action,2019,2,25,France,141702,799,69,5,64.9,3.4,0
3982,YouTube,Animation,2022,1,27,Canada,349502,4754,73,8,44.2,5.1,0
3983,YouTube,Animation,2022,4,56,UK,494837,581483,50648,4302,57.6,5.5,1
3984,YouTube,Horreur,2016,10,11,Espagne,58104,6829,532,83,90.2,4.0,0
3985,YouTube,Thriller,2023,11,53,USA,406,100,4,1,85.8,6.6,0
3986,YouTube,Thriller,2021,4,27,France,45762,100,8,1,73.0,6.9,0
3987,YouTube,Action,2015,7,36,Espagne,66895,1591,122,3,86.8,7.9,0
3988,YouTube,SF,2015,10,41,Canada,269453,399,13,8,53.8,5.4,0
3989,YouTube,SF,2017,10,7,France,384330,3860,216,20,81.9,3.7,0
3990,YouTube,Documentaire,2015,2,11,UK,135844,1427,36,2,82.6,6.0,0
3991,YouTube,Documentaire,2018,11,12,France,6805,55004,5230,76,68.7,4.6,0
3992,YouTube,Comedie,2023,11,47,USA,2812,194,9,0,88.0,6.5,0
3993,YouTube,Drame,2019,9,7,USA,64082,1774,161,0,83.2,7.8,0
3994,YouTube,Romance,2015,7,37,USA,4515,5131,86,30,86.4,5.7,0
3995,YouTube,Thriller,2019,5,9,France,420952,6994,565,9,72.8,6.4,0
3996,YouTube,Action,2016,11,46,France,728,4302,511,38,58.3,3.4,0
3997,YouTube,Horreur,2022,11,58,USA,68444,100,4,1,54.6,5.9,0
3998,YouTube,Documentaire,2015,7,26,France,41733,3671,379,295,79.3,8.9,0
3999,YouTube,Romance,2021,9,15,USA,14566,2044,80,27,41.8,7.3,0
4000,YouTube,Thriller,2019,5,28,USA,3462,25855,3673,160,88.0,5.3,0
4001,YouTube,Horreur,2015,9,42,UK,356,18168,6223,359,83.0,4.8,0
4002,YouTube,Action,2021,2,44,UK,7609,5443,403,49,95.0,6.5,0
4003,YouTube,SF,2019,11,39,France,7881,6521,1060,38,54.3,7.3,0
4004,YouTube,Horreur,2021,7,36,France,203510,87636,5011,399,83.4,5.3,1
4005,YouTube,Biopic,2020,8,38,Canada,4602,52877,5892,968,55.2,6.2,0
4006,YouTube,Drame,2022,3,15,Allemagne,54477,5933,420,10,65.7,3.6,0
4007,YouTube,Animation,2019,7,14,Espagne,1661,636376,32551,13860,54.9,7.7,1
4008,YouTube,Comedie,2015,1,56,Espagne,57555,619,101,0,71.8,5.2,0
4009,YouTube,Comedie,2016,11,36,UK,250,153,22,2,70.2,7.5,0
4010,YouTube,Thriller,2019,9,52,Allemagne,1455110,2901,617,5,66.0,7.0,0
4011,YouTube,Horreur,2018,6,38,USA,16611,1170,100,7,47.2,7.2,0
4012,YouTube,Animation,2022,11,28,Canada,100,100,4,2,40.0,6.1,0
4013,YouTube,SF,2018,10,35,Espagne,5242,583,77,1,95.0,9.0,0
4014,YouTube,Drame,2022,2,42,Canada,3822,7037,838,34,81.7,5.5,0
4015,YouTube,Comedie,2016,1,13,USA,5933,2578,143,26,74.7,9.0,0
4016,YouTube,Drame,2018,4,29,USA,10622,427,36,3,50.9,6.9,0
4017,YouTube,Comedie,2021,1,44,France,5853,3313,263,17,76.3,6.7,0
4018,YouTube,Comedie,2016,7,7,USA,4303,4054,260,37,75.7,6.2,0
4019,YouTube,Animation,2017,7,7,Canada,2170,17813,2838,48,93.9,6.7,0
4020,YouTube,Comedie,2021,7,12,UK,113957,599,101,3,77.8,6.5,0
4021,YouTube,Action,2020,1,36,France,243353,26493,3987,26,86.3,9.1,0
4022,YouTube,Romance,2022,12,16,UK,13238,195,10,1,49.2,4.7,0
4023,YouTube,Drame,2019,12,27,USA,21263,846,37,4,78.7,6.2,0
4024,YouTube,SF,2022,8,10,USA,2315,208455,2379,67,66.7,5.1,1
4025,YouTube,Comedie,2022,1,17,USA,25388,230,3,1,95.0,5.6,0
4026,YouTube,Drame,2023,5,4,USA,34889,574,26,13,89.3,6.5,0
4027,YouTube,SF,2016,9,49,UK,14202,129,11,0,87.0,8.8,0
4028,YouTube,Animation,2020,9,29,UK,48637,376,73,4,88.3,7.2,0
4029,YouTube,SF,2016,3,13,Canada,40840,4212,164,33,69.3,5.1,0
4030,YouTube,Romance,2017,10,32,USA,2675,17437,1613,75,53.1,6.1,0
4031,YouTube,Romance,2017,12,56,UK,239448,2845,510,15,81.1,8.2,0
4032,YouTube,Drame,2020,7,50,France,14540,1323,74,6,78.4,5.6,0
4033,YouTube,Drame,2018,5,53,USA,628532,133,5,0,66.9,6.7,0
4034,YouTube,SF,2022,7,26,USA,51064,484,27,9,44.4,7.1,0
4035,YouTube,Action,2017,1,23,UK,1134685,100,4,0,80.3,6.2,0
4036,YouTube,Animation,2020,7,21,Allemagne,231084,18795,3505,26,32.1,5.1,0
4037,YouTube,Animation,2021,1,20,USA,34695,22363,921,149,95.0,6.9,0
4038,YouTube,Thriller,2023,1,55,Canada,5186,2694,449,16,80.4,10.0,0
4039,YouTube,Thriller,2017,7,10,USA,5414,8987,664,44,42.2,5.8,0
4040,YouTube,Thriller,2021,7,51,USA,63963,26650,3135,105,76.6,5.7,0
4041,YouTube,Animation,2015,12,55,Canada,29326,3839,118,74,80.1,7.6,0
4042,YouTube,Documentaire,2019,7,51,UK,6781,97151,15294,993,58.0,10.0,1
4043,YouTube,Comedie,2018,12,38,Allemagne,116555,230,44,3,86.8,5.2,0
4044,YouTube,SF,2023,10,51,Canada,23802,1246,43,8,73.1,4.7,0
4045,YouTube,Action,2021,5,4,France,117950,925,146,1,68.2,7.7,0
4046,YouTube,SF,2023,12,49,Espagne,3130,15034,1191,42,73.4,7.7,0
4047,YouTube,Drame,2022,6,32,Espagne,162582,100,12,0,66.1,5.0,0
4048,YouTube,Thriller,2018,8,57,USA,59993,111294,1447,1533,29.0,6.1,1
4049,YouTube,SF,2021,2,7,France,241624,12142,866,34,70.8,4.8,0
4050,YouTube,Thriller,2015,3,56,USA,155571,236981,14724,212,58.0,5.9,1
4051,YouTube,Thriller,2020,7,35,Canada,18584,2693,106,32,69.6,6.1,0
4052,YouTube,Documentaire,2015,4,8,Espagne,15823,753,28,10,62.7,7.9,0
4053,YouTube,Horreur,2021,8,32,Canada,779230,15409,318,57,79.5,8.3,0
4054,YouTube,Action,2023,1,5,USA,12318,39199,8803,850,59.2,6.4,0
4055,YouTube,Thriller,2021,4,7,France,98407,499,40,1,56.3,8.8,0
4056,YouTube,Horreur,2022,8,33,USA,10272,100,18,0,85.0,7.9,0
4057,YouTube,Romance,2017,8,49,USA,531,100,13,1,93.1,4.5,0
4058,YouTube,Drame,2023,12,9,France,1891,5729,600,40,82.3,8.2,0
4059,YouTube,Romance,2019,11,17,France,49604,140150,16105,818,56.1,7.7,1
4060,YouTube,Comedie,2021,10,25,France,89524,115,10,1,59.3,9.4,0
4061,YouTube,Action,2021,1,33,France,49932,1508,245,9,60.0,6.9,0
4062,YouTube,Animation,2020,8,3,Canada,217923,1247,201,8,77.1,9.2,0
4063,YouTube,Romance,2017,3,39,USA,48171,362699,28410,3008,62.7,3.9,1
4064,YouTube,Documentaire,2020,4,31,USA,4672,844702,64787,3648,65.3,5.8,1
4065,YouTube,Thriller,2020,3,57,USA,72301,8613,635,7,57.3,3.5,0
4066,YouTube,Horreur,2022,6,20,Espagne,30921,28141,1391,20,19.5,6.0,0
4067,YouTube,SF,2019,2,31,Canada,6966,26252,1005,483,57.8,6.7,0
4068,YouTube,Documentaire,2019,7,7,UK,56672,121,1,0,58.1,6.5,0
4069,YouTube,Comedie,2019,2,55,UK,25815,17091,1011,317,79.8,7.9,0
4070,YouTube,Action,2016,7,50,UK,6568,232,13,2,56.9,10.0,0
4071,YouTube,Documentaire,2015,8,23,UK,15433,1941,200,64,66.3,6.0,0
4072,YouTube,Horreur,2015,3,29,USA,372180,51500,4430,1169,61.7,8.4,0
4073,YouTube,Biopic,2020,2,51,USA,348633,3649,276,29,72.4,7.6,0
4074,YouTube,Thriller,2018,10,19,USA,32089,46921,2933,293,48.6,7.1,0
4075,YouTube,Action,2022,9,16,USA,24699,76738,7708,501,29.3,7.8,0
4076,YouTube,Biopic,2021,4,16,France,1253,100,5,2,57.8,6.0,0
4077,YouTube,Animation,2016,11,43,USA,686066,100,3,2,78.7,8.1,0
4078,YouTube,Drame,2015,3,15,USA,175024,54460,3717,703,59.7,4.3,0
4079,YouTube,Documentaire,2018,12,8,USA,99101,60235,2879,284,45.3,6.7,0
4080,YouTube,Biopic,2023,2,12,USA,232,5661,502,111,36.7,6.0,0
4081,YouTube,Drame,2015,8,59,France,23905,7946,1931,63,89.1,10.0,0
4082,YouTube,Documentaire,2016,1,52,USA,17081,27795,1827,891,92.5,4.9,0
4083,YouTube,Documentaire,2015,3,57,USA,86303,26529,1973,184,58.6,7.2,0
4084,YouTube,Romance,2018,5,18,UK,8936,1393,39,11,26.2,8.4,0
4085,YouTube,Animation,2023,2,28,USA,13857,32520,6100,431,71.9,5.7,0
4086,YouTube,Drame,2021,6,30,France,76025,1253,121,15,55.0,6.6,0
4087,YouTube,Biopic,2019,3,32,France,4688,5480,561,230,34.1,5.7,0
4088,YouTube,Biopic,2016,2,4,USA,6987,4915,154,40,76.2,5.9,0
4089,YouTube,Biopic,2018,12,37,France,32423,347,8,2,93.2,9.0,0
4090,YouTube,Documentaire,2019,12,5,USA,320286,465,11,4,78.7,3.7,0
4091,YouTube,Action,2017,12,18,USA,110961,794344,27998,5541,75.2,6.9,1
4092,YouTube,Thriller,2021,2,19,Espagne,189246,320,35,2,63.5,3.4,0
4093,YouTube,SF,2023,5,41,UK,25000,7516,1826,37,60.3,7.9,0
4094,YouTube,Biopic,2016,4,54,France,438079,12701,2428,57,81.2,5.9,0
4095,YouTube,Romance,2017,4,42,USA,676,2603,223,41,51.8,3.9,0
4096,YouTube,Romance,2016,5,27,Canada,1257301,15974,471,642,92.1,6.3,0
4097,YouTube,Comedie,2021,7,32,France,1629066,6784,350,14,36.7,4.7,0
4098,YouTube,Documentaire,2019,6,32,Allemagne,54898,338,10,3,58.2,8.0,0
4099,YouTube,Thriller,2017,4,11,USA,116369,11407,1023,81,83.4,8.1,0
4100,YouTube,Action,2016,12,57,France,20414,763,64,1,76.4,4.8,0
4101,YouTube,Biopic,2015,12,55,France,14484,231346,9070,6496,29.9,7.3,1
4102,YouTube,Comedie,2019,4,16,Allemagne,6491,8715,330,47,45.6,5.5,0
4103,YouTube,Action,2021,3,9,Espagne,19969,517,40,1,88.7,6.1,0
4104,YouTube,Action,2017,7,12,Allemagne,66961,7014,473,14,47.4,9.5,0
4105,YouTube,SF,2015,5,38,USA,51009,295,35,2,53.7,5.9,0
4106,YouTube,Comedie,2019,12,4,Canada,1170809,5678,880,3,49.3,8.7,0
4107,YouTube,Horreur,2021,6,8,France,26917,1695,96,34,72.2,9.2,0
4108,YouTube,Romance,2018,1,39,USA,1121,377,7,0,69.3,6.0,0
4109,YouTube,Thriller,2017,2,11,UK,590438,365,57,15,52.5,6.9,0
4110,YouTube,Action,2016,1,6,Espagne,1916,1312357,296757,18942,55.6,5.8,1
4111,YouTube,SF,2021,5,4,USA,7195,3746,638,125,74.1,6.5,0
4112,YouTube,Comedie,2022,4,43,USA,37929,1012,29,28,79.0,7.5,0
4113,YouTube,Biopic,2021,11,23,France,50733,657,19,4,57.0,6.4,0
4114,YouTube,Drame,2019,11,19,USA,1223,9680,1003,52,91.4,7.1,0
4115,YouTube,SF,2021,2,39,France,4949,604,26,2,66.6,5.5,0
4116,YouTube,Action,2018,12,12,Allemagne,1139,193,25,1,74.4,5.2,0
4117,YouTube,Comedie,2015,8,32,France,76376,2748,331,8,86.6,6.0,0
4118,YouTube,Drame,2018,4,30,UK,234863,2697,183,61,72.8,6.7,0
4119,YouTube,Action,2021,5,41,France,1912,1050,161,4,58.2,8.5,0
4120,YouTube,Documentaire,2020,6,38,USA,161348,321,10,3,81.8,6.3,0
4121,YouTube,Biopic,2023,3,41,France,141712,1121,180,2,58.3,7.1,0
4122,YouTube,Biopic,2023,11,15,USA,5894,921,36,3,75.9,5.1,0
4123,YouTube,Drame,2017,1,10,USA,417,651,64,13,95.0,7.8,0
4124,YouTube,Documentaire,2015,1,33,UK,2585,5950,220,131,71.8,5.9,0
4125,YouTube,Romance,2017,4,6,Espagne,6697,778847,70695,19313,58.7,6.2,1
4126,YouTube,Action,2022,2,28,USA,480864,83234,6754,2466,56.0,6.6,1
4127,YouTube,Action,2022,1,38,USA,17385,382620,141592,37,76.3,5.7,1
4128,YouTube,Romance,2015,5,49,Allemagne,2940,721,56,1,84.4,4.9,0
4129,YouTube,SF,2016,5,40,France,29604,196166,42266,1145,85.1,7.2,1
4130,YouTube,Action,2020,2,59,Allemagne,1651,5261,560,54,54.1,7.9,0
4131,YouTube,Biopic,2020,10,34,Espagne,61616,35098,589,970,85.2,4.5,0
4132,YouTube,Documentaire,2023,11,28,Canada,3117,9360,2320,78,62.5,6.9,0
4133,YouTube,Romance,2021,9,17,USA,4167,1263,60,56,49.8,6.9,0
4134,YouTube,Biopic,2016,7,41,UK,46675,18011,476,22,45.3,6.0,0
4135,YouTube,Biopic,2015,12,49,USA,729757,10019,1075,112,60.2,6.0,0
4136,YouTube,Biopic,2020,5,21,USA,1786153,100,5,1,95.0,8.1,0
4137,YouTube,Drame,2019,6,7,Espagne,2752,2185,97,10,76.7,9.8,0
4138,YouTube,Horreur,2023,1,3,France,6679,26397,2197,654,71.9,8.5,0
4139,YouTube,Romance,2020,9,39,Canada,61763,5964,334,284,90.5,7.3,0
4140,YouTube,Documentaire,2019,2,40,USA,228108,9640,825,82,76.8,8.3,0
4141,YouTube,Horreur,2017,8,9,France,290,455,16,9,52.5,7.2,0
4142,YouTube,Comedie,2015,10,4,UK,26230,5656,217,35,68.3,5.5,0
4143,YouTube,SF,2022,3,40,Canada,8314,2342,183,22,76.1,7.1,0
4144,YouTube,Comedie,2022,8,25,USA,469,1792,271,12,80.5,4.5,0
4145,YouTube,Drame,2016,4,26,Canada,1518,545,2,7,65.9,5.4,0
4146,YouTube,SF,2021,5,17,USA,7075,29353,2369,39,56.3,7.9,0
4147,YouTube,Horreur,2018,7,43,Allemagne,24775,7070,651,78,73.6,6.2,0
4148,YouTube,Horreur,2018,3,45,UK,165413,5493,352,15,88.8,5.3,0
4149,YouTube,Thriller,2022,10,5,Canada,44743,502304,29562,388,75.9,5.6,1
4150,YouTube,Thriller,2022,5,8,France,146543,9744,1112,199,86.0,4.7,0
4151,YouTube,Romance,2016,6,34,USA,23235,59948,2667,949,90.4,7.0,0
4152,YouTube,Biopic,2017,10,37,Allemagne,5378,5897,670,26,38.2,5.9,0
4153,YouTube,Biopic,2022,3,11,France,15252,1232,80,2,75.7,6.1,0
4154,YouTube,Drame,2023,6,12,USA,88524,211,13,4,71.7,7.1,0
4155,YouTube,Comedie,2015,12,41,Canada,173706,5450,346,60,43.0,7.0,0
4156,YouTube,Documentaire,2022,5,28,UK,16387,100,9,0,75.0,4.7,0
4157,YouTube,Thriller,2019,2,9,Allemagne,3434,5890,229,89,91.6,4.8,0
4158,YouTube,Comedie,2020,4,37,UK,43101,6558,524,115,34.9,6.4,0
4159,YouTube,Action,2015,12,7,Espagne,57294,1730,148,15,40.8,7.5,0
4160,YouTube,SF,2021,10,16,USA,259221,2366,51,28,92.8,5.5,0
4161,YouTube,Thriller,2021,10,43,UK,5667,130,11,1,43.0,5.7,0
4162,YouTube,Romance,2020,4,15,Canada,5792,95226,7042,414,47.8,6.7,1
4163,YouTube,Drame,2022,11,6,UK,99939,1282,300,6,58.8,6.7,0
4164,YouTube,Documentaire,2023,5,57,France,9751,262,15,1,59.8,6.4,0
4165,YouTube,Animation,2022,10,15,USA,8960,11633,196,27,66.9,7.1,0
4166,YouTube,SF,2021,11,32,USA,270568,3931,169,17,67.4,5.1,0
4167,YouTube,Comedie,2023,3,50,Canada,1419,1217,21,5,63.8,8.8,0
4168,YouTube,Romance,2021,12,59,USA,1345674,934,43,8,71.6,6.1,0
4169,YouTube,Animation,2021,8,49,Canada,6468,2939,283,6,57.8,9.0,0
4170,YouTube,Thriller,2019,9,22,Canada,124673,86209,9016,1281,93.4,3.2,1
4171,YouTube,Drame,2021,10,51,France,17719,9641,491,92,49.4,4.0,0
4172,YouTube,Romance,2015,3,3,UK,37900,2735,500,30,62.8,6.4,0
4173,YouTube,Thriller,2019,9,21,USA,13022,25111,1927,369,56.4,8.0,0
4174,YouTube,SF,2018,3,14,France,122168,3193,16,63,78.6,6.9,0
4175,YouTube,Thriller,2023,4,33,USA,10996,8134,354,60,39.1,6.3,0
4176,YouTube,Thriller,2015,2,53,USA,7003,4349,102,2,40.9,6.9,0
4177,YouTube,Documentaire,2020,3,47,Canada,827929,13022,1253,103,61.7,6.5,0
4178,YouTube,SF,2016,12,59,USA,23359,982,178,17,11.9,9.4,0
4179,YouTube,SF,2022,4,10,France,5702,172,9,1,36.1,5.7,0
4180,YouTube,Animation,2022,5,45,USA,1118,28770,1239,0,86.7,8.4,0
4181,YouTube,Thriller,2017,6,44,Canada,919105,128324,24767,723,70.8,5.4,1
4182,YouTube,Comedie,2022,9,29,USA,7303,194,19,1,72.6,6.1,0
4183,YouTube,Horreur,2019,7,8,USA,1360926,4666,297,62,39.3,5.0,0
4184,YouTube,Action,2023,7,8,Allemagne,48908,970,111,6,84.4,7.8,0
4185,YouTube,Romance,2021,11,55,France,29312,27131,1889,220,69.7,8.3,0
4186,YouTube,Drame,2015,6,19,USA,30936,5522,440,30,65.2,6.2,0
4187,YouTube,Drame,2016,10,39,USA,1852231,12221175,2001873,249338,73.3,7.3,1
4188,YouTube,Action,2018,11,56,UK,274,1403,136,1,72.0,6.7,0
4189,YouTube,Biopic,2016,9,31,Canada,33815,139139,31723,1623,93.5,7.4,1
4190,YouTube,SF,2016,1,14,France,12959,177473,15836,815,61.9,8.3,1
4191,YouTube,Thriller,2023,4,30,Canada,14383,11316,1784,351,88.0,4.8,0
4192,YouTube,Documentaire,2022,8,16,UK,29691,3270,47,49,72.1,4.9,0
4193,YouTube,Action,2018,6,13,Allemagne,12932,3778,283,2,95.0,5.7,0
4194,YouTube,Romance,2016,4,49,Allemagne,32088,3057,70,12,52.5,5.8,0
4195,YouTube,SF,2016,5,22,Canada,21011,50678,1231,418,80.5,6.8,0
4196,YouTube,Romance,2023,1,42,France,1592,336,22,0,86.0,6.5,0
4197,YouTube,Comedie,2017,3,44,USA,47227,1993,190,28,66.8,6.2,0
4198,YouTube,Biopic,2015,10,34,Espagne,92236,1472,58,7,80.0,6.4,0
4199,YouTube,Drame,2018,1,33,USA,7449,100,11,1,64.4,6.8,0
4200,YouTube,Animation,2019,11,13,USA,923376,25521,560,98,20.3,5.3,0
4201,YouTube,Documentaire,2020,5,33,Allemagne,318425,42501,9302,121,53.0,3.3,0
4202,YouTube,Thriller,2018,10,45,Allemagne,119122,610,13,4,53.8,5.1,0
4203,YouTube,Comedie,2023,4,14,UK,116266,39156,4574,661,38.2,8.2,0
4204,YouTube,Drame,2020,10,16,Allemagne,23393,100,2,0,79.7,2.6,0
4205,YouTube,Horreur,2023,7,42,France,215937,3164,337,75,59.7,8.2,0
4206,YouTube,Biopic,2018,11,58,Canada,509665,2174,296,3,53.9,5.6,0
4207,YouTube,Biopic,2020,1,25,Espagne,110862,3712,168,19,44.6,7.8,0
4208,YouTube,Drame,2018,10,50,France,7040,3664,303,12,77.7,5.0,0
4209,YouTube,Animation,2021,4,13,France,20345,2458,89,29,81.6,2.7,0
4210,YouTube,Comedie,2021,5,35,Canada,69379,1130,121,16,72.0,5.2,0
4211,YouTube,Documentaire,2017,1,56,USA,117652,2271,37,22,35.7,6.3,0
4212,YouTube,SF,2023,12,28,France,18864,90043,7201,150,67.1,7.1,1
4213,YouTube,Documentaire,2022,8,31,France,7089,701,91,32,65.9,4.4,0
4214,YouTube,Animation,2023,12,11,USA,523563,837645,53697,3778,63.8,7.1,1
4215,YouTube,Biopic,2016,7,33,USA,2579,609,52,18,65.9,6.5,0
4216,YouTube,SF,2021,2,36,Allemagne,3352,5432,359,58,71.4,5.6,0
4217,YouTube,Thriller,2015,5,58,UK,1549,12431,535,82,65.6,6.7,0
4218,YouTube,Romance,2015,6,14,UK,3337,1437,43,4,45.3,6.6,0
4219,YouTube,Comedie,2023,2,23,France,266916,94457,12344,122,62.6,7.3,1
4220,YouTube,Comedie,2016,12,39,USA,285405,11649,1309,113,55.7,6.8,0
4221,YouTube,Romance,2022,12,56,USA,18994,1786,397,9,83.1,6.7,0
4222,YouTube,Horreur,2018,7,16,Allemagne,59434,91872,3907,1058,45.0,9.5,1
4223,YouTube,Romance,2017,8,42,Espagne,21568,235,24,1,90.2,3.6,0
4224,YouTube,Documentaire,2015,9,53,USA,2030,725,52,44,64.5,4.5,0
4225,YouTube,Comedie,2021,9,39,Espagne,1860236,12166,1077,120,66.4,8.1,0
4226,YouTube,SF,2021,1,27,France,344372,22107,6083,214,60.8,4.3,0
4227,YouTube,Animation,2019,7,16,USA,44749,6677,1107,24,67.6,7.8,0
4228,YouTube,Thriller,2022,10,19,Canada,3976,2168,58,10,44.1,7.0,0
4229,YouTube,Action,2017,10,5,USA,14046,1589,7,7,78.5,4.5,0
4230,YouTube,Action,2019,8,11,Allemagne,5514,50438,3908,19,85.0,8.0,0
4231,YouTube,Biopic,2017,11,27,France,26773,5437,346,336,57.7,8.3,0
4232,YouTube,Animation,2020,8,11,Canada,40939,336,8,0,67.3,6.5,0
4233,YouTube,Drame,2016,5,3,France,11133,291,44,9,45.1,6.4,0
4234,YouTube,Drame,2019,6,42,France,1201,131091,11625,626,90.2,8.4,1
4235,YouTube,Action,2019,9,7,USA,1566129,494,20,1,66.3,4.0,0
4236,YouTube,Biopic,2020,11,11,Espagne,35420,5894,241,18,57.0,7.5,0
4237,YouTube,Comedie,2019,3,36,USA,54895,87313,3578,1978,85.5,4.3,1
4238,YouTube,Documentaire,2020,4,55,UK,9463,11559,1025,74,44.9,7.4,0
4239,YouTube,Drame,2019,8,44,France,968,448,36,2,95.0,6.3,0
4240,YouTube,Thriller,2017,10,4,France,18646,235,30,2,71.2,6.4,0
4241,YouTube,Drame,2016,5,12,France,11539,319566,26856,4093,73.4,9.0,1
4242,YouTube,Horreur,2020,8,45,Canada,91041,220,34,1,95.0,4.2,0
4243,YouTube,Action,2023,1,44,France,134881,747,68,10,66.2,7.6,0
4244,YouTube,Thriller,2021,4,25,USA,101728,7564,670,69,38.0,6.4,0
4245,YouTube,Drame,2020,12,57,UK,158981,1724,115,5,74.0,6.6,0
4246,YouTube,Drame,2023,7,53,USA,812061,12512,470,7,78.1,7.8,0
4247,YouTube,Comedie,2023,11,45,USA,48035,100,2,3,76.5,7.7,0
4248,YouTube,Biopic,2019,3,45,France,198477,1761,125,30,52.0,7.4,0
4249,YouTube,Thriller,2015,4,47,USA,59143,16223,1605,482,52.4,5.2,0
4250,YouTube,SF,2020,12,11,UK,492,16361,2642,85,67.9,7.4,0
4251,YouTube,Thriller,2020,12,42,France,16170,712,66,5,50.9,7.6,0
4252,YouTube,Biopic,2017,11,56,UK,3883,231,26,2,91.9,7.3,0
4253,YouTube,Thriller,2022,4,15,France,34991,5086,516,10,64.4,7.4,0
4254,YouTube,Thriller,2022,10,3,Allemagne,4527,112,9,0,82.6,6.6,0
4255,YouTube,Thriller,2017,6,23,Espagne,73966,73915,10672,583,61.2,4.8,0
4256,YouTube,Thriller,2019,11,18,France,156694,4418,216,2,57.8,5.9,0
4257,YouTube,Action,2016,11,57,USA,244541,522,16,0,85.6,5.8,0
4258,YouTube,Animation,2016,6,28,USA,561587,213,15,1,79.5,6.5,0
4259,YouTube,Action,2017,4,40,Canada,771,612,66,9,75.2,5.9,0
4260,YouTube,Drame,2018,12,58,USA,2002,100,5,0,65.7,9.2,0
4261,YouTube,Drame,2017,6,47,UK,7691530,10269,199,52,59.4,7.2,0
4262,YouTube,Drame,2016,6,45,France,165884,400,7,4,60.9,6.4,0
4263,YouTube,Documentaire,2019,8,58,France,34506,8096,1062,37,81.0,6.9,0
4264,YouTube,Romance,2020,12,42,UK,23484,11428,496,98,64.3,7.1,0
4265,YouTube,Biopic,2017,2,16,UK,19658,33356,2050,908,71.2,9.8,0
4266,YouTube,Thriller,2019,12,44,Canada,460,5594,994,34,77.4,7.2,0
4267,YouTube,Biopic,2017,6,21,Canada,4700,49666,781,1350,48.2,5.9,0
4268,YouTube,Action,2021,1,21,UK,17611,95346,3841,60,33.9,5.0,1
4269,YouTube,Romance,2020,4,39,USA,5262,5684,736,68,80.6,6.8,0
4270,YouTube,Documentaire,2023,6,20,Allemagne,6834,6609,346,138,93.9,9.6,0
4271,YouTube,Romance,2015,9,4,Canada,3676467,739,23,1,44.1,6.3,0
4272,YouTube,Biopic,2022,7,59,Allemagne,13315,252,41,1,78.4,5.1,0
4273,YouTube,Thriller,2018,2,35,Espagne,38416,73510,8121,2114,69.6,8.0,0
4274,YouTube,Action,2015,6,41,USA,35777,13552,1233,119,68.2,6.7,0
4275,YouTube,Documentaire,2021,3,49,UK,71604,16598,664,23,72.9,4.1,0
4276,YouTube,Action,2016,4,39,UK,8479,680,133,2,52.1,6.8,0
4277,YouTube,Documentaire,2016,9,37,France,266722,172785,13931,1351,81.6,8.2,1
4278,YouTube,Documentaire,2023,10,48,UK,53483,1683,168,9,63.6,3.4,0
4279,YouTube,Horreur,2016,2,19,USA,1678,401,31,1,32.2,7.6,0
4280,YouTube,SF,2019,8,50,USA,17765,710,175,25,71.7,4.6,0
4281,YouTube,Horreur,2016,6,44,France,15610,151445,16480,944,82.3,6.2,1
4282,YouTube,Comedie,2016,5,13,UK,14237,185,16,1,81.1,5.8,0
4283,YouTube,SF,2015,9,11,UK,60997,455,62,1,47.4,8.2,0
4284,YouTube,Comedie,2015,3,53,USA,78389,4181887,242203,1036,78.7,8.0,1
4285,YouTube,Documentaire,2019,10,54,France,61901,31338,3292,6,84.4,4.5,0
4286,YouTube,Documentaire,2018,5,59,USA,43383,476,27,4,82.9,3.5,0
4287,YouTube,Horreur,2015,2,8,France,26141,199,7,3,48.0,4.2,0
4288,YouTube,Documentaire,2018,10,54,USA,298,100,2,5,57.4,7.1,0
4289,YouTube,Thriller,2017,11,52,USA,104379,3800,827,70,78.6,3.1,0
4290,YouTube,Action,2020,7,46,Allemagne,58495,18398,1051,100,75.8,5.5,0
4291,YouTube,Biopic,2023,9,31,USA,3073,132852,16221,473,75.9,7.9,1
4292,YouTube,SF,2021,2,31,USA,38606,100,19,0,89.6,7.4,0
4293,YouTube,Action,2023,5,27,Allemagne,80489,108,3,0,50.2,4.0,0
4294,YouTube,Biopic,2016,5,4,USA,229232,2210,99,4,64.8,6.8,0
4295,YouTube,Biopic,2016,10,31,Allemagne,61120,3169787,515665,13546,63.0,5.1,1
4296,YouTube,SF,2021,5,16,France,41906,27303,2608,362,46.5,5.5,0
4297,YouTube,Documentaire,2017,9,14,USA,146319,7570,878,52,95.0,5.6,0
4298,YouTube,Action,2022,4,6,France,11931,139,13,1,77.5,5.8,0
4299,YouTube,Action,2019,8,29,USA,50211,100,2,1,43.1,6.4,0
4300,YouTube,Drame,2016,3,5,Espagne,6359,3285,396,68,75.1,5.4,0
4301,YouTube,Animation,2022,7,51,UK,202925,2325,246,1,93.6,5.5,0
4302,YouTube,Comedie,2019,1,53,UK,880,1526,99,4,60.8,7.8,0
4303,YouTube,Action,2022,9,48,France,112811,1151,111,31,66.6,6.5,0
4304,YouTube,Animation,2019,1,20,Espagne,22820,459,59,3,67.7,4.9,0
4305,YouTube,Documentaire,2016,12,12,USA,151869,258,19,1,57.7,6.7,0
4306,YouTube,Documentaire,2021,11,31,France,4623,96160,16028,1251,92.5,4.3,1
4307,YouTube,Documentaire,2016,7,41,Espagne,26369,324,31,1,95.0,6.7,0
4308,YouTube,Horreur,2020,11,4,USA,24866,1494,88,1,84.5,7.3,0
4309,YouTube,Animation,2018,10,51,USA,52457,2703,142,10,92.3,7.7,0
4310,YouTube,Romance,2022,2,27,France,2710,17425,1909,126,61.0,7.1,0
4311,YouTube,Horreur,2022,9,49,France,78623,354,37,1,68.5,4.9,0
4312,YouTube,Thriller,2018,5,7,Canada,549,34377,2199,38,63.8,5.7,0
4313,YouTube,Action,2022,11,27,USA,5792,699,95,9,70.5,8.2,0
4314,YouTube,Documentaire,2015,11,29,Espagne,967,1988,10,12,41.4,6.0,0
4315,YouTube,Drame,2015,12,5,France,115432,181270,10244,952,71.8,6.4,1
4316,YouTube,Biopic,2023,6,43,UK,49033,264,21,3,35.2,7.5,0
4317,YouTube,SF,2020,3,56,UK,54834,18074,1378,183,46.2,8.8,0
4318,YouTube,Horreur,2019,2,33,UK,419315,36736,1238,323,90.2,6.4,0
4319,YouTube,Action,2016,2,25,USA,11709,6468,285,154,69.0,5.9,0
4320,YouTube,Animation,2017,12,39,USA,74545,2222,108,11,62.7,9.3,0
4321,YouTube,SF,2021,8,23,UK,25135,605772,34758,9167,81.8,9.4,1
4322,YouTube,SF,2022,5,23,Allemagne,18537,2879,303,4,79.1,6.6,0
4323,YouTube,Drame,2023,6,46,USA,300514,4965,217,110,65.7,6.5,0
4324,YouTube,Biopic,2018,3,36,USA,1416583,1285,134,13,48.9,7.9,0
4325,YouTube,Thriller,2019,7,18,UK,9293,4349,152,55,80.1,7.2,0
4326,YouTube,Horreur,2016,6,26,USA,116709,33199,7646,497,66.0,6.5,0
4327,YouTube,SF,2015,10,50,France,41699,1497,68,3,74.7,7.6,0
4328,YouTube,Action,2018,1,33,Espagne,42711,100,5,0,47.4,5.5,0
4329,YouTube,Horreur,2020,12,7,France,36111,10763,455,83,39.0,8.2,0
4330,YouTube,Comedie,2015,1,51,France,11314,201,3,5,84.5,7.5,0
4331,YouTube,Drame,2018,6,45,UK,100,19047,318,159,77.3,7.2,0
4332,YouTube,Horreur,2020,5,18,France,474311,2971,116,136,80.4,6.3,0
4333,YouTube,Horreur,2022,9,58,France,5489,31500,2351,645,63.3,5.6,0
4334,YouTube,Biopic,2023,8,57,France,13587,278,4,3,75.2,3.9,0
4335,YouTube,SF,2018,3,59,France,14177,782,13,2,74.1,3.9,0
4336,YouTube,Documentaire,2018,6,24,USA,4593,1273,137,15,81.5,4.0,0
4337,YouTube,Thriller,2022,7,55,Canada,35613,100,6,1,61.7,8.3,0
4338,YouTube,Documentaire,2021,6,48,USA,20158,47980,5917,1805,55.2,5.5,0
4339,YouTube,Romance,2017,1,52,USA,5254,100,13,0,95.0,4.7,0
4340,YouTube,Action,2021,3,34,UK,29691,46317,6549,606,82.0,6.4,0
4341,YouTube,SF,2016,7,18,USA,20617,8612,231,191,86.8,5.1,0
4342,YouTube,SF,2019,4,15,USA,140881,1813,81,56,61.3,5.9,0
4343,YouTube,Drame,2017,7,58,USA,1509,7064,180,122,50.2,7.3,0
4344,YouTube,Thriller,2023,2,31,USA,4399,6596,736,49,67.1,6.0,0
4345,YouTube,Romance,2015,9,55,USA,93957,1095,85,1,83.8,6.0,0
4346,YouTube,Action,2022,3,34,France,6127,6281,235,25,64.4,6.5,0
4347,YouTube,Comedie,2017,8,33,Allemagne,3616,18545,577,279,29.4,4.4,0
4348,YouTube,Documentaire,2015,11,7,Espagne,6764,280,27,1,68.2,6.9,0
4349,YouTube,Thriller,2020,5,25,Allemagne,17998,7083,1037,106,25.5,8.6,0
4350,YouTube,Animation,2021,2,34,France,18135,100,5,1,79.5,6.0,0
4351,YouTube,Romance,2016,1,9,Canada,14473,100,9,1,75.1,6.6,0
4352,YouTube,Romance,2015,5,12,USA,2815,12225,654,162,86.2,5.2,0
4353,YouTube,SF,2016,2,36,France,103395,1048,185,1,87.7,5.4,0
4354,YouTube,SF,2018,11,17,Espagne,312524,352,88,4,69.9,8.0,0
4355,YouTube,Horreur,2016,12,42,Canada,482,2610,269,25,67.5,6.7,0
4356,YouTube,Biopic,2021,12,29,France,985,1107,75,8,86.8,7.5,0
4357,YouTube,Drame,2015,12,26,Espagne,163687,251,21,3,40.4,6.9,0
4358,YouTube,Animation,2022,8,9,France,508689,100,15,1,65.7,6.3,0
4359,YouTube,Biopic,2022,4,26,USA,311,100,5,1,93.7,8.3,0
4360,YouTube,Action,2021,6,33,France,112518,18901,1171,278,77.1,3.8,0
4361,YouTube,Documentaire,2023,4,35,France,582893,1036,106,13,83.3,5.3,0
4362,YouTube,SF,2023,11,18,Espagne,3925,33653,2928,31,65.2,5.9,0
4363,YouTube,Biopic,2015,6,4,USA,518832,1010,157,3,83.8,6.6,0
4364,YouTube,Romance,2018,5,56,France,15429,7240,1141,122,61.3,6.1,0
4365,YouTube,Horreur,2021,9,57,Canada,41327,2178,287,86,74.4,6.8,0
4366,YouTube,Comedie,2018,5,54,Allemagne,5226,3331,779,17,65.6,8.6,0
4367,YouTube,Comedie,2021,5,19,Allemagne,163089,3761,281,71,59.9,4.8,0
4368,YouTube,Biopic,2021,3,37,Espagne,116880,978,16,14,59.9,8.8,0
4369,YouTube,Romance,2023,1,11,Allemagne,693439,137,2,1,62.3,6.2,0
4370,YouTube,Romance,2017,1,54,UK,392862,20238,4957,167,53.1,6.8,0
4371,YouTube,Comedie,2018,5,3,USA,21627,160150,11952,5631,56.2,6.5,1
4372,YouTube,Drame,2015,12,29,Allemagne,11036927,188723,13194,1009,65.4,6.9,1
4373,YouTube,Horreur,2017,4,51,France,328267,747,143,4,60.9,8.3,0
4374,YouTube,Thriller,2017,8,44,France,64927,476,36,2,80.3,4.8,0
4375,YouTube,Romance,2019,4,52,USA,2997,745,36,1,65.7,5.4,0
4376,YouTube,Thriller,2018,4,31,France,1032,1920,201,19,88.9,7.4,0
4377,YouTube,Drame,2022,2,8,UK,1224,2614,356,26,71.9,5.3,0
4378,YouTube,Comedie,2021,7,3,Allemagne,3403,245,34,3,77.6,3.7,0
4379,YouTube,Biopic,2021,8,11,USA,346142,100,8,0,75.7,7.5,0
4380,YouTube,Biopic,2015,5,6,USA,58347,3377,322,3,69.5,5.3,0
4381,YouTube,Comedie,2019,7,28,USA,6459,100,7,1,58.8,7.8,0
4382,YouTube,Thriller,2021,6,5,UK,16785,2317,247,5,33.4,5.8,0
4383,YouTube,Romance,2017,4,13,France,13154,280,46,1,72.1,8.2,0
4384,YouTube,Thriller,2018,9,26,France,109108,20960,1875,243,86.5,6.9,0
4385,YouTube,Documentaire,2021,7,44,UK,3798,40908,2010,442,69.0,5.5,0
4386,YouTube,Drame,2022,1,41,USA,44328,43395,171,292,51.7,4.7,0
4387,YouTube,Action,2022,6,6,USA,40141,1253,81,6,75.2,6.2,0
4388,YouTube,Thriller,2018,5,54,USA,4032,174,32,2,75.6,6.6,0
4389,YouTube,Romance,2018,10,34,France,527556,388,7,1,63.9,5.5,0
4390,YouTube,Comedie,2018,4,22,UK,12195,6118,445,41,57.2,4.6,0
4391,YouTube,Horreur,2021,12,24,USA,3024,100,4,2,72.6,6.2,0
4392,YouTube,Action,2018,8,51,USA,121268,97136,8231,4282,34.0,8.8,1
4393,YouTube,Action,2018,2,29,Allemagne,24562,1304,49,32,44.1,6.9,0
4394,YouTube,Romance,2016,5,17,UK,49854,10409,835,36,69.9,5.5,0
4395,YouTube,Romance,2019,11,27,France,2060,100,12,1,88.1,6.7,0
4396,YouTube,Drame,2017,4,6,UK,111840,294,19,4,67.2,7.4,0
4397,YouTube,Drame,2019,9,11,France,1697821,100,7,0,47.2,5.1,0
4398,YouTube,Action,2022,10,20,France,1762,38291,3057,566,95.0,6.1,0
4399,YouTube,Animation,2021,9,15,UK,44730,1997,33,4,69.2,6.3,0
4400,YouTube,Thriller,2019,2,22,France,4579,12434,1945,109,58.0,5.9,0
4401,YouTube,Comedie,2023,5,6,France,4776468,3493,398,49,54.0,4.7,0
4402,YouTube,Thriller,2023,5,37,Allemagne,262830,9616,814,108,69.5,7.5,0
4403,YouTube,Biopic,2018,5,9,UK,38723,1282,99,4,80.1,3.3,0
4404,YouTube,Drame,2021,11,15,Allemagne,1889,1792,238,22,53.5,5.5,0
4405,YouTube,Horreur,2018,1,58,Allemagne,3065,2370,28,45,78.4,5.4,0
4406,YouTube,Drame,2022,7,3,USA,97982,8217,1166,3,60.8,5.7,0
4407,YouTube,Comedie,2018,12,18,UK,1443,8780,428,37,59.3,8.7,0
4408,YouTube,Drame,2017,11,31,USA,1537,3363834,525019,24373,36.4,6.0,1
4409,YouTube,Thriller,2016,8,20,UK,22418,199586,4678,353,62.5,8.1,1
4410,YouTube,Comedie,2022,12,21,USA,28762,100,4,1,83.7,6.7,0
4411,YouTube,Romance,2017,5,10,France,47101,2084,331,15,37.1,7.2,0
4412,YouTube,Thriller,2022,8,27,France,9144,1080,40,19,45.6,6.1,0
4413,YouTube,Documentaire,2015,7,46,Canada,138731,73154,9891,325,93.0,7.6,0
4414,YouTube,SF,2019,1,36,France,3929,1353,132,21,68.3,5.6,0
4415,YouTube,SF,2018,1,55,USA,77133,9515,324,201,83.7,5.8,0
4416,YouTube,SF,2018,11,42,Allemagne,33800,100,17,1,91.4,5.7,0
4417,YouTube,Comedie,2016,3,48,UK,73225,100,11,0,30.6,4.9,0
4418,YouTube,Documentaire,2015,5,27,USA,234215,557229,14361,8515,88.3,6.5,1
4419,YouTube,Comedie,2018,8,37,France,8860,3379,464,5,44.1,7.8,0
4420,YouTube,Documentaire,2019,7,35,Allemagne,5871,245,23,3,81.6,6.0,0
4421,YouTube,Biopic,2022,7,49,USA,752,5470,56,55,44.0,5.3,0
4422,YouTube,Documentaire,2019,12,31,USA,388,214,7,2,60.5,9.4,0
4423,YouTube,SF,2017,10,26,Espagne,15491,1467,85,25,74.6,5.9,0
4424,YouTube,Thriller,2017,12,6,France,17764,100,5,1,77.1,7.6,0
4425,YouTube,Horreur,2020,8,51,USA,2509,414,26,1,68.2,6.5,0
4426,YouTube,Drame,2018,12,27,France,3857,1052,101,2,22.1,8.1,0
4427,YouTube,SF,2023,8,48,France,463660,49106,4768,539,76.1,6.4,0
4428,YouTube,Documentaire,2018,7,41,USA,126966,9510,794,81,74.8,6.4,0
4429,YouTube,Biopic,2020,10,3,UK,1766,14710,639,38,77.9,6.4,0
4430,YouTube,Biopic,2015,11,40,USA,9093,2794,355,48,60.8,6.1,0
4431,YouTube,Action,2016,1,30,UK,49612,23321,2427,60,46.6,6.6,0
4432,YouTube,Horreur,2022,11,16,Canada,6292,335,28,1,34.3,5.3,0
4433,YouTube,Comedie,2018,9,18,Allemagne,4370,477,42,6,75.6,7.2,0
4434,YouTube,Romance,2018,11,39,France,11198,8258,198,35,76.5,10.0,0
4435,YouTube,Biopic,2020,9,7,Canada,195110,1483,279,9,78.6,5.1,0
4436,YouTube,Animation,2015,12,37,France,233935,2879,76,3,60.9,7.0,0
4437,YouTube,Biopic,2019,4,51,UK,5059,1977,575,21,92.5,6.5,0
4438,YouTube,Thriller,2018,3,7,USA,55331,68434,2313,887,73.3,4.8,0
4439,YouTube,Thriller,2016,3,3,UK,21745,77954,11686,536,77.8,7.7,0
4440,YouTube,Thriller,2018,4,6,France,2932,623,81,8,63.4,5.8,0
4441,YouTube,Thriller,2019,3,44,UK,12159,100,12,1,29.2,5.5,0
4442,YouTube,Animation,2016,6,51,France,1757,503,40,7,71.3,8.6,0
4443,YouTube,SF,2019,3,59,France,225507,316,18,1,56.7,6.0,0
4444,YouTube,Documentaire,2021,2,4,UK,491365,23845,2262,22,85.7,8.3,0
4445,YouTube,SF,2017,7,30,USA,9690,29769,4095,309,80.6,7.3,0
4446,YouTube,Thriller,2023,10,5,UK,6013,226,12,1,40.0,6.6,0
4447,YouTube,Comedie,2020,2,24,UK,181532,452,56,3,78.6,7.5,0
4448,YouTube,Romance,2021,7,20,UK,250771,100,12,0,71.9,7.7,0
4449,YouTube,Horreur,2015,8,37,UK,2371,4171,515,11,61.0,6.2,0
4450,YouTube,Horreur,2021,9,54,Canada,16381,2664,87,61,32.3,5.9,0
4451,YouTube,Drame,2018,2,48,Allemagne,19577,21435,612,293,73.0,7.8,0
4452,YouTube,SF,2021,9,6,France,4714,10330,246,1,67.7,10.0,0
4453,YouTube,Documentaire,2022,1,16,USA,47665,13704,1930,233,65.9,4.1,0
4454,YouTube,Animation,2017,3,18,UK,5432,100,8,5,84.8,4.8,0
4455,YouTube,Action,2017,4,17,France,7476,622,31,3,61.2,5.1,0
4456,YouTube,Romance,2015,11,23,France,17985,31960,1589,117,59.0,6.0,0
4457,YouTube,Action,2020,3,37,France,1120,775,67,11,71.5,5.0,0
4458,YouTube,Comedie,2021,10,45,USA,360,100,10,1,86.7,7.4,0
4459,YouTube,Animation,2018,12,56,USA,138212,22470,949,357,91.7,4.3,0
4460,YouTube,Comedie,2016,12,43,UK,5010,704,106,4,92.8,5.9,0
4461,YouTube,Thriller,2017,4,20,UK,1574940,42471,155,8,69.5,5.8,0
4462,YouTube,Romance,2018,2,13,UK,1136740,2846,247,70,72.3,8.0,0
4463,YouTube,Animation,2023,3,24,France,7998,1490,171,0,59.5,6.4,0
4464,YouTube,SF,2016,10,48,Canada,2369302,90037,5143,3001,84.9,4.5,1
4465,YouTube,Action,2018,3,59,UK,143652,114,8,0,51.7,6.9,0
4466,YouTube,Documentaire,2020,8,25,France,6059,107532,3927,108,74.7,5.1,1
4467,YouTube,Biopic,2017,5,13,France,126,602,40,3,89.0,4.7,0
4468,YouTube,Horreur,2022,10,3,USA,87230,4473,958,15,53.9,8.2,0
4469,YouTube,Documentaire,2023,8,7,Espagne,23449,4580,561,50,90.9,5.9,0
4470,YouTube,SF,2018,8,39,USA,52194,1024,60,5,91.1,7.2,0
4471,YouTube,Horreur,2021,10,36,France,13937,443,16,6,65.8,5.8,0
4472,YouTube,SF,2021,12,39,France,2235,1182,65,9,73.6,6.9,0
4473,YouTube,Comedie,2021,5,4,France,9376,235,22,2,12.1,8.6,0
4474,YouTube,Horreur,2016,7,27,USA,90515,402279,26601,9221,82.8,6.8,1
4475,YouTube,Thriller,2015,8,13,Canada,10842,895,52,17,72.3,6.0,0
4476,YouTube,Biopic,2018,10,22,USA,10712,54033,130,104,54.0,4.5,0
4477,YouTube,Thriller,2016,6,38,Canada,1054,38868,3544,427,50.8,7.8,0
4478,YouTube,Horreur,2017,5,18,France,26433,7385,492,23,40.5,7.2,0
4479,YouTube,Romance,2020,11,40,USA,2383,2123,326,22,43.4,7.0,0
4480,YouTube,SF,2020,12,19,Canada,138282,4838,860,95,66.7,6.4,0
4481,YouTube,Drame,2016,7,32,UK,5073,12461,1783,190,56.1,8.2,0
4482,YouTube,Horreur,2015,2,29,Allemagne,12192,3832,201,7,23.1,5.8,0
4483,YouTube,Action,2017,4,24,France,1669387,100,6,1,63.5,7.3,0
4484,YouTube,SF,2019,6,10,USA,11930,100,11,0,34.3,9.2,0
4485,YouTube,Thriller,2022,9,35,UK,9125,129634,3568,655,72.6,6.6,1
4486,YouTube,Romance,2018,9,59,France,71057,100,10,0,38.4,6.0,0
4487,YouTube,Drame,2017,10,39,Canada,619,4862,590,16,66.3,5.7,0
4488,YouTube,Animation,2019,1,45,USA,268771,1656,153,5,54.6,5.6,0
4489,YouTube,Thriller,2015,6,48,France,160794,4455,386,63,88.7,6.6,0
4490,YouTube,Comedie,2017,9,5,Canada,62874,172,5,5,70.3,9.0,0
4491,YouTube,Comedie,2015,12,48,UK,100,7163,324,197,53.5,7.1,0
4492,YouTube,Animation,2019,2,16,Allemagne,13110,4989,132,20,89.3,6.8,0
4493,YouTube,Drame,2018,11,40,Allemagne,1727,2965420,110124,99194,67.4,6.7,1
4494,YouTube,Thriller,2020,1,59,France,208608,4125,520,16,65.1,4.2,0
4495,YouTube,Animation,2020,3,53,UK,180795,86732,2794,1338,24.6,6.4,1
4496,YouTube,Thriller,2018,11,26,Espagne,47859,100,19,1,54.1,5.1,0
4497,YouTube,Thriller,2022,10,50,France,1985,38186,6680,42,43.1,8.8,0
4498,YouTube,Drame,2023,12,38,USA,437393,5248,629,28,81.4,5.2,0
4499,YouTube,Thriller,2015,8,10,Allemagne,13036,5850,105,55,72.9,4.5,0
4500,YouTube,Animation,2023,8,16,France,814835,6056,431,57,95.0,3.9,0
4501,YouTube,Romance,2016,7,57,Allemagne,37450,212319,20343,5927,48.0,5.3,1
4502,YouTube,Biopic,2017,7,55,USA,60694,5640,358,38,82.0,2.1,0
4503,YouTube,Documentaire,2019,7,53,Allemagne,8772,419,64,0,30.3,6.8,0
4504,YouTube,Action,2015,4,24,UK,367291,639,94,22,63.5,6.9,0
4505,YouTube,Thriller,2018,11,21,UK,74374,22990,2567,406,69.0,4.9,0
4506,YouTube,Drame,2016,5,48,Canada,394661,9123,1381,68,79.6,7.8,0
4507,YouTube,Romance,2019,8,4,France,31416,100,11,0,67.5,6.2,0
4508,YouTube,Drame,2022,9,54,UK,20048,10792,1103,22,26.1,6.3,0
4509,YouTube,Biopic,2023,7,37,Allemagne,72421,199,25,2,46.5,7.8,0
4510,YouTube,Drame,2016,8,39,Espagne,394384,8916,121,35,64.1,8.2,0
4511,YouTube,Romance,2019,1,27,Espagne,168294,397,22,2,87.8,5.0,0
4512,YouTube,Comedie,2019,4,58,UK,29040,1474,60,26,95.0,4.3,0
4513,YouTube,Biopic,2018,6,45,UK,536,763,93,26,56.9,5.9,0
4514,YouTube,Biopic,2020,5,6,USA,111387,132890,20836,730,78.0,8.8,1
4515,YouTube,Documentaire,2023,11,32,UK,1239,8140,620,23,71.8,5.3,0
4516,YouTube,Thriller,2018,11,51,UK,23623,69757,699,368,74.6,8.0,0
4517,YouTube,Action,2015,9,7,France,17473,4147562,1411744,98224,61.2,5.0,1
4518,YouTube,Documentaire,2023,5,45,France,1292,3350,343,36,82.9,6.3,0
4519,YouTube,SF,2023,1,16,UK,46397,127385,13708,1677,30.1,5.6,1
4520,YouTube,Biopic,2017,10,31,USA,1637425,518,112,7,75.3,7.1,0
4521,YouTube,Animation,2019,11,53,USA,11787,68678,17339,736,75.6,6.7,0
4522,YouTube,Romance,2022,6,31,France,101901,395,27,1,86.7,5.2,0
4523,YouTube,Biopic,2019,10,5,Canada,2449463,2846,574,84,72.8,5.8,0
4524,YouTube,Horreur,2019,12,4,Espagne,123651,11409,855,86,80.2,4.9,0
4525,YouTube,SF,2023,7,44,UK,6065,16908,188,14,68.5,6.8,0
4526,YouTube,Action,2022,3,56,Espagne,35384,123,15,1,69.9,5.0,0
4527,YouTube,Action,2019,1,19,Allemagne,57616,341,88,2,54.9,6.6,0
4528,YouTube,SF,2016,10,56,France,387560,13747,110,18,64.6,7.1,0
4529,YouTube,Romance,2018,7,28,France,249721,1188,43,11,68.3,7.5,0
4530,YouTube,Action,2021,2,6,France,100,100,21,3,58.0,7.5,0
4531,YouTube,Comedie,2017,1,33,France,3974,2496,476,35,42.4,7.0,0
4532,YouTube,Documentaire,2019,12,58,USA,19147,2214,95,22,82.7,4.9,0
4533,YouTube,Documentaire,2020,4,17,France,2891,4639,659,124,95.0,5.2,0
4534,YouTube,Action,2015,4,57,Allemagne,100,11193,1210,65,63.0,5.2,0
4535,YouTube,Romance,2020,8,40,UK,5160,9548,584,47,19.7,6.4,0
4536,YouTube,Action,2021,5,25,USA,21867,436,46,5,70.9,8.1,0
4537,YouTube,Documentaire,2016,11,42,Espagne,7703,1067,75,8,93.7,5.5,0
4538,YouTube,Horreur,2019,9,25,Espagne,2999,30317,2725,27,50.7,6.0,0
4539,YouTube,Horreur,2021,5,7,Canada,23930,766,37,13,52.0,8.3,0
4540,YouTube,Romance,2015,4,52,Canada,43746,1110,109,4,89.5,4.4,0
4541,YouTube,Animation,2020,11,24,Espagne,8628,100,16,2,38.7,8.8,0
4542,YouTube,Biopic,2017,8,35,UK,342315,2774,95,36,35.4,7.4,0
4543,YouTube,Animation,2018,12,45,Allemagne,24721,7066,296,54,46.5,5.4,0
4544,YouTube,SF,2020,5,7,France,3854,100,1,2,78.6,6.0,0
4545,YouTube,Documentaire,2015,1,44,USA,2323,205,13,2,56.8,9.0,0
4546,YouTube,Romance,2015,11,23,USA,14386,100,5,0,58.0,5.7,0
4547,YouTube,Horreur,2019,3,34,France,204197,21394,301,153,78.7,7.6,0
4548,YouTube,Romance,2023,11,29,France,4241,100,5,3,46.3,9.6,0
4549,YouTube,Horreur,2015,9,47,France,72530,2448,350,3,66.3,6.4,0
4550,YouTube,Action,2022,3,13,France,26611,17937,3457,73,54.6,6.5,0
4551,YouTube,Action,2015,10,9,France,1186437,4767,802,27,16.5,9.8,0
4552,YouTube,Action,2019,1,26,USA,48074,992,184,21,67.1,4.9,0
4553,YouTube,Romance,2018,5,9,Canada,5450,7088,338,32,76.8,6.5,0
4554,YouTube,Documentaire,2019,5,16,UK,96061,39832,2850,1534,18.1,7.1,0
4555,YouTube,Drame,2015,8,40,UK,102748,2277,568,20,52.6,4.2,0
4556,YouTube,Comedie,2021,7,49,France,9956,100,10,3,51.8,4.8,0
4557,YouTube,Horreur,2017,8,42,Canada,2147,52540,2613,8,93.7,5.6,0
4558,YouTube,Documentaire,2021,6,21,France,64348,8108,2124,46,34.4,7.1,0
4559,YouTube,Animation,2020,9,49,USA,25009,2744,132,8,87.8,5.8,0
4560,YouTube,SF,2019,2,26,USA,1060,100,19,1,41.6,6.4,0
4561,YouTube,SF,2017,9,13,Allemagne,36645,1414,191,8,75.5,7.7,0
4562,YouTube,Action,2020,1,46,Espagne,6161,334,51,1,67.5,7.4,0
4563,YouTube,Comedie,2023,2,32,Canada,1062,142,7,1,95.0,3.4,0
4564,YouTube,Horreur,2023,9,24,UK,10891,2119,149,36,81.4,6.8,0
4565,YouTube,Thriller,2023,2,40,USA,286598,780,31,24,40.8,7.3,0
4566,YouTube,Documentaire,2016,10,44,UK,246748,920,78,18,95.0,6.4,0
4567,YouTube,Documentaire,2020,2,15,France,146313,18940,1079,71,25.3,7.3,0
4568,YouTube,Thriller,2018,2,9,France,37739,5647,194,102,76.3,7.7,0
4569,YouTube,Drame,2023,12,32,Espagne,72518,863,36,11,72.9,7.0,0
4570,YouTube,Animation,2023,3,5,Espagne,26830,628,44,18,76.7,6.4,0
4571,YouTube,Action,2022,11,39,USA,2416,956,48,8,30.6,6.9,0
4572,YouTube,SF,2016,5,28,France,3601,1605,255,17,46.8,3.0,0
4573,YouTube,Horreur,2017,10,15,France,6539,12837,2152,19,92.0,8.6,0
4574,YouTube,Documentaire,2021,12,37,USA,363203,219,16,6,74.8,8.5,0
4575,YouTube,Documentaire,2021,2,24,France,189734,114244,7117,2194,51.5,8.4,1
4576,YouTube,Action,2018,4,25,UK,2540,12860,1365,107,61.8,6.7,0
4577,YouTube,Comedie,2016,7,15,France,24508,100,20,1,39.6,7.4,0
4578,YouTube,Drame,2016,11,41,France,9845,3689,405,46,92.6,6.7,0
4579,YouTube,Drame,2021,3,54,France,16151,40208,1990,672,62.5,7.0,0
4580,YouTube,Comedie,2019,3,38,Canada,7539,7877,409,23,49.4,8.6,0
4581,YouTube,Biopic,2019,5,16,USA,366364,1063,291,27,76.3,3.8,0
4582,YouTube,Comedie,2022,3,50,USA,21209,2558,125,7,16.3,7.2,0
4583,YouTube,Documentaire,2015,4,9,UK,33938,4655,170,37,69.9,5.2,0
4584,YouTube,Romance,2021,2,19,Canada,34493,20413,3996,238,55.7,4.8,0
4585,YouTube,Animation,2017,10,5,USA,2819,100,5,1,77.8,6.3,0
4586,YouTube,Drame,2023,10,51,UK,27367,656,62,0,61.3,4.6,0
4587,YouTube,Thriller,2023,2,5,France,184357,179233,24478,655,81.8,4.6,1
4588,YouTube,Animation,2019,7,34,UK,418897,3236,113,74,66.8,4.0,0
4589,YouTube,Drame,2017,8,13,USA,2218,135910,7876,1106,64.0,5.8,1
4590,YouTube,Animation,2017,8,15,Allemagne,1056,5199029,193610,20929,28.1,7.3,1
4591,YouTube,Action,2016,12,37,Espagne,24941,871,30,2,38.7,7.7,0
4592,YouTube,Action,2023,8,48,Canada,202475,149,7,1,55.3,9.5,0
4593,YouTube,Documentaire,2016,9,4,Allemagne,45215,1534,37,15,93.4,5.9,0
4594,YouTube,Animation,2019,1,12,France,85870,46512,9065,262,35.1,7.7,0
4595,YouTube,Action,2019,1,19,UK,1450,65988,6575,38,74.5,6.8,0
4596,YouTube,Horreur,2021,8,56,France,7016,873220,90694,3175,76.2,6.7,1
4597,YouTube,Action,2022,11,6,France,272,2718,252,8,61.5,7.1,0
4598,YouTube,Biopic,2020,5,13,USA,16564,10098,2009,1,70.1,7.7,0
4599,YouTube,Documentaire,2021,8,26,UK,290,502,7,3,58.5,7.2,0
4600,YouTube,Biopic,2020,3,21,UK,316577,100,2,1,69.8,5.9,0
4601,YouTube,Biopic,2018,6,5,Allemagne,493680,2699,271,24,91.3,7.4,0
4602,YouTube,Thriller,2016,10,33,USA,29181,166,11,0,38.5,5.6,0
4603,YouTube,Documentaire,2016,8,37,Allemagne,1069,14889,1597,107,78.5,7.4,0
4604,YouTube,Drame,2018,2,13,Allemagne,46696,100,7,1,69.8,6.7,0
4605,YouTube,SF,2015,11,42,Canada,907333,469,50,3,60.6,3.7,0
4606,YouTube,Drame,2017,12,6,France,57037,5820,537,39,78.3,6.3,0
4607,YouTube,SF,2019,6,44,USA,235618,7562,616,0,54.5,7.9,0
4608,YouTube,Horreur,2019,5,17,UK,8347,2647,47,12,62.2,6.3,0
4609,YouTube,SF,2022,7,15,Espagne,3856,317541,41912,824,70.7,6.8,1
4610,YouTube,Action,2023,10,14,France,19115,150792,15055,2550,55.7,5.8,1
4611,YouTube,Thriller,2021,6,52,USA,467,538,29,8,92.6,6.1,0
4612,YouTube,Documentaire,2015,1,31,USA,2039422,166628,15831,3621,51.7,7.9,1
4613,YouTube,Romance,2018,1,42,France,29123,244141,8047,8701,59.8,5.9,1
4614,YouTube,Romance,2021,10,14,Canada,124685,2186,121,16,31.4,4.8,0
4615,YouTube,SF,2020,10,6,France,8751,3339,342,6,57.3,3.2,0
4616,YouTube,Drame,2019,10,5,USA,1006,2625,356,3,65.6,5.4,0
4617,YouTube,Romance,2018,2,28,UK,381409,594,139,1,54.1,4.9,0
4618,YouTube,Animation,2018,3,21,USA,2325,761,91,3,67.0,4.3,0
4619,YouTube,Horreur,2020,5,46,France,44252,80684,4105,570,81.7,4.9,1
4620,YouTube,Animation,2016,3,47,UK,53432,8896,577,1,76.9,5.0,0
4621,YouTube,Biopic,2019,5,20,USA,25537,745,73,3,75.9,4.9,0
4622,YouTube,Horreur,2016,7,27,Espagne,4586,294,15,0,67.2,8.6,0
4623,YouTube,Action,2021,4,24,UK,16329,447,34,3,72.4,4.0,0
4624,YouTube,Thriller,2022,2,41,Espagne,3294,1979,33,1,72.7,7.4,0
4625,YouTube,Thriller,2019,5,38,France,111118,29229,568,936,44.9,7.3,0
4626,YouTube,Action,2018,9,40,Canada,69085,347,26,0,59.5,7.4,0
4627,YouTube,Comedie,2023,8,6,USA,21103,28403,1118,249,59.1,6.4,0
4628,YouTube,Documentaire,2020,4,22,UK,7067,4877,461,27,58.5,8.4,0
4629,YouTube,Thriller,2018,4,58,USA,1490520,4260,296,1,29.8,6.5,0
4630,YouTube,Comedie,2015,8,22,France,1629,38734,3617,268,81.0,6.2,0
4631,YouTube,Drame,2015,3,12,France,1003,24548,1339,523,65.9,8.2,0
4632,YouTube,Drame,2016,11,14,Canada,18694,100,8,1,79.9,6.2,0
4633,YouTube,Comedie,2017,11,4,Canada,13146,198,29,2,68.0,4.1,0
4634,YouTube,Comedie,2021,1,47,France,197830,1679,186,18,94.5,7.3,0
4635,YouTube,Documentaire,2019,12,3,UK,80196,7258,8,162,58.9,8.1,0
4636,YouTube,Horreur,2023,1,36,UK,23366,90349,2104,180,53.1,6.9,1
4637,YouTube,SF,2019,6,25,USA,59914,3507,575,40,67.2,6.0,0
4638,YouTube,Animation,2023,9,8,USA,57776,210921,32806,10286,76.1,6.9,1
4639,YouTube,Biopic,2019,4,53,Allemagne,1479350,509,31,10,21.3,7.5,0
4640,YouTube,Horreur,2018,3,45,UK,36560,777,115,7,82.4,5.0,0
4641,YouTube,Action,2021,1,49,UK,5641,1388,78,11,80.8,3.4,0
4642,YouTube,Biopic,2019,9,56,UK,32761,386,18,0,45.6,6.3,0
4643,YouTube,Action,2017,1,54,UK,117,54095,527,588,66.8,8.1,0
4644,YouTube,Action,2019,6,42,France,20634,100,17,1,69.1,4.8,0
4645,YouTube,SF,2020,5,33,Allemagne,196018,846,45,3,81.8,4.6,0
4646,YouTube,Documentaire,2018,12,42,France,73450,52602,1443,295,74.3,6.8,0
4647,YouTube,Action,2021,12,28,Canada,40019,1365,59,40,52.7,6.2,0
4648,YouTube,Drame,2023,10,13,Allemagne,80698,43574,722,135,42.7,5.5,0
4649,YouTube,Drame,2018,9,24,UK,200088,725205,31143,9251,48.5,8.2,1
4650,YouTube,Thriller,2017,7,29,USA,380966,3644,397,58,79.8,5.5,0
4651,YouTube,Biopic,2018,5,5,France,53901,55400,4861,570,70.8,7.0,0
4652,YouTube,Thriller,2022,2,51,USA,11705,1261540,78584,41870,91.4,7.8,1
4653,YouTube,Drame,2016,12,54,UK,215,8145,930,12,60.4,6.2,0
4654,YouTube,Comedie,2023,5,26,France,155802,2643,338,56,72.9,7.8,0
4655,YouTube,Comedie,2018,6,31,France,61722,28457,3159,258,55.5,7.5,0
4656,YouTube,Comedie,2022,2,50,Espagne,29891,57557,10395,421,68.5,6.8,0
4657,YouTube,Romance,2022,4,28,USA,5563,2705,86,32,34.8,5.9,0
4658,YouTube,SF,2022,8,42,USA,151797,889,23,32,82.5,8.6,0
4659,YouTube,SF,2023,6,32,France,13167,218270,8330,968,68.7,7.9,1
4660,YouTube,Horreur,2016,8,18,UK,20561,1515,74,16,79.7,7.6,0
4661,YouTube,Romance,2020,3,48,USA,19693,58942,7124,768,66.8,6.6,0
4662,YouTube,Comedie,2015,1,13,Canada,54160,5751,572,24,32.5,5.7,0
4663,YouTube,Thriller,2017,11,15,USA,2214,287050,30321,4994,63.5,3.6,1
4664,YouTube,Thriller,2015,6,42,France,67853,356,10,8,47.9,7.3,0
4665,YouTube,Horreur,2021,5,43,USA,5209,355,5,3,92.3,6.0,0
4666,YouTube,Thriller,2020,4,57,France,5588,25240,2635,307,88.6,6.8,0
4667,YouTube,Comedie,2021,8,43,Canada,129376,176,13,2,72.1,10.0,0
4668,YouTube,Documentaire,2016,7,4,France,3010,3990,166,48,28.2,8.4,0
4669,YouTube,SF,2017,5,51,France,128911,143060,9927,411,55.3,7.2,1
4670,YouTube,Action,2021,12,26,USA,26976,100,4,0,20.3,6.3,0
4671,YouTube,Animation,2022,11,3,France,815,8146,127,87,72.3,7.7,0
4672,YouTube,Drame,2022,3,36,USA,337375,61658,2267,72,29.0,7.9,0
4673,YouTube,Horreur,2015,8,12,USA,40966,2794,221,19,32.8,5.9,0
4674,YouTube,Horreur,2018,12,26,Espagne,48448,293,19,0,48.9,6.1,0
4675,YouTube,Thriller,2015,6,29,France,165129,1546,142,10,88.6,6.9,0
4676,YouTube,Romance,2022,1,7,USA,441724,366,17,6,55.4,5.4,0
4677,YouTube,Romance,2016,2,51,UK,32927,3543,200,10,26.2,5.5,0
4678,YouTube,Animation,2022,9,32,France,75703,1492,81,6,66.8,4.8,0
4679,YouTube,Action,2016,11,58,UK,46275,826,98,1,93.1,9.1,0
4680,YouTube,Thriller,2015,2,29,Allemagne,11095,9560,1442,64,71.1,4.5,0
4681,YouTube,Comedie,2022,7,36,Canada,928,154475,2906,3970,84.2,4.5,1
4682,YouTube,Animation,2018,6,49,Espagne,33855,6765,399,56,95.0,3.1,0
4683,YouTube,Action,2018,4,15,UK,347276,85747,9174,232,83.8,7.4,1
4684,YouTube,Romance,2020,8,54,USA,70732,154362,21624,704,87.6,5.1,1
4685,YouTube,Documentaire,2017,11,13,Allemagne,2604,687,80,19,72.8,7.6,0
4686,YouTube,Biopic,2021,3,59,France,197806,5926,212,168,46.0,6.4,0
4687,YouTube,Drame,2018,1,39,USA,11861,1030,32,8,82.5,8.4,0
4688,YouTube,Action,2017,5,32,Canada,335,100,11,1,81.3,5.2,0
4689,YouTube,Documentaire,2018,4,14,Allemagne,168688,7254,833,84,68.5,6.6,0
4690,YouTube,Action,2015,9,35,Allemagne,3325,214,17,0,88.5,8.2,0
4691,YouTube,Action,2017,7,34,France,775650,10004,698,113,95.0,8.3,0
4692,YouTube,Biopic,2020,1,59,UK,218719,100,15,1,64.2,8.1,0
4693,YouTube,Horreur,2016,5,50,France,13966,4570,554,0,66.7,7.3,0
4694,YouTube,Documentaire,2016,9,30,Canada,55200,100,15,0,41.2,6.5,0
4695,YouTube,Horreur,2020,6,25,UK,2807590,16069,2397,90,78.7,7.4,0
4696,YouTube,Action,2018,7,25,France,162757,1114,119,1,63.4,4.5,0
4697,YouTube,Action,2016,4,24,Canada,35468,876,82,0,85.7,5.9,0
4698,YouTube,Thriller,2021,4,3,USA,7119214,49824,5343,450,78.0,8.6,0
4699,YouTube,Action,2021,2,5,USA,27865,1334,61,3,67.7,7.9,0
4700,YouTube,Horreur,2015,1,45,Espagne,70518,3932,577,130,91.7,4.7,0
4701,YouTube,Action,2016,1,17,UK,3386,1814,220,4,91.5,7.0,0
4702,YouTube,Romance,2018,8,26,USA,773,10598,379,126,89.0,5.1,0
4703,YouTube,Horreur,2021,2,42,France,12386,40431,2122,323,73.9,6.1,0
4704,YouTube,Documentaire,2015,7,37,France,23785,24078,1873,262,31.0,8.7,0
4705,YouTube,Drame,2022,12,23,France,42553,928,87,2,91.6,3.8,0
4706,YouTube,SF,2017,9,45,USA,1287,61243,3063,749,83.1,4.6,0
4707,YouTube,Romance,2016,7,12,USA,82565,301,63,1,73.5,6.7,0
4708,YouTube,Documentaire,2022,2,29,USA,4184,465,80,2,85.4,7.2,0
4709,YouTube,SF,2015,6,9,UK,74419,2165,95,13,51.4,6.0,0
4710,YouTube,Drame,2016,11,33,France,142893,40823,4972,527,54.0,8.2,0
4711,YouTube,Documentaire,2023,5,8,UK,9986,159,21,2,69.4,6.2,0
4712,YouTube,Horreur,2019,10,56,Allemagne,3204,27686,3013,163,75.2,6.9,0
4713,YouTube,SF,2019,9,40,France,482771,2599,117,7,87.5,6.6,0
4714,YouTube,Action,2021,4,16,UK,126225,1007,180,6,61.2,6.1,0
4715,YouTube,Romance,2020,2,37,France,29850,46375,6270,195,60.0,7.6,0
4716,YouTube,Horreur,2020,1,22,USA,415341,400,12,7,81.0,5.3,0
4717,YouTube,Biopic,2015,4,32,UK,26017,903643,47137,4934,23.7,8.4,1
4718,YouTube,SF,2019,4,12,France,6367,1916,132,25,60.1,7.9,0
4719,YouTube,Comedie,2017,8,31,USA,2970,4335,517,11,65.5,8.0,0
4720,YouTube,Romance,2022,7,9,Allemagne,17754,141105,5221,110,72.9,9.9,1
4721,YouTube,Horreur,2019,6,11,France,103098,4627,85,165,72.8,7.1,0
4722,YouTube,Biopic,2016,9,36,UK,354874,58230,2699,784,75.4,6.7,0
4723,YouTube,Action,2022,10,31,UK,23086,100,19,0,53.7,7.2,0
4724,YouTube,Drame,2017,9,19,France,249259,985,51,3,33.6,5.9,0
4725,YouTube,SF,2017,11,6,UK,14349,8037,527,64,50.9,6.4,0
4726,YouTube,Action,2023,5,27,USA,4613,44513,3233,509,82.7,5.3,0
4727,YouTube,Horreur,2021,10,55,France,1615,20419,670,180,68.0,8.5,0
4728,YouTube,Comedie,2022,6,43,Espagne,8002,16156,3328,112,86.5,5.0,0
4729,YouTube,Animation,2020,3,6,USA,1741,42304,8545,60,77.8,5.3,0
4730,YouTube,Biopic,2023,2,56,UK,1225700,9774,228,350,62.5,6.2,0
4731,YouTube,Animation,2016,2,27,France,53028,100,2,3,66.9,4.8,0
4732,YouTube,Documentaire,2020,12,35,France,18192,109700,547,98,68.0,5.5,1
4733,YouTube,Drame,2017,3,3,UK,689694,367,26,4,40.3,6.0,0
4734,YouTube,Horreur,2018,11,20,UK,1628,6529,784,83,72.3,7.7,0
4735,YouTube,SF,2017,10,47,France,16742,4686,510,4,81.7,4.3,0
4736,YouTube,Action,2016,6,21,UK,1201819,3355,645,99,68.3,5.7,0
4737,YouTube,Thriller,2018,11,12,USA,16513,187,39,0,84.8,7.0,0
4738,YouTube,Thriller,2023,11,8,USA,2939139,100,11,1,18.0,7.3,0
4739,YouTube,Romance,2020,12,55,Canada,106001,243,13,0,86.2,10.0,0
4740,YouTube,Drame,2018,6,49,UK,300094,23519,1758,259,63.1,8.7,0
4741,YouTube,SF,2018,4,5,USA,317994,100,4,1,60.3,9.0,0
4742,YouTube,SF,2019,1,55,Canada,22097,330,16,1,42.5,4.2,0
4743,YouTube,Thriller,2017,11,49,USA,8296,8477,868,25,71.3,7.0,0
4744,YouTube,Animation,2019,11,23,Espagne,17485,228,31,0,88.2,7.4,0
4745,YouTube,Thriller,2021,7,40,Canada,3059,766,48,7,77.7,4.7,0
4746,YouTube,Documentaire,2017,1,17,USA,19304,3657,517,59,69.1,6.1,0
4747,YouTube,Drame,2020,10,17,USA,21833,6042,134,5,85.0,7.7,0
4748,YouTube,Horreur,2021,4,43,Espagne,645945,217,12,1,62.0,7.8,0
4749,YouTube,Thriller,2019,7,14,Allemagne,72153,4240,286,46,80.8,8.4,0
4750,YouTube,Action,2017,8,23,France,2483638,8079,472,36,69.3,6.7,0
4751,YouTube,Comedie,2019,2,23,France,293,123,6,0,79.8,5.7,0
4752,YouTube,Horreur,2022,1,11,USA,1931,5100,445,14,66.7,7.4,0
4753,YouTube,Horreur,2016,1,50,Allemagne,10821,496,54,12,74.7,6.8,0
4754,YouTube,Drame,2020,12,41,Allemagne,435821,4063,342,32,68.9,7.2,0
4755,YouTube,Animation,2021,12,52,Canada,17691,18173,2945,73,76.2,3.7,0
4756,YouTube,Romance,2017,6,32,France,1169,1918,101,9,88.1,6.5,0
4757,YouTube,Comedie,2018,6,12,Allemagne,13490,29247,4499,674,82.8,7.1,0
4758,YouTube,SF,2022,5,18,France,2007,21526,2008,87,68.3,6.5,0
4759,YouTube,Animation,2018,5,23,USA,1356,28841,872,120,44.1,6.3,0
4760,YouTube,Biopic,2020,7,56,USA,1199788,8166,1005,35,72.6,6.3,0
4761,YouTube,Horreur,2016,5,16,USA,10902,46719,7337,1075,34.7,5.2,0
4762,YouTube,Action,2023,8,42,USA,31141,7806,463,13,40.4,7.8,0
4763,YouTube,Drame,2020,5,9,France,18289,100,17,1,90.7,6.1,0
4764,YouTube,SF,2021,8,57,France,13319,411,63,0,76.2,2.7,0
4765,YouTube,Comedie,2020,12,39,Canada,4099,1757,246,36,73.9,5.6,0
4766,YouTube,Romance,2018,3,27,France,11833,2396,360,3,74.4,5.4,0
4767,YouTube,Action,2018,1,22,USA,43237,7290,924,3,30.2,6.0,0
4768,YouTube,Comedie,2021,7,23,France,375972,396,51,6,70.0,5.5,0
4769,YouTube,Action,2022,2,15,USA,146513,452151,103688,1738,51.1,6.3,1
4770,YouTube,Drame,2016,3,37,France,1923,2307,600,7,50.6,6.8,0
4771,YouTube,Documentaire,2022,10,52,UK,159064,2924,516,38,48.3,5.3,0
4772,YouTube,Comedie,2022,6,16,USA,57003,557,59,9,93.3,6.6,0
4773,YouTube,Biopic,2015,7,45,France,6314,242,44,6,73.5,7.5,0
4774,YouTube,Drame,2015,10,35,Canada,31703,2173,60,18,33.9,6.0,0
4775,YouTube,Action,2021,2,47,France,69187,3193,113,6,64.1,7.5,0
4776,YouTube,Thriller,2022,6,46,Canada,24199,2398,147,30,73.1,8.5,0
4777,YouTube,Documentaire,2018,1,5,France,57554,186817,5922,261,81.2,5.1,1
4778,YouTube,Comedie,2020,6,4,Allemagne,3920,2173,161,0,37.9,6.9,0
4779,YouTube,Action,2023,3,55,France,1185486,2404,293,0,71.3,9.6,0
4780,YouTube,Horreur,2017,11,11,USA,464,22885,98,51,82.6,6.9,0
4781,YouTube,Romance,2017,4,35,UK,69961,1943,172,9,32.0,5.3,0
4782,YouTube,Thriller,2023,3,45,USA,45868,11479,1892,226,64.1,7.2,0
4783,YouTube,Documentaire,2017,1,31,Canada,79688,121,9,0,66.5,6.2,0
4784,YouTube,Horreur,2019,2,3,France,5341,124,11,2,53.6,4.6,0
4785,YouTube,Thriller,2018,3,3,USA,228295,4044,790,62,30.3,6.2,0
4786,YouTube,Romance,2019,3,41,Allemagne,17748,1670,147,7,69.5,4.8,0
4787,YouTube,Action,2017,9,54,Allemagne,2054,394,13,5,88.7,4.0,0
4788,YouTube,Thriller,2021,11,22,USA,2466,4042,883,136,66.9,7.8,0
4789,YouTube,Romance,2021,11,34,USA,28265,5027,535,210,89.3,3.0,0
4790,YouTube,Comedie,2016,12,56,Canada,904,505,13,5,53.7,8.6,0
4791,YouTube,Biopic,2019,11,50,Canada,806945,814,58,13,66.7,7.4,0
4792,YouTube,Biopic,2015,6,33,Allemagne,179484,5123,150,50,39.4,8.7,0
4793,YouTube,Drame,2016,5,40,Canada,850592,232,3,3,86.4,9.0,0
4794,YouTube,Thriller,2023,8,57,USA,688896,658,55,2,83.2,8.2,0
4795,YouTube,Comedie,2019,4,48,UK,10896,11325,523,282,69.4,5.9,0
4796,YouTube,Romance,2020,8,26,USA,3871,2808,554,51,61.0,5.6,0
4797,YouTube,Comedie,2022,12,42,France,104,904,87,7,78.3,6.7,0
4798,YouTube,Thriller,2021,3,21,Canada,9774,311,19,1,59.2,8.0,0
4799,YouTube,Romance,2022,10,55,UK,752612,236,36,0,38.6,9.3,0
4800,YouTube,Animation,2021,12,8,France,4206,2144,45,11,93.6,5.0,0
4801,YouTube,Romance,2019,7,15,UK,14474,471904,28516,7717,53.3,7.7,1
4802,YouTube,Drame,2020,5,22,France,7265,12264,1670,14,72.4,6.6,0
4803,YouTube,Documentaire,2017,4,14,France,46629,106,9,1,52.6,6.6,0
4804,YouTube,Animation,2023,3,36,UK,288418,17466,3301,57,55.9,7.5,0
4805,YouTube,Documentaire,2016,4,43,UK,1013,447,81,1,60.8,2.6,0
4806,YouTube,SF,2022,9,53,USA,1486,2944,91,3,74.5,6.5,0
4807,YouTube,Horreur,2022,7,31,France,430731,683,30,7,71.9,4.6,0
4808,YouTube,Thriller,2016,3,38,USA,95428,468310,31202,2754,56.4,7.6,1
4809,YouTube,Horreur,2021,7,37,France,13111,174,66,0,63.8,7.0,0
4810,YouTube,Drame,2023,10,3,Allemagne,669419,6529,311,29,72.8,9.0,0
4811,YouTube,Drame,2020,1,43,France,1436,537,12,12,37.2,8.7,0
4812,YouTube,Romance,2018,1,4,Allemagne,141836,18902,2413,55,64.5,5.6,0
4813,YouTube,Romance,2022,12,34,France,19216,6208,681,16,50.3,6.9,0
4814,YouTube,Documentaire,2019,9,59,France,74093,68622,3161,2557,75.8,8.9,0
4815,YouTube,Drame,2016,7,47,USA,185,17949,276,613,81.9,7.2,0
4816,YouTube,Horreur,2017,11,31,Canada,13076,526,23,1,67.1,7.6,0
4817,YouTube,Thriller,2021,8,21,Espagne,96143,4371017,268463,38886,40.3,9.0,1
4818,YouTube,Romance,2019,7,50,USA,19406,11950,3814,304,64.3,8.7,0
4819,YouTube,Biopic,2016,3,51,USA,271195,752,29,3,93.4,6.8,0
4820,YouTube,Romance,2022,10,23,France,253624,4983,191,86,41.2,8.2,0
4821,YouTube,Animation,2016,10,9,USA,3238,14430,1183,81,83.0,7.9,0
4822,YouTube,Biopic,2016,4,36,USA,114460,13121,1070,185,60.3,9.1,0
4823,YouTube,Biopic,2019,9,39,Allemagne,3025,10301,1759,68,32.5,6.7,0
4824,YouTube,SF,2015,9,56,USA,24539,33396,3186,77,92.0,8.5,0
4825,YouTube,SF,2018,2,53,Canada,81818,26119,1975,123,77.8,6.0,0
4826,YouTube,Comedie,2023,2,16,Canada,4144,358,19,3,10.8,7.3,0
4827,YouTube,Romance,2023,8,17,France,106282,579624,66319,4711,90.3,7.9,1
4828,YouTube,Biopic,2022,8,59,USA,8016,409306,15297,415,77.7,7.6,1
4829,YouTube,SF,2017,8,21,Allemagne,6895,22079,372,51,74.2,7.1,0
4830,YouTube,Thriller,2015,5,29,USA,90517,3283,63,62,81.9,6.6,0
4831,YouTube,Comedie,2022,11,20,USA,4138,3427,390,42,79.0,7.7,0
4832,YouTube,Thriller,2018,6,25,Allemagne,3738,1326,155,14,63.5,7.4,0
4833,YouTube,Drame,2021,3,35,France,176718,1833,159,1,80.1,6.8,0
4834,YouTube,Biopic,2016,2,19,Allemagne,27367,100,10,1,57.2,7.6,0
4835,YouTube,Romance,2021,11,26,USA,1202,136715,6504,1121,63.7,4.4,1
4836,YouTube,Comedie,2020,9,23,USA,121939,56592,3483,729,74.8,7.2,0
4837,YouTube,Action,2023,6,9,USA,9767,100,2,1,63.9,4.0,0
4838,YouTube,Horreur,2015,3,47,USA,1331,27583,7889,111,85.1,5.3,0
4839,YouTube,Biopic,2018,2,53,France,146,2924,185,36,57.2,7.1,0
4840,YouTube,Documentaire,2023,2,31,France,134165,1812,466,10,84.4,6.5,0
4841,YouTube,Comedie,2018,2,14,USA,3944,10220,867,33,69.4,4.1,0
4842,YouTube,Action,2020,7,39,USA,1830,100,7,1,92.4,3.8,0
4843,YouTube,Comedie,2016,3,33,UK,79126,2898,117,50,80.1,6.1,0
4844,YouTube,Documentaire,2021,2,34,France,110368,3636,60,17,52.5,3.8,0
4845,YouTube,Documentaire,2017,4,36,France,4563,3645,18,11,48.1,4.5,0
4846,YouTube,Horreur,2020,9,43,France,136664,100,6,0,83.4,5.7,0
4847,YouTube,Action,2022,6,5,USA,1342153,9111,792,165,70.2,7.8,0
4848,YouTube,Comedie,2020,2,8,France,325567,42173,3998,108,56.6,4.8,0
4849,YouTube,Biopic,2019,9,8,France,238497,8252,784,54,49.9,3.3,0
4850,YouTube,Biopic,2016,6,11,USA,41285,1680,272,1,75.7,8.5,0
4851,YouTube,Documentaire,2018,3,58,UK,9068,2477106,149281,14487,66.7,7.8,1
4852,YouTube,Comedie,2022,9,44,UK,19697,295,26,2,84.3,7.0,0
4853,YouTube,Action,2016,12,40,France,53182,20611,1764,11,55.2,6.4,0
4854,YouTube,Action,2020,7,42,Allemagne,1781,5476,725,15,62.9,9.6,0
4855,YouTube,Animation,2019,2,4,UK,4727,456243,99591,10021,36.2,7.0,1
4856,YouTube,Horreur,2017,4,15,UK,1267,7839,104,38,61.9,6.6,0
4857,YouTube,Animation,2021,8,48,France,35255,13398,478,381,66.3,6.2,0
4858,YouTube,Drame,2018,12,29,France,26006,10554,257,102,68.3,7.2,0
4859,YouTube,Documentaire,2017,12,31,USA,5970,211,21,0,61.9,5.4,0
4860,YouTube,Action,2019,12,45,France,113663,339,17,1,95.0,8.2,0
4861,YouTube,Horreur,2021,10,7,UK,2726,1496,117,8,72.2,8.5,0
4862,YouTube,Horreur,2022,7,48,USA,5543,32645,1442,354,90.6,8.4,0
4863,YouTube,Documentaire,2020,8,41,France,104930,5338,1280,129,63.5,6.4,0
4864,YouTube,Horreur,2020,9,26,France,141157,1777,303,1,93.8,7.1,0
4865,YouTube,Romance,2022,9,31,France,4485,92087,10329,426,67.2,4.5,1
4866,YouTube,SF,2017,8,7,USA,35034,100,11,1,62.7,4.6,0
4867,YouTube,Thriller,2017,2,14,France,4639,116,8,1,78.4,7.7,0
4868,YouTube,Biopic,2019,11,17,USA,14843,100,13,1,65.9,7.9,0
4869,YouTube,Animation,2020,1,53,France,29368,61131,8121,188,90.1,3.9,0
4870,YouTube,Comedie,2020,6,9,USA,67557,2340,405,14,33.7,4.6,0
4871,YouTube,Biopic,2016,6,19,Espagne,41569,33380,645,737,83.5,5.1,0
4872,YouTube,Action,2022,12,10,Allemagne,38037,2268,167,12,94.5,7.0,0
4873,YouTube,Romance,2018,2,19,USA,2547,38482,2367,283,95.0,5.9,0
4874,YouTube,Comedie,2022,6,3,USA,47884,2171,104,4,71.2,4.8,0
4875,YouTube,Animation,2021,5,18,UK,66312,8306,96,221,92.7,6.0,0
4876,YouTube,SF,2023,2,44,Allemagne,87366,5760,942,16,88.4,6.0,0
4877,YouTube,SF,2020,3,46,USA,5223,6934,187,65,18.7,7.9,0
4878,YouTube,Animation,2019,6,24,France,137471,201157,11331,7330,77.2,6.1,1
4879,YouTube,Documentaire,2016,11,43,Canada,1580,100,10,1,41.5,8.7,0
4880,YouTube,Thriller,2018,5,38,France,9305,2512,244,91,88.2,3.4,0
4881,YouTube,Biopic,2022,11,54,Canada,12694,4890,455,79,76.9,7.2,0
4882,YouTube,SF,2018,9,48,France,1763,3363,118,61,45.3,9.6,0
4883,YouTube,Comedie,2015,10,16,France,12315,1102,66,5,70.8,6.3,0
4884,YouTube,Action,2017,11,36,Canada,34302,783,143,5,63.7,6.1,0
4885,YouTube,Drame,2020,9,47,UK,571,136630,7596,2378,62.9,5.5,1
4886,YouTube,Animation,2020,9,20,USA,10002,2497,166,18,68.1,4.3,0
4887,YouTube,Romance,2023,2,35,Canada,667,1322277,140617,14738,53.2,8.1,1
4888,YouTube,Thriller,2023,9,25,Allemagne,1306781,11166,749,129,71.3,5.3,0
4889,YouTube,SF,2019,1,20,USA,33690,1444,52,35,71.1,7.9,0
4890,YouTube,Horreur,2019,9,14,Espagne,28329,11869,439,58,75.1,7.1,0
4891,YouTube,Romance,2022,8,5,USA,35036,3914,205,7,73.4,7.5,0
4892,YouTube,Action,2015,10,45,France,73794,85391,6059,1073,48.0,5.1,1
4893,YouTube,Action,2020,8,49,Canada,155797,160,27,0,47.2,7.0,0
4894,YouTube,SF,2019,5,40,USA,965,100,10,0,85.4,6.5,0
4895,YouTube,SF,2022,5,16,Allemagne,302656,7349,653,86,90.1,6.8,0
4896,YouTube,Horreur,2022,8,4,France,266106,24082,1175,578,47.9,2.7,0
4897,YouTube,Romance,2020,6,39,France,19289,6092,788,81,78.0,7.3,0
4898,YouTube,Documentaire,2020,5,14,France,17370,16013,2443,161,39.7,9.8,0
4899,YouTube,Romance,2021,6,34,UK,100,11087,1288,99,74.6,4.6,0
4900,YouTube,Thriller,2020,7,58,Canada,1829,100,3,7,63.7,7.9,0
4901,YouTube,Animation,2017,3,3,USA,62174,6021,716,13,79.6,6.1,0
4902,YouTube,Animation,2017,8,35,France,243101,80173,4340,70,75.9,4.9,1
4903,YouTube,Documentaire,2021,4,59,USA,94624,4579,242,50,65.6,5.4,0
4904,YouTube,Comedie,2020,4,22,USA,18931,112,3,1,56.0,8.7,0
4905,YouTube,Animation,2017,6,49,UK,1036899,1293,26,37,80.7,6.9,0
4906,YouTube,Drame,2022,2,50,UK,164448,11990,1099,342,71.7,6.3,0
4907,YouTube,Documentaire,2023,8,30,France,10020,265421,8562,1613,47.4,4.1,1
4908,YouTube,Documentaire,2020,9,20,USA,1731019,100,3,0,39.3,7.3,0
4909,YouTube,Animation,2017,12,41,UK,2459,7354,660,50,95.0,8.1,0
4910,YouTube,Biopic,2023,4,38,France,1160,289,11,3,77.4,7.0,0
4911,YouTube,Romance,2017,7,30,USA,9488,10607,595,143,48.1,4.8,0
4912,YouTube,Action,2018,7,13,UK,4830,12959,589,341,49.4,7.3,0
4913,YouTube,Animation,2022,9,45,USA,10616,1664,145,2,34.2,9.3,0
4914,YouTube,Documentaire,2019,8,15,France,108681,14457,1306,1,58.1,6.3,0
4915,YouTube,Comedie,2017,10,10,France,20579,51520,8000,429,72.5,8.1,0
4916,YouTube,Comedie,2015,11,6,Canada,21663,1975,43,17,63.9,6.2,0
4917,YouTube,Drame,2018,2,28,France,24775,105,8,1,35.5,6.2,0
4918,YouTube,Horreur,2021,5,9,Canada,216,105232,18560,1191,83.8,6.8,1
4919,YouTube,Romance,2021,8,22,USA,1063,23664,1531,304,19.0,6.0,0
4920,YouTube,Biopic,2017,7,16,USA,10192,12202,1489,103,91.2,5.8,0
4921,YouTube,Horreur,2016,6,29,Canada,4081,529,30,11,55.7,6.5,0
4922,YouTube,Romance,2021,3,47,USA,13855,35017,2467,12,80.8,7.9,0
4923,YouTube,Animation,2016,7,28,France,365220,491916,7356,1339,67.2,6.6,1
4924,YouTube,Thriller,2015,9,34,France,18979,2201,181,12,56.4,6.4,0
4925,YouTube,Action,2019,1,11,UK,1565,3775,79,54,54.3,6.8,0
4926,YouTube,Thriller,2020,8,9,USA,4508,207,49,2,49.6,8.9,0
4927,YouTube,Romance,2017,11,58,Canada,674112,493,11,4,95.0,5.0,0
4928,YouTube,Comedie,2016,7,38,USA,472119,203,21,4,45.0,7.5,0
4929,YouTube,Drame,2017,12,3,USA,72529,4134,516,4,94.8,7.8,0
4930,YouTube,Action,2018,5,35,France,967,1271,1,1,27.1,6.3,0
4931,YouTube,Documentaire,2015,1,3,France,40684,7570,1899,135,25.6,8.3,0
4932,YouTube,Horreur,2015,9,7,Canada,47448,320,39,0,74.9,7.9,0
4933,YouTube,Horreur,2018,3,24,France,23180,1960,223,58,75.5,7.8,0
4934,YouTube,Thriller,2015,1,40,Allemagne,7044,274,14,5,41.5,4.6,0
4935,YouTube,Romance,2017,3,38,France,10665,4764,697,4,73.0,5.7,0
4936,YouTube,Biopic,2020,12,48,USA,6127,100,9,0,73.8,5.5,0
4937,YouTube,Romance,2015,10,13,France,2230,4354,206,33,88.7,7.6,0
4938,YouTube,Drame,2020,4,13,Canada,338397,1485,132,10,75.0,7.9,0
4939,YouTube,Thriller,2020,8,33,France,128621,4686,380,42,86.1,6.1,0
4940,YouTube,Documentaire,2020,5,52,USA,12458,100,4,0,91.8,6.1,0
4941,YouTube,SF,2020,3,44,Allemagne,44549,15318,328,275,80.4,9.8,0
4942,YouTube,Horreur,2022,12,41,UK,48021,1412,58,3,75.4,6.8,0
4943,YouTube,Horreur,2015,10,8,France,2387523,5129,310,33,60.5,7.2,0
4944,YouTube,Action,2016,5,53,Canada,126138,100,2,1,46.9,6.1,0
4945,YouTube,Documentaire,2017,5,59,USA,116954,133,12,0,85.0,8.5,0
4946,YouTube,Thriller,2021,10,36,France,23764,1123,79,20,83.2,7.1,0
4947,YouTube,Romance,2022,6,22,USA,9238,92850,11813,10,86.6,6.8,1
4948,YouTube,Drame,2023,5,40,Canada,349906,11138,1745,49,68.4,6.8,0
4949,YouTube,Thriller,2020,5,39,USA,81189,4124,362,14,66.0,5.9,0
4950,YouTube,Thriller,2018,6,55,Canada,4191,295,77,6,80.2,5.1,0
4951,YouTube,Action,2018,7,9,UK,54596,187,9,2,49.7,6.5,0
4952,YouTube,Documentaire,2015,1,32,USA,117568,5952,540,72,85.6,8.8,0
4953,YouTube,Comedie,2019,6,43,USA,333,17183,900,4,95.0,6.1,0
4954,YouTube,Thriller,2019,6,22,UK,3481,5026,343,205,49.0,8.1,0
4955,YouTube,Comedie,2016,4,50,USA,45502,214034,18501,950,77.1,5.9,1
4956,YouTube,Comedie,2021,5,6,France,469,541,81,2,64.3,3.7,0
4957,YouTube,Thriller,2022,6,9,USA,644,4667,626,69,82.5,5.7,0
4958,YouTube,Biopic,2017,5,48,Allemagne,12824,100,7,1,81.7,4.1,0
4959,YouTube,Biopic,2023,11,10,France,58870,5052,261,42,60.9,7.6,0
4960,YouTube,Thriller,2015,7,26,France,64574,117410,9947,1242,84.1,3.8,1
4961,YouTube,Romance,2023,7,19,France,521674,220,26,1,62.7,6.6,0
4962,YouTube,Biopic,2021,4,42,France,25965,24473,1522,113,30.3,5.4,0
4963,YouTube,Drame,2017,11,3,Espagne,10453,109381,14360,847,67.2,5.6,1
4964,YouTube,Biopic,2020,1,23,USA,1612,531,18,5,74.0,7.8,0
4965,YouTube,Comedie,2017,7,59,UK,10206,9579,1329,10,62.3,6.3,0
4966,YouTube,Drame,2022,3,24,Canada,90676,154674,8700,1077,27.4,6.5,1
4967,YouTube,Thriller,2016,10,37,USA,99254,5303,602,164,70.7,6.4,0
4968,YouTube,Action,2017,5,59,Canada,37392,21306,3776,269,48.9,5.9,0
4969,YouTube,Horreur,2017,4,37,Espagne,65790,100,10,1,71.9,5.3,0
4970,YouTube,Horreur,2016,1,46,UK,282876,13264,1498,19,54.0,4.0,0
4971,YouTube,Thriller,2017,10,57,UK,25605,10862,1325,187,63.1,7.1,0
4972,YouTube,Horreur,2020,5,38,USA,339299,108,17,1,71.2,7.0,0
4973,YouTube,Documentaire,2020,4,50,Canada,5149,267,43,1,74.6,8.2,0
4974,YouTube,Horreur,2019,11,31,France,19023,13494,1147,106,88.5,7.1,0
4975,YouTube,Horreur,2016,1,49,UK,8419,1398,190,2,89.8,5.8,0
4976,YouTube,Romance,2016,6,39,USA,107517,48042,4397,241,83.4,6.3,0
4977,YouTube,Comedie,2023,2,22,USA,2895,6482,446,45,78.6,7.4,0
4978,YouTube,Biopic,2017,2,34,Allemagne,11573,3432,310,71,81.4,8.2,0
4979,YouTube,Animation,2015,1,22,UK,534,1946,369,12,61.9,5.9,0
4980,YouTube,Biopic,2019,3,25,France,72312,6196,858,17,84.6,8.2,0
4981,YouTube,Biopic,2015,12,19,UK,266620,22188,3852,473,80.0,6.4,0
4982,YouTube,Comedie,2018,6,30,Allemagne,136136,11323,1239,192,87.8,5.5,0
4983,YouTube,SF,2022,12,22,UK,111888,1035,169,10,91.7,5.5,0
4984,YouTube,Comedie,2017,4,38,Allemagne,118042,66078,4501,1226,29.1,6.1,0
4985,YouTube,Action,2021,10,24,Canada,89267,15432,1286,108,43.0,6.5,0
4986,YouTube,Biopic,2019,2,30,Allemagne,75266,7809,499,9,95.0,8.2,0
4987,YouTube,Biopic,2018,2,10,USA,85633,3748,761,23,88.7,9.3,0
4988,YouTube,Biopic,2020,1,25,USA,5935,10405,377,352,65.3,6.2,0
4989,YouTube,Horreur,2020,11,23,Canada,14759,100,8,0,83.4,4.4,0
4990,YouTube,Animation,2017,9,57,Allemagne,25348,5449,602,21,42.6,5.6,0
4991,YouTube,Romance,2017,9,28,France,11255,179954,19705,1707,44.9,6.1,1
4992,YouTube,Biopic,2023,12,4,France,960,5166,306,154,73.3,6.9,0
4993,YouTube,Romance,2016,4,20,USA,1863,3672,353,0,48.1,3.8,0
4994,YouTube,Animation,2023,9,44,Canada,34889,672,92,17,28.6,8.1,0
4995,YouTube,Drame,2019,7,12,Allemagne,134800,10217,1680,32,68.1,5.2,0
4996,YouTube,Documentaire,2023,7,12,USA,22441,1830,229,4,82.7,7.0,0
4997,YouTube,Horreur,2018,8,24,France,5551860,78688,13663,190,46.0,6.3,0
4998,YouTube,Animation,2020,6,23,USA,3499,344,28,3,54.2,5.5,0
4999,YouTube,SF,2020,1,30,Allemagne,53631,962,44,8,86.5,8.5,0
